name,position,team,xP,status,news,chance_of_playing_this_round,chance_of_playing_next_round,selected_by_percent,selected_rank,selected_rank_type,assists,bonus,bps,clean_sheets,clearances_blocks_interceptions,creativity,defensive_contribution,element,expected_assists,expected_goal_involvements,expected_goals,expected_goals_conceded,fixture,goals_conceded,goals_scored,ict_index,influence,kickoff_time,minutes,modified,opponent_team,own_goals,penalties_missed,penalties_saved,recoveries,red_cards,round,saves,selected,starts,tackles,team_a_score,team_h_score,threat,total_points,transfers_balance,transfers_in,transfers_out,value,was_home,yellow_cards
Regan Slater,MID,Hull City,,a,,,,2.8,110,37,1,0,20,1,0,19.3,3,290,0.44,0.44,0.00,1.83,4,0,0,3.8,18.4,2026-08-22T11:30:00Z,90,False,16,0,0,0,2,0,1,0,272889,1,1,0,2,0.0,6,0,0,0,45,True,0
Mohammed Kudus,MID,Spurs,,d,Thigh injury - 75% chance of playing,,75,0.1,419,167,0,0,0,0,0,0.0,0,512,0.00,0.00,0.00,0.00,2,0,0,0.0,0.0,2026-08-22T16:30:00Z,0,False,4,0,0,0,0,0,1,0,8272,0,0,0,3,0.0,0,0,0,0,65,False,0
Omar Marmoush,FWD,Man City,,a,,,,0.8,202,32,0,0,0,0,0,0.0,0,401,0.00,0.00,0.00,0.00,8,0,0,0.0,0.0,2026-08-23T13:00:00Z,0,False,3,0,0,0,0,0,1,0,80421,0,0,1,2,0.0,0,0,0,0,70,True,0
Tom Watson,MID,Brighton,,u,Has joined Leicester City on loan for the rest of the season,,0,0.0,593,258,0,0,0,0,0,0.0,0,133,0.00,0.00,0.00,0.00,7,0,0,0.0,0.0,2026-08-23T13:00:00Z,0,False,2,0,0,0,0,0,1,0,241,0,0,0,4,0.0,0,0,0,0,50,True,0
Brenden Aaronson,MID,Leeds,,a,,,,1.0,191,65,0,0,16,1,0,1.1,7,337,0.01,0.02,0.01,0.58,6,0,0,1.6,8.0,2026-08-22T14:00:00Z,81,False,18,0,0,0,6,0,1,0,87156,1,1,1,0,7.0,3,0,0,0,55,False,0
Jake Bidwell,DEF,Coventry City,,a,,,,0.1,441,153,0,0,0,0,0,0.0,0,178,0.00,0.00,0.00,0.00,1,0,0,0.0,0.0,2026-08-21T19:00:00Z,0,False,1,0,0,0,0,0,1,0,7091,0,0,0,3,0.0,0,0,0,0,40,False,0
Archie Gray,MID,Spurs,,a,,,,0.2,333,116,0,0,15,0,2,3.3,5,522,0.01,0.01,0.00,3.43,2,3,0,1.0,6.2,2026-08-22T16:30:00Z,85,False,4,0,0,0,2,0,1,0,19767,1,1,0,3,0.0,2,0,0,0,50,False,0
Brandon Austin,GK,Spurs,,a,,,,0.8,205,28,0,0,0,0,0,0.0,0,495,0.00,0.00,0.00,0.00,2,0,0,0.0,0.0,2026-08-22T16:30:00Z,0,False,4,0,0,0,0,0,1,0,78400,0,0,0,3,0.0,0,0,0,0,40,False,0
Fábio Freitas Gouveia Carvalho,MID,Brentford,,d,Lack of match fitness - 75% chance of playing,,75,0.0,541,224,0,0,0,0,0,0.0,0,100,0.00,0.00,0.00,0.00,2,0,0,0.0,0.0,2026-08-22T16:30:00Z,0,False,19,0,0,0,0,0,1,0,1459,0,0,0,3,0.0,0,0,0,0,50,True,0
Tom King,GK,Everton,,a,,,,0.0,505,56,0,0,0,0,0,0.0,0,228,0.00,0.00,0.00,0.00,3,0,0,0.0,0.0,2026-08-22T14:00:00Z,0,False,8,0,0,0,0,0,1,0,3498,0,0,0,2,0.0,0,0,0,0,45,True,0
Harvey Cartwright,GK,Hull City,,u,Has joined Grimsby Town on loan for the rest of the season,,0,0.0,563,67,0,0,0,0,0,0.0,0,275,0.00,0.00,0.00,0.00,4,0,0,0.0,0.0,2026-08-22T11:30:00Z,0,False,16,0,0,0,0,0,1,0,1022,0,0,0,2,0.0,0,0,0,0,40,True,0
Bradley Burrowes,MID,Aston Villa,,a,,,,0.7,222,74,0,0,0,0,0,0.0,0,50,0.00,0.00,0.00,0.00,7,0,0,0.0,0.0,2026-08-23T13:00:00Z,0,False,5,0,0,0,0,0,1,0,60228,0,0,0,4,0.0,0,0,0,0,45,False,0
Joao Gomes,MID,Aston Villa,,i,Calf injury - Unknown return date,,0,0.1,427,171,0,0,-2,0,1,11.0,7,54,0.01,0.01,0.00,2.58,7,4,0,1.2,1.0,2026-08-23T13:00:00Z,39,False,5,0,0,0,2,1,1,0,6573,1,4,0,4,0.0,-2,0,0,0,55,False,0
Nico González Iglesias,MID,Man City,,a,,,,0.1,399,154,0,0,0,0,0,0.0,0,405,0.00,0.00,0.00,0.00,8,0,0,0.0,0.0,2026-08-23T13:00:00Z,0,False,3,0,0,0,0,0,1,0,11878,0,0,1,2,0.0,0,0,0,0,55,True,0
Ellis Simms,FWD,Coventry City,,a,,,,0.8,203,33,0,0,7,0,1,12.3,3,195,0.01,0.01,0.00,1.60,1,3,0,1.7,2.6,2026-08-21T19:00:00Z,69,False,1,0,0,0,2,0,1,0,78607,1,0,0,3,2.0,2,0,0,0,50,False,0
David Raya Martín,GK,Arsenal,,a,,,,37.0,5,1,0,0,24,1,1,0.0,0,1,0.00,0.00,0.00,0.20,1,0,0,1.2,11.8,2026-08-21T19:00:00Z,90,False,7,0,0,0,8,0,1,1,3347153,1,0,0,3,0.0,6,0,0,0,60,True,0
Tyrick Mitchell,DEF,Crystal Palace,,a,,,,6.5,61,25,0,0,9,0,3,13.8,5,204,0.01,0.01,0.00,1.12,3,2,0,2.7,11.6,2026-08-22T14:00:00Z,90,False,9,0,0,0,4,0,1,0,580791,1,2,0,2,2.0,1,0,0,0,45,False,0
António João Pereira de Albuquerque Tavares da Silva,DEF,Bournemouth,,a,,,,0.3,313,116,0,0,5,0,13,0.3,13,566,0.00,0.00,0.00,2.25,8,2,0,3.2,31.4,2026-08-23T13:00:00Z,90,False,15,0,0,0,1,0,1,0,23702,1,0,1,2,0.0,2,0,0,0,50,False,1
Xavi Simons,MID,Spurs,,i,Knee injury - Unknown return date,,0,0.0,556,234,0,0,0,0,0,0.0,0,513,0.00,0.00,0.00,0.00,2,0,0,0.0,0.0,2026-08-22T16:30:00Z,0,False,4,0,0,0,0,0,1,0,1345,0,0,0,3,0.0,0,0,0,0,60,False,0
Wilfried Gnonto,MID,Leeds,,i,Hamstring injury - Unknown return date,,0,0.0,517,217,0,0,0,0,0,0.0,0,341,0.00,0.00,0.00,0.00,6,0,0,0.0,0.0,2026-08-22T14:00:00Z,0,False,18,0,0,0,0,0,1,0,2172,0,0,1,0,0.0,0,0,0,0,50,False,0
Trey Nyoni,MID,Liverpool,,a,,,,0.0,494,204,0,0,0,0,0,0.0,0,375,0.00,0.00,0.00,0.00,9,0,0,0.0,0.0,2026-08-23T15:30:00Z,0,False,17,0,0,0,0,0,1,0,3729,0,0,2,2,0.0,0,0,0,0,50,False,0
Jan Paul van Hecke,DEF,Spurs,,a,,,,9.4,44,16,0,0,3,0,7,2.8,9,112,0.03,0.03,0.00,3.87,2,3,0,3.3,28.2,2026-08-22T16:30:00Z,90,False,4,0,0,0,3,0,1,0,955905,1,2,0,3,2.0,1,0,0,0,50,False,0
Borna Sosa,DEF,Crystal Palace,,a,,,,0.0,525,176,0,0,0,0,0,0.0,0,205,0.00,0.00,0.00,0.00,3,0,0,0.0,0.0,2026-08-22T14:00:00Z,0,False,9,0,0,0,0,0,1,0,2785,0,0,0,2,0.0,0,0,0,0,45,False,0
Ayden Heaven,DEF,Man Utd,,a,,,,0.4,281,105,0,0,5,0,1,2.6,2,421,0.04,0.16,0.12,1.01,4,2,0,2.0,6.8,2026-08-22T11:30:00Z,90,False,11,0,0,0,4,0,1,0,33647,1,1,0,2,11.0,1,0,0,0,45,False,0
Ethan Ampadu,MID,Leeds,,a,,,,1.5,155,46,0,0,18,1,6,23.3,13,338,0.04,0.04,0.00,0.66,6,0,0,4.2,18.6,2026-08-22T14:00:00Z,90,False,18,0,0,0,5,0,1,0,132659,1,2,1,0,0.0,5,0,0,0,55,False,0
Sean Neave,FWD,Newcastle,,a,,,,0.7,213,36,0,0,0,0,0,0.0,0,466,0.00,0.00,0.00,0.00,9,0,0,0.0,0.0,2026-08-23T15:30:00Z,0,False,14,0,0,0,0,0,1,0,66588,0,0,2,2,0.0,0,0,0,0,45,True,0
Rico Lewis,DEF,Man City,,a,,,,0.2,345,131,0,0,-1,0,2,3.8,2,395,0.02,0.19,0.17,0.55,8,1,0,4.7,3.8,2026-08-23T13:00:00Z,56,False,3,0,0,0,0,0,1,0,18491,1,0,1,2,39.0,1,0,0,0,45,True,0
Jack Clarke,MID,Ipswich Town,,a,,,,0.3,306,103,0,1,27,0,0,0.6,2,313,0.00,0.10,0.10,0.03,5,0,1,5.2,33.6,2026-08-22T14:00:00Z,19,False,20,0,0,0,1,0,1,0,24135,0,1,1,2,18.0,7,0,0,0,55,True,0
Maxim De Cuyper,DEF,Brighton,,a,,,,1.7,140,58,1,2,46,1,1,45.3,4,115,0.21,1.68,1.47,0.29,7,0,1,12.9,40.6,2026-08-23T13:00:00Z,77,False,2,0,0,0,3,0,1,0,151636,1,3,0,4,43.0,17,0,0,0,45,True,0
Sam Szmodics,MID,Ipswich Town,,u,Has joined Derby County on loan for the rest of the season,,0,0.0,549,229,0,0,0,0,0,0.0,0,319,0.00,0.00,0.00,0.00,5,0,0,0.0,0.0,2026-08-22T14:00:00Z,0,False,20,0,0,0,0,0,1,0,1030,0,0,1,2,0.0,0,0,0,0,50,True,0
Oli McBurnie,FWD,Hull City,,a,,,,1.4,167,25,1,0,21,1,3,21.1,5,295,0.01,0.17,0.16,1.83,4,0,0,9.0,17.2,2026-08-22T11:30:00Z,90,False,16,0,0,0,2,0,1,0,113765,1,0,0,2,52.0,5,0,0,0,55,True,0
Zion Suzuki,GK,Aston Villa,,a,,,,0.4,273,37,0,0,0,0,0,0.0,0,597,0.00,0.00,0.00,0.00,7,0,0,0.0,0.0,2026-08-23T13:00:00Z,0,False,5,0,0,0,0,0,1,0,61739,0,0,0,4,0.0,0,0,0,0,50,False,0
Timothy Castagne,DEF,Fulham,,a,,,,0.3,302,112,2,0,21,0,5,27.8,6,258,0.18,0.27,0.09,2.24,10,3,0,8.9,38.0,2026-08-24T19:00:00Z,90,False,6,0,0,0,4,0,1,0,26346,1,1,3,2,23.0,6,0,0,0,45,True,1
Elliot Stroud,MID,Hull City,,a,,,,0.1,456,183,0,0,11,1,1,4.8,6,576,0.03,0.03,0.00,1.16,4,0,0,1.3,8.4,2026-08-22T11:30:00Z,70,False,16,0,0,0,2,0,1,0,6733,1,3,0,2,0.0,3,0,0,0,50,True,0
Tyrone Mings,DEF,Aston Villa,,a,,,,0.3,299,110,0,0,5,0,0,0.0,1,33,0.00,0.00,0.00,0.22,7,0,0,0.2,2.0,2026-08-23T13:00:00Z,16,False,5,0,0,0,0,0,1,0,29034,0,1,0,4,0.0,1,0,0,0,45,False,0
Joël Piroe,FWD,Leeds,,u,Has joined West Ham United on loan for the rest of the season,,0,0.3,309,54,0,0,0,0,0,0.0,0,348,0.00,0.00,0.00,0.00,6,0,0,0.0,0.0,2026-08-22T14:00:00Z,0,False,18,0,0,0,0,0,1,0,17239,0,0,1,0,0.0,0,0,0,0,50,False,0
Ben Davies,DEF,Spurs,,a,,,,1.0,187,70,0,0,0,0,0,0.0,0,508,0.00,0.00,0.00,0.00,2,0,0,0.0,0.0,2026-08-22T16:30:00Z,0,False,4,0,0,0,0,0,1,0,99420,0,0,0,3,0.0,0,0,0,0,40,False,0
Tyler Fredricson,DEF,Man Utd,,u,Has joined Lausanne-Sport permanently,,0,0.0,510,173,0,0,0,0,0,0.0,0,425,0.00,0.00,0.00,0.00,4,0,0,0.0,0.0,2026-08-22T11:30:00Z,0,False,11,0,0,0,0,0,1,0,2582,0,0,0,2,0.0,0,0,0,0,40,False,0
Jorrel Hato,DEF,Chelsea,,a,,,,0.5,255,95,0,0,5,0,1,12.3,3,148,0.03,0.04,0.01,1.05,10,2,0,3.2,8.4,2026-08-24T19:00:00Z,64,False,10,0,0,0,2,0,1,0,40724,1,2,3,2,11.0,1,0,0,0,45,False,0
Shea Lacey,MID,Man Utd,,a,,,,0.0,483,200,0,0,3,0,0,0.6,1,435,0.00,0.00,0.00,0.00,4,0,0,0.1,0.2,2026-08-22T11:30:00Z,10,False,11,0,0,0,1,0,1,0,4147,0,0,0,2,0.0,1,0,0,0,50,False,0
Saša Lukić,MID,Ipswich Town,,a,,,,0.1,410,161,1,0,22,0,2,14.8,6,267,0.02,0.02,0.00,0.66,5,1,0,4.0,23.4,2026-08-22T14:00:00Z,90,False,20,0,0,0,3,0,1,0,10816,1,1,1,2,2.0,5,0,0,0,50,True,0
Thomas Meunier,DEF,Sunderland,,a,,,100,0.3,308,115,0,0,5,0,2,5.3,4,541,0.08,0.16,0.08,1.80,5,2,0,3.0,13.8,2026-08-22T14:00:00Z,90,False,12,0,0,0,3,0,1,0,26928,1,2,1,2,11.0,1,0,0,0,45,False,0
Amadou Onana,MID,Aston Villa,,i,Knee injury - Unknown return date,,0,0.0,535,221,0,0,0,0,0,0.0,0,48,0.00,0.00,0.00,0.00,7,0,0,0.0,0.0,2026-08-23T13:00:00Z,0,False,5,0,0,0,0,0,1,0,2081,0,0,0,4,0.0,0,0,0,0,50,False,0
Chiedozie Ogbene,MID,Ipswich Town,,a,,,,0.0,552,231,0,0,0,0,0,0.0,0,314,0.00,0.00,0.00,0.00,5,0,0,0.0,0.0,2026-08-22T14:00:00Z,0,False,20,0,0,0,0,0,1,0,1539,0,0,1,2,0.0,0,0,0,0,50,True,0
Chadi Riad Dnanou,DEF,Crystal Palace,,a,,,,0.1,449,158,0,0,7,0,6,1.3,7,206,0.01,0.01,0.00,0.98,3,2,0,1.4,12.6,2026-08-22T14:00:00Z,72,False,9,0,0,0,3,0,1,0,6521,1,1,0,2,0.0,1,0,0,0,45,False,0
Tyler Fletcher,MID,Man Utd,,a,,,,0.3,286,95,0,0,0,0,0,0.0,0,438,0.00,0.00,0.00,0.00,4,0,0,0.0,0.0,2026-08-22T11:30:00Z,0,False,11,0,0,0,0,0,1,0,31336,0,0,0,2,0.0,0,0,0,0,45,False,0
Josh Acheampong,DEF,Chelsea,,a,,,,0.3,307,114,0,0,13,0,10,2.2,15,151,0.01,0.01,0.00,1.33,10,2,0,3.7,33.2,2026-08-24T19:00:00Z,90,False,10,0,0,0,6,0,1,0,24066,1,5,3,2,2.0,3,0,0,0,45,False,0
Melker Ellborg,GK,Sunderland,,a,,,,0.1,428,48,0,0,0,0,0,0.0,0,531,0.00,0.00,0.00,0.00,5,0,0,0.0,0.0,2026-08-22T14:00:00Z,0,False,12,0,0,0,0,0,1,0,8630,0,0,1,2,0.0,0,0,0,0,45,False,0
Daniel Ballard,DEF,Sunderland,,a,,,,5.3,66,27,0,0,4,0,7,1.2,9,532,0.01,0.01,0.00,1.80,5,2,0,1.9,18.2,2026-08-22T14:00:00Z,90,False,12,0,0,0,0,0,1,0,518741,1,2,1,2,0.0,0,0,0,0,50,False,1
Thierno Barry,FWD,Everton,,a,,,,1.3,173,26,0,2,37,1,0,19.0,3,249,0.09,0.54,0.45,1.62,3,0,1,9.8,38.0,2026-08-22T14:00:00Z,78,False,8,0,0,0,2,0,1,0,117327,1,1,0,2,41.0,8,0,0,0,55,True,0
Thimothée Lo-Tutala,GK,Hull City,,u,Has joined Colchester United on loan for the rest of the season,,0,0.1,475,52,0,0,0,0,0,0.0,0,276,0.00,0.00,0.00,0.00,4,0,0,0.0,0.0,2026-08-22T11:30:00Z,0,False,16,0,0,0,0,0,1,0,3519,0,0,0,2,0.0,0,0,0,0,40,True,0
Valentín Barco,MID,Chelsea,,a,,,,0.1,400,155,0,0,0,0,0,0.0,0,568,0.00,0.00,0.00,0.00,10,0,0,0.0,0.0,2026-08-24T19:00:00Z,0,False,10,0,0,0,0,0,1,0,12041,0,0,3,2,0.0,0,0,0,0,55,False,0
Lucas Digne,DEF,Aston Villa,,u,Has joined Paris Saint-Germain permanently,,0,0.2,334,125,0,0,0,0,0,0.0,0,30,0.00,0.00,0.00,0.00,7,0,0,0.0,0.0,2026-08-23T13:00:00Z,0,False,5,0,0,0,0,0,1,0,13780,0,0,0,4,0.0,0,0,0,0,45,False,0
Pedro Lomba Neto,MID,Chelsea,,a,,,,1.3,169,54,0,0,9,0,0,4.1,4,156,0.07,0.10,0.03,0.22,10,0,0,1.3,5.2,2026-08-24T19:00:00Z,14,False,10,0,0,0,3,0,1,0,116795,0,1,3,2,4.0,1,0,0,0,65,False,0
Mateo Kovačić,MID,Man City,,a,,,,0.1,464,188,0,0,3,0,0,2.1,2,406,0.01,0.01,0.00,0.10,8,0,0,0.4,2.2,2026-08-23T13:00:00Z,27,False,3,0,0,0,2,0,1,0,6303,0,0,1,2,0.0,1,0,0,0,55,True,0
Dan Ndoye,MID,Nott'm Forest,,a,,,,0.5,260,83,0,0,5,1,1,2.5,3,483,0.00,0.00,0.00,0.25,6,0,0,0.4,1.4,2026-08-22T14:00:00Z,61,False,13,0,0,0,1,0,1,0,39539,1,1,1,0,0.0,3,0,0,0,55,True,0
Calvin Bassey,DEF,Fulham,,a,,,,0.7,218,83,0,0,1,0,3,3.8,4,257,0.02,0.04,0.02,2.24,10,3,0,2.0,13.8,2026-08-24T19:00:00Z,90,False,6,0,0,0,4,0,1,0,64737,1,1,3,2,2.0,0,0,0,0,45,True,1
Trevoh Chalobah,DEF,Chelsea,,u,Has joined Como permanently,,0,0.3,291,107,0,0,0,0,0,0.0,0,143,0.00,0.00,0.00,0.00,10,0,0,0.0,0.0,2026-08-24T19:00:00Z,0,False,10,0,0,0,0,0,1,0,21121,0,0,3,2,0.0,0,0,0,0,55,False,0
Murillo Costa dos Santos,DEF,Nott'm Forest,,a,,,100,1.5,159,66,0,0,15,0,12,25.9,14,472,0.28,0.28,0.00,0.47,6,1,0,5.8,32.2,2026-08-22T14:00:00Z,90,False,13,0,0,0,3,0,1,0,134909,1,2,1,0,0.0,4,0,0,0,55,True,0
Kosta Nedeljkovic,DEF,Aston Villa,,u,Has joined Rangers on loan for the rest of the season,,0,0.5,259,97,0,0,0,0,0,0.0,0,39,0.00,0.00,0.00,0.00,7,0,0,0.0,0.0,2026-08-23T13:00:00Z,0,False,5,0,0,0,0,0,1,0,29043,0,0,0,4,0.0,0,0,0,0,40,False,0
Sindre Walle Egeli,FWD,Ipswich Town,,a,,,,2.2,121,16,0,0,3,0,0,0.1,0,321,0.00,0.00,0.00,0.03,5,0,0,0.0,0.0,2026-08-22T14:00:00Z,10,False,20,0,0,0,0,0,1,0,199675,0,0,1,2,0.0,1,0,0,0,45,True,0
Noah Okafor,MID,Leeds,,a,,,,0.5,249,82,0,0,10,0,1,14.0,5,336,0.16,0.16,0.00,0.13,6,0,0,2.8,10.0,2026-08-22T14:00:00Z,24,False,18,0,0,0,2,0,1,0,45369,0,2,1,0,4.0,1,0,0,0,60,False,0
Florentino Ibrain Morris Luís,MID,Ipswich Town,,a,,,,0.1,401,156,0,0,0,0,0,0.0,0,571,0.00,0.00,0.00,0.00,5,0,0,0.0,0.0,2026-08-22T14:00:00Z,0,False,20,0,0,0,0,0,1,0,12850,0,0,1,2,0.0,0,0,0,0,50,True,0
Jérémy Doku,MID,Man City,,d,Calf injury - 75% chance of playing,,75,3.2,99,34,0,0,0,0,0,0.0,0,400,0.00,0.00,0.00,0.00,8,0,0,0.0,0.0,2026-08-23T13:00:00Z,0,False,3,0,0,0,0,0,1,0,191182,0,0,1,2,0.0,0,0,0,0,75,True,0
Mikey Moore,MID,Spurs,,a,,,,0.2,355,126,0,0,10,0,0,5.9,2,523,0.02,0.40,0.38,3.02,2,3,0,7.5,14.2,2026-08-22T16:30:00Z,67,False,4,0,0,0,1,0,1,0,17505,1,1,0,3,55.0,2,0,0,0,50,False,0
Tatsuhiro Sakamoto,MID,Coventry City,,a,,,,0.1,407,160,0,0,0,0,0,0.0,0,185,0.00,0.00,0.00,0.00,1,0,0,0.0,0.0,2026-08-21T19:00:00Z,0,False,1,0,0,0,0,0,1,0,10294,0,0,0,3,0.0,0,0,0,0,50,False,0
Jair Paula da Cunha Filho,DEF,Nott'm Forest,,a,,,,0.2,327,123,0,0,5,0,7,1.3,8,474,0.00,0.00,0.00,0.47,6,1,0,2.2,20.8,2026-08-22T14:00:00Z,90,False,13,0,0,0,0,0,1,0,19663,1,1,1,0,0.0,1,0,0,0,45,True,1
Malick Yalcouyé,MID,Brighton,0.0,,,,,,,,0,0,3,0,0,2.7,0,605,0.01,0.01,0.00,0.00,7,0,0,0.3,0.6,2026-08-23T13:00:00Z,4,False,2,0,0,0,0,0,1,0,0,0,0,0,4,0.0,1,0,0,0,45,True,0
Roméo Lavia,MID,Chelsea,,a,,,,0.1,481,199,0,0,8,0,2,21.9,9,161,0.03,0.24,0.21,1.05,10,2,0,6.9,13.6,2026-08-24T19:00:00Z,64,False,10,0,0,0,4,0,1,0,4654,1,3,3,2,33.0,1,0,0,0,50,False,1
Igor Jesus Maciel da Cruz,FWD,Nott'm Forest,,a,,,,4.5,72,12,0,0,8,0,2,6.8,3,491,0.02,0.24,0.22,0.47,6,1,0,4.3,5.2,2026-08-22T14:00:00Z,90,False,13,0,0,0,1,0,1,0,389784,1,0,1,0,31.0,2,0,0,0,60,True,0
Alex Tóth,MID,Bournemouth,,a,,,,0.0,567,238,0,0,5,0,0,0.6,2,76,0.00,0.00,0.00,0.31,8,2,0,0.3,2.8,2026-08-23T13:00:00Z,15,False,15,0,0,0,1,0,1,0,1238,0,1,1,2,0.0,1,0,0,0,50,False,0
Alfie McNally,GK,Fulham,,a,,,,0.2,385,42,0,0,0,0,0,0.0,0,252,0.00,0.00,0.00,0.00,10,0,0,0.0,0.0,2026-08-24T19:00:00Z,0,False,6,0,0,0,0,0,1,0,13569,0,0,3,2,0.0,0,0,0,0,40,True,0
Claudio Echeverri,MID,Man City,,a,,,,0.0,553,232,0,0,0,0,0,0.0,0,407,0.00,0.00,0.00,0.00,8,0,0,0.0,0.0,2026-08-23T13:00:00Z,0,False,3,0,0,0,0,0,1,0,1572,0,0,1,2,0.0,0,0,0,0,50,True,0
Kjell Scherpen,GK,Ipswich Town,,a,,,,0.6,236,31,0,0,12,0,1,0.0,0,564,0.00,0.00,0.00,0.66,5,1,0,1.4,14.4,2026-08-22T14:00:00Z,90,False,20,0,0,0,10,0,1,2,57252,1,0,1,2,0.0,2,0,0,0,45,True,0
Reinildo Mandava,DEF,Sunderland,,a,,,,0.5,254,94,0,0,9,0,5,27.5,8,536,0.29,0.29,0.00,1.80,5,2,0,5.5,23.0,2026-08-22T14:00:00Z,90,False,12,0,0,0,5,0,1,0,43515,1,3,1,2,4.0,1,0,0,0,45,False,0
Fabian Schär,DEF,Newcastle,,a,,,100,0.2,332,124,0,0,-1,0,0,0.0,0,446,0.00,0.00,0.00,0.79,9,1,0,0.0,0.0,2026-08-23T15:30:00Z,1,False,14,0,0,0,0,0,1,0,20496,0,0,2,2,0.0,1,0,0,0,50,True,0
Milos Kerkez,DEF,Liverpool,,a,,,,3.9,81,30,0,0,3,0,4,13.8,7,358,0.02,0.04,0.02,1.58,9,2,0,4.4,18.0,2026-08-23T15:30:00Z,90,False,17,0,0,0,3,0,1,0,332539,1,3,2,2,12.0,0,0,0,0,55,False,1
Guglielmo Vicario,GK,Spurs,,u,Has joined Juventus on loan for the rest of the season,,0,0.6,244,32,0,0,0,0,0,0.0,0,494,0.00,0.00,0.00,0.00,2,0,0,0.0,0.0,2026-08-22T16:30:00Z,0,False,4,0,0,0,0,0,1,0,35657,0,0,0,3,0.0,0,0,0,0,45,False,0
Oscar Bobb,MID,Fulham,,a,,,,0.3,297,98,0,0,10,0,1,13.8,6,264,0.26,0.26,0.00,2.21,10,3,0,3.0,9.8,2026-08-24T19:00:00Z,66,False,6,0,0,0,2,0,1,0,26829,1,3,3,2,6.0,2,0,0,0,55,True,0
Dilane Bakwa,MID,Nott'm Forest,,a,,,,0.0,559,235,0,0,0,0,0,0.0,0,485,0.00,0.00,0.00,0.00,6,0,0,0.0,0.0,2026-08-22T14:00:00Z,0,False,13,0,0,0,0,0,1,0,1373,0,0,1,0,0.0,0,0,0,0,55,True,0
Kasey McAteer,MID,Ipswich Town,,a,,,,1.4,162,50,0,0,4,0,0,1.3,3,323,0.00,0.00,0.00,0.03,5,0,0,0.3,1.2,2026-08-22T14:00:00Z,24,False,20,0,0,0,2,0,1,0,130440,0,1,1,2,0.0,1,0,0,0,45,True,0
Samuel Iling-Junior,MID,Aston Villa,,u,Has joined Bolton Wanderers on loan for the rest of the season,,0,0.0,589,255,0,0,0,0,0,0.0,0,49,0.00,0.00,0.00,0.00,7,0,0,0.0,0.0,2026-08-23T13:00:00Z,0,False,5,0,0,0,0,0,1,0,394,0,0,0,4,0.0,0,0,0,0,50,False,0
Boubacar Kamara,MID,Aston Villa,,a,,,100,0.3,293,97,0,0,9,0,3,2.8,7,47,0.00,0.00,0.00,3.77,7,4,0,1.4,11.2,2026-08-23T13:00:00Z,90,False,5,0,0,0,2,0,1,0,31172,1,2,0,4,0.0,2,0,0,0,50,False,0
Max Alleyne,DEF,Man City,,u,Has joined Burnley on loan for the rest of the season,,0,0.0,558,189,0,0,0,0,0,0.0,0,394,0.00,0.00,0.00,0.00,8,0,0,0.0,0.0,2026-08-23T13:00:00Z,0,False,3,0,0,0,0,0,1,0,1089,0,0,1,2,0.0,0,0,0,0,50,True,0
Marc Guiu Paz,FWD,Chelsea,,a,,,,0.5,258,45,0,0,0,0,0,0.0,0,168,0.00,0.00,0.00,0.00,10,0,0,0.0,0.0,2026-08-24T19:00:00Z,0,False,10,0,0,0,0,0,1,0,42801,0,0,3,2,0.0,0,0,0,0,50,False,0
Dominic Calvert-Lewin,FWD,Leeds,,a,,,,30.3,8,3,0,0,-2,1,0,0.8,2,346,0.00,0.13,0.13,0.66,6,0,0,0.7,0.0,2026-08-22T14:00:00Z,90,False,18,0,0,0,2,0,1,0,2823371,1,0,1,0,11.0,1,0,0,0,60,False,1
Aurèle Amenda,DEF,Coventry City,,a,,,,0.8,204,77,0,0,1,0,9,0.8,9,182,0.01,0.01,0.00,1.88,1,3,0,3.0,28.8,2026-08-21T19:00:00Z,90,False,1,0,0,0,4,0,1,0,75420,1,0,0,3,0.0,1,0,0,0,40,False,0
Ibrahim Osman,MID,Brighton,0.0,,,,,,,,0,0,7,0,0,15.4,2,600,0.05,0.05,0.00,0.00,7,0,0,2.4,4.2,2026-08-23T13:00:00Z,12,False,2,0,0,0,2,0,1,0,633,0,0,0,4,4.0,1,0,0,0,50,True,0
Jayden Lienou,DEF,Leeds,0.0,,,,,,,,0,0,0,0,0,0.0,0,603,0.00,0.00,0.00,0.00,6,0,0,0.0,0.0,2026-08-22T14:00:00Z,0,False,18,0,0,0,0,0,1,0,0,0,0,1,0,0.0,0,0,0,0,40,False,0
Bobby Thomas,DEF,Coventry City,,a,,,,7.9,53,21,0,0,11,0,9,11.2,10,173,0.01,0.03,0.02,1.88,1,3,0,3.5,23.2,2026-08-21T19:00:00Z,90,False,1,0,0,0,2,0,1,0,721945,1,1,0,3,1.0,3,0,0,0,40,False,0
Antonee Robinson,DEF,Fulham,,a,,,,1.8,131,53,0,0,4,0,4,25.2,7,254,0.04,0.17,0.13,2.21,10,3,0,5.0,21.6,2026-08-24T19:00:00Z,81,False,6,0,0,0,5,0,1,0,148513,1,3,3,2,3.0,1,0,0,0,45,True,0
Andrey Nascimento dos Santos,MID,Man Utd,,a,,,,1.1,184,62,0,0,17,0,3,4.2,9,162,0.23,0.23,0.00,0.94,4,2,0,1.8,11.4,2026-08-22T11:30:00Z,66,False,11,0,0,0,5,0,1,0,93940,1,1,0,2,2.0,2,0,0,0,50,False,0
Oliver Dovin,GK,Coventry City,,a,,,,1.7,133,20,0,0,0,0,0,0.0,0,171,0.00,0.00,0.00,0.00,1,0,0,0.0,0.0,2026-08-21T19:00:00Z,0,False,1,0,0,0,0,0,1,0,142267,0,0,0,3,0.0,0,0,0,0,40,False,0
Ryan Gravenberch,MID,Liverpool,,a,,,,1.9,128,41,1,0,26,0,2,16.0,11,371,0.05,0.11,0.06,1.10,9,2,0,4.4,24.4,2026-08-23T15:30:00Z,77,False,17,0,0,0,8,0,1,0,172067,1,1,2,2,4.0,5,0,0,0,60,False,0
Christian Nørgaard,MID,Everton,,d,Unspecified injury - 25% chance of playing,,25,0.2,372,137,0,0,0,0,0,0.0,0,21,0.00,0.00,0.00,0.00,3,0,0,0.0,0.0,2026-08-22T14:00:00Z,0,False,8,0,0,0,0,0,1,0,10920,0,0,0,2,0.0,0,0,0,0,50,True,0
Nico Elvedi,DEF,Leeds,,a,,,,0.0,573,194,0,0,0,0,0,0.0,0,598,0.00,0.00,0.00,0.00,6,0,0,0.0,0.0,2026-08-22T14:00:00Z,0,False,18,0,0,0,0,0,1,0,1842,0,0,1,0,0.0,0,0,0,0,45,False,0
Matz Sels,GK,Nott'm Forest,,a,,,,1.6,150,23,0,0,11,0,0,0.0,0,467,0.00,0.00,0.00,0.47,6,1,0,1.4,14.2,2026-08-22T14:00:00Z,90,False,13,0,0,0,9,0,1,2,140711,1,0,1,0,0.0,2,0,0,0,50,True,0
Daniel James,MID,Leeds,,a,,,,0.1,406,159,0,0,0,0,0,0.0,0,343,0.00,0.00,0.00,0.00,6,0,0,0.0,0.0,2026-08-22T14:00:00Z,0,False,18,0,0,0,0,0,1,0,11272,0,0,1,0,0.0,0,0,0,0,50,False,0
Noni Madueke,MID,Arsenal,,a,,,,0.3,290,96,0,0,8,0,0,43.1,2,16,0.04,0.04,0.00,0.15,1,0,0,5.3,9.4,2026-08-21T19:00:00Z,22,False,7,0,0,0,2,0,1,0,30442,0,0,0,3,0.0,1,0,0,0,65,True,0
Jahnoah Markelo,FWD,Coventry City,,u,Has joined Shabab Al-Ahli Dubai permanently,,0,0.0,527,70,0,0,0,0,0,0.0,0,196,0.00,0.00,0.00,0.00,1,0,0,0.0,0.0,2026-08-21T19:00:00Z,0,False,1,0,0,0,0,0,1,0,1827,0,0,0,3,0.0,0,0,0,0,50,False,0
Curtis Jones,MID,Liverpool,,d,Hip injury - 75% chance of playing,,75,0.1,459,186,0,0,0,0,0,0.0,0,373,0.00,0.00,0.00,0.00,9,0,0,0.0,0.0,2026-08-23T15:30:00Z,0,False,17,0,0,0,0,0,1,0,4822,0,0,2,2,0.0,0,0,0,0,55,False,0
Matheus França de Oliveira,MID,Crystal Palace,,a,,,,0.0,504,211,0,0,0,0,0,0.0,0,217,0.00,0.00,0.00,0.00,3,0,0,0.0,0.0,2026-08-22T14:00:00Z,0,False,9,0,0,0,0,0,1,0,3157,0,0,0,2,0.0,0,0,0,0,50,False,0
Cristian Romero,DEF,Spurs,,u,Has joined Atletico Madrid permanently,,0,0.4,276,102,0,0,0,0,0,0.0,0,500,0.00,0.00,0.00,0.00,2,0,0,0.0,0.0,2026-08-22T16:30:00Z,0,False,4,0,0,0,0,0,1,0,25814,0,0,0,3,0.0,0,0,0,0,50,False,0
Johan Manzambi,MID,Aston Villa,,i,Knee injury - Unknown return date,,0,0.4,269,89,0,0,0,0,0,0.0,0,53,0.00,0.00,0.00,0.00,7,0,0,0.0,0.0,2026-08-23T13:00:00Z,0,False,5,0,0,0,0,0,1,0,26624,0,0,0,4,0.0,0,0,0,0,60,False,0
Shea Charles,MID,Fulham,,a,,,,0.1,433,174,0,0,5,0,0,1.3,3,580,0.00,0.00,0.00,0.03,10,0,0,0.5,3.4,2026-08-24T19:00:00Z,23,False,6,0,0,0,2,0,1,0,8110,0,1,3,2,0.0,1,0,0,0,50,True,0
Viktor Gyökeres,FWD,Arsenal,,a,,,,9.7,42,8,0,0,0,0,0,0.0,0,25,0.00,0.00,0.00,0.00,1,0,0,0.0,0.0,2026-08-21T19:00:00Z,0,False,7,0,0,0,0,0,1,0,816962,0,0,0,3,0.0,0,0,0,0,75,True,0
Jack Rudoni,MID,Coventry City,,a,,,100,0.1,403,158,0,0,3,0,0,3.8,5,183,0.00,0.15,0.15,0.29,1,0,0,2.6,5.6,2026-08-21T19:00:00Z,20,False,1,0,0,0,4,0,1,0,13002,0,1,0,3,17.0,1,0,0,0,50,False,0
Anthony Patterson,GK,Sunderland,,u,Has joined Wrexham permanently,,0,0.3,311,38,0,0,0,0,0,0.0,0,530,0.00,0.00,0.00,0.00,5,0,0,0.0,0.0,2026-08-22T14:00:00Z,0,False,12,0,0,0,0,0,1,0,18557,0,0,1,2,0.0,0,0,0,0,40,False,0
Lukas Nmecha,FWD,Leeds,,a,,,,0.6,237,40,0,0,0,0,0,0.0,0,347,0.00,0.00,0.00,0.00,6,0,0,0.0,0.0,2026-08-22T14:00:00Z,0,False,18,0,0,0,0,0,1,0,53564,0,0,1,0,0.0,0,0,0,0,55,False,0
Gabriel Gudmundsson,DEF,Leeds,,i,Hamstring injury - Unknown return date,,0,0.1,450,159,0,0,0,0,0,0.0,0,331,0.00,0.00,0.00,0.00,6,0,0,0.0,0.0,2026-08-22T14:00:00Z,0,False,18,0,0,0,0,0,1,0,5099,0,0,1,0,0.0,0,0,0,0,45,False,0
Bryan Mbeumo,MID,Man Utd,,a,,,,36.5,6,3,0,0,12,0,0,28.1,4,427,0.23,0.73,0.50,1.01,4,2,0,8.7,9.6,2026-08-22T11:30:00Z,90,False,11,0,0,0,4,0,1,0,3492739,1,0,0,2,49.0,2,0,0,0,80,False,0
Conor Bradley,DEF,Liverpool,,i,Knee injury - Unknown return date,,0,0.0,571,193,0,0,0,0,0,0.0,0,360,0.00,0.00,0.00,0.00,9,0,0,0.0,0.0,2026-08-23T15:30:00Z,0,False,17,0,0,0,0,0,1,0,957,0,0,2,2,0.0,0,0,0,0,50,False,0
Eberechi Eze,MID,Arsenal,,a,,,,2.2,123,39,0,0,4,0,0,1.8,2,14,0.00,0.04,0.04,0.15,1,0,0,0.1,0.0,2026-08-21T19:00:00Z,14,False,7,0,0,0,2,0,1,0,188164,0,0,0,3,1.0,1,0,0,0,65,True,0
Emiliano Martínez Romero,GK,Aston Villa,,a,,,,4.5,75,11,0,0,0,0,0,0.0,0,28,0.00,0.00,0.00,0.00,7,0,0,0.0,0.0,2026-08-23T13:00:00Z,0,False,5,0,0,0,0,0,1,0,388040,0,0,0,4,0.0,0,0,0,0,50,False,0
Facundo Buonanotte,MID,Brighton,,u,Has joined Elche on loan for the rest of the season,,0,0.0,582,249,0,0,0,0,0,0.0,0,128,0.00,0.00,0.00,0.00,7,0,0,0.0,0.0,2026-08-23T13:00:00Z,0,False,2,0,0,0,0,0,1,0,528,0,0,0,4,0.0,0,0,0,0,50,True,0
Mats Wieffer,DEF,Brighton,,a,,,,0.3,314,117,0,1,32,1,4,26.3,8,130,0.05,0.14,0.09,0.29,7,0,0,4.9,16.6,2026-08-23T13:00:00Z,77,False,2,0,0,0,5,0,1,0,22925,1,4,0,4,6.0,7,0,0,0,50,True,0
Rodrigo Bentancur,MID,Spurs,,a,,,,0.2,351,124,0,0,8,0,0,14.7,5,516,0.01,0.01,0.00,2.18,2,1,0,1.7,2.0,2026-08-22T16:30:00Z,45,False,4,0,0,0,2,0,1,0,17403,0,3,0,3,0.0,1,0,0,0,55,False,0
Semi Ajayi,DEF,Hull City,,a,,,,0.9,195,72,0,2,39,1,7,0.2,7,279,0.00,0.52,0.52,0.86,4,0,1,7.9,44.2,2026-08-22T11:30:00Z,63,False,16,0,0,0,3,0,1,0,83256,1,0,0,2,35.0,14,0,0,0,40,True,0
Keane Lewis-Potter,MID,Brentford,,a,,,,0.4,263,84,0,2,37,1,4,15.9,10,86,0.12,0.89,0.77,0.57,2,0,1,8.2,47.2,2026-08-22T16:30:00Z,90,False,19,0,0,0,5,0,1,0,38558,1,1,0,3,19.0,10,0,0,0,55,True,0
Levi Samuels Colwill,DEF,Chelsea,,a,,,,1.6,147,61,0,0,6,0,2,1.6,4,149,0.03,0.04,0.01,1.33,10,2,0,1.5,6.0,2026-08-24T19:00:00Z,90,False,10,0,0,0,3,0,1,0,142918,1,2,3,2,7.0,0,0,0,0,50,False,1
Junior Kroupi,MID,Bournemouth,,i,Foot injury - Unknown return date,,0,0.7,214,70,0,0,0,0,0,0.0,0,78,0.00,0.00,0.00,0.00,8,0,0,0.0,0.0,2026-08-23T13:00:00Z,0,False,15,0,0,0,0,0,1,0,42378,0,0,1,2,0.0,0,0,0,0,75,False,0
Cody Drameh,DEF,Hull City,,i,Hamstring injury - Expected back 29 Aug,,0,0.0,565,191,0,0,4,0,2,0.0,3,281,0.00,0.05,0.05,0.67,4,0,0,0.3,2.2,2026-08-22T11:30:00Z,20,False,16,0,0,0,2,0,1,0,1668,0,1,0,2,1.0,1,0,0,0,40,True,0
Andrew Robertson,DEF,Spurs,,a,,,,3.6,83,32,0,0,13,0,9,19.2,11,502,0.06,0.06,0.00,3.87,2,3,0,5.3,31.8,2026-08-22T16:30:00Z,90,False,4,0,0,0,3,0,1,0,350993,1,2,0,3,2.0,3,0,0,0,45,False,0
Cameron Humphreys,MID,Ipswich Town,0.0,,,,,,,,0,0,0,0,0,0.0,0,602,0.00,0.00,0.00,0.00,5,0,0,0.0,0.0,2026-08-22T14:00:00Z,0,False,20,0,0,0,0,0,1,0,0,0,0,1,2,0.0,0,0,0,0,45,True,0
Chuba Akpom,FWD,Ipswich Town,,a,,,,0.5,250,43,0,0,3,0,0,0.0,3,320,0.00,0.00,0.00,0.03,5,0,0,0.3,1.4,2026-08-22T14:00:00Z,24,False,20,0,0,0,2,0,1,0,47871,0,1,1,2,2.0,1,0,0,0,50,True,0
João Victor de Souza Menezes,DEF,Spurs,,a,,,,0.3,301,111,0,0,0,0,0,0.0,0,511,0.00,0.00,0.00,0.00,2,0,0,0.0,0.0,2026-08-22T16:30:00Z,0,False,4,0,0,0,0,0,1,0,27254,0,0,0,3,0.0,0,0,0,0,40,False,0
Robert Lynch Sánchez,GK,Chelsea,,a,,,,2.3,119,19,0,0,6,0,1,0.0,0,140,0.01,0.01,0.00,1.33,10,2,0,2.1,21.4,2026-08-24T19:00:00Z,90,False,10,0,0,0,5,0,1,4,207899,1,0,3,2,0.0,2,0,0,0,50,False,0
Reece James,DEF,Chelsea,,a,,,,9.4,45,17,0,0,5,0,6,16.8,6,142,0.07,0.17,0.10,1.33,10,2,0,5.9,23.4,2026-08-24T19:00:00Z,90,False,10,0,0,0,4,0,1,0,879361,1,0,3,2,19.0,0,0,0,0,55,False,1
Florian Wirtz,MID,Liverpool,,a,,,,13.2,32,10,0,0,16,0,0,17.9,5,366,0.04,0.30,0.26,0.51,9,2,0,5.7,9.8,2026-08-23T15:30:00Z,62,False,17,0,0,0,4,0,1,0,1122658,1,1,2,2,29.0,2,0,0,0,75,False,0
Caleb Yirenkyi,MID,Coventry City,,a,,,,0.3,323,110,0,0,2,0,0,3.1,3,575,0.00,0.00,0.00,1.56,1,3,0,0.0,0.0,2026-08-21T19:00:00Z,61,False,1,0,0,0,3,0,1,0,23536,1,0,0,3,0.0,1,0,0,0,50,False,1
Emersonn Correia da Silva,FWD,Ipswich Town,,a,,,,0.4,282,48,0,3,41,0,1,26.3,3,316,0.06,0.88,0.82,0.63,5,1,1,11.2,45.6,2026-08-22T14:00:00Z,65,False,20,0,0,0,1,0,1,0,33590,1,1,1,2,40.0,9,0,0,0,55,True,0
Fábio Ferreira Vieira,MID,Arsenal,,a,,,,0.0,577,244,0,0,0,0,0,0.0,0,23,0.00,0.00,0.00,0.00,1,0,0,0.0,0.0,2026-08-21T19:00:00Z,0,False,7,0,0,0,0,0,1,0,892,0,0,0,3,0.0,0,0,0,0,55,True,0
George Hemmings,MID,Aston Villa,,a,,,,0.6,229,75,0,0,12,0,0,11.6,5,51,0.00,0.00,0.00,3.77,7,4,0,2.4,10.6,2026-08-23T13:00:00Z,90,False,5,0,0,0,2,0,1,0,60759,1,3,0,4,2.0,2,0,0,0,45,False,0
Abu Kamara,MID,Hull City,,u,Has joined Portsmouth permanently,,0,0.0,581,248,0,0,0,0,0,0.0,0,293,0.00,0.00,0.00,0.00,4,0,0,0.0,0.0,2026-08-22T11:30:00Z,0,False,16,0,0,0,0,0,1,0,555,0,0,0,2,0.0,0,0,0,0,50,True,0
Rio Ngumoha,MID,Liverpool,,a,,,,1.2,176,58,0,0,9,0,0,6.0,3,369,0.02,0.06,0.04,0.51,9,2,0,1.3,2.4,2026-08-23T15:30:00Z,62,False,17,0,0,0,2,0,1,0,104767,1,1,2,2,5.0,2,0,0,0,60,False,0
Joe Gomez,DEF,Liverpool,,i,Muscular injury - Unknown return date,,0,0.0,538,182,0,0,0,0,0,0.0,0,359,0.00,0.00,0.00,0.00,9,0,0,0.0,0.0,2026-08-23T15:30:00Z,0,False,17,0,0,0,0,0,1,0,1714,0,0,2,2,0.0,0,0,0,0,50,False,0
Zadok Yohanna,MID,Brighton,,a,,,,0.1,447,179,0,0,3,0,0,1.3,0,135,0.03,0.03,0.00,0.00,7,0,0,0.2,0.2,2026-08-23T13:00:00Z,12,False,2,0,0,0,0,0,1,0,6623,0,0,0,4,0.0,1,0,0,0,50,True,0
Mark Travers,GK,Everton,,a,,,,0.0,518,59,0,0,0,0,0,0.0,0,227,0.00,0.00,0.00,0.00,3,0,0,0.0,0.0,2026-08-22T14:00:00Z,0,False,8,0,0,0,0,0,1,0,3019,0,0,0,2,0.0,0,0,0,0,50,True,0
Alexis Mac Allister,MID,Liverpool,,a,,,,1.7,134,42,0,0,9,0,0,1.4,3,372,0.01,0.01,0.00,1.07,9,0,0,0.7,5.8,2026-08-23T15:30:00Z,27,False,17,0,0,0,1,0,1,0,151941,0,2,2,2,0.0,1,0,0,0,55,False,0
Benjamin Lecomte,GK,Fulham,,a,,,,1.3,172,25,0,0,0,0,0,0.0,0,251,0.00,0.00,0.00,0.00,10,0,0,0.0,0.0,2026-08-24T19:00:00Z,0,False,6,0,0,0,0,0,1,0,107540,0,0,3,2,0.0,0,0,0,0,40,True,0
Harry Amass,DEF,Man Utd,,a,,,,0.2,341,129,0,0,0,0,0,0.0,0,424,0.00,0.00,0.00,0.00,4,0,0,0.0,0.0,2026-08-22T11:30:00Z,0,False,11,0,0,0,0,0,1,0,18310,0,0,0,2,0.0,0,0,0,0,40,False,0
Raphael Borges Rodrigues,MID,Coventry City,,a,,,,0.2,358,127,0,0,0,0,0,0.0,0,191,0.00,0.00,0.00,0.00,1,0,0,0.0,0.0,2026-08-21T19:00:00Z,0,False,1,0,0,0,0,0,1,0,16813,0,0,0,3,0.0,0,0,0,0,45,False,0
Luke O'Nien,DEF,Sunderland,,a,,,,3.5,86,33,0,0,1,0,4,1.4,5,539,0.01,0.02,0.01,1.69,5,1,0,1.7,11.4,2026-08-22T14:00:00Z,66,False,12,0,0,0,4,0,1,0,332959,1,1,1,2,4.0,1,0,0,0,40,False,1
Axel Disasi,DEF,Chelsea,,a,,,,0.1,477,164,0,0,0,0,0,0.0,0,153,0.00,0.00,0.00,0.00,10,0,0,0.0,0.0,2026-08-24T19:00:00Z,0,False,10,0,0,0,0,0,1,0,5243,0,0,3,2,0.0,0,0,0,0,45,False,0
Kiernan Dewsbury-Hall,MID,Everton,,a,,,,3.3,92,31,0,3,40,1,1,28.3,8,236,0.17,0.29,0.12,1.92,3,0,1,9.8,42.8,2026-08-22T14:00:00Z,90,False,8,0,0,0,5,0,1,0,288693,1,2,0,2,27.0,11,0,0,0,65,True,0
Estêvão Almeida de Oliveira Gonçalves,MID,Chelsea,,a,,,,1.3,171,55,0,0,3,0,0,0.4,1,157,0.00,0.00,0.00,0.09,10,0,0,0.1,0.2,2026-08-24T19:00:00Z,7,False,10,0,0,0,1,0,1,0,109575,0,0,3,2,0.0,1,0,0,0,65,False,0
Kai Andrews,MID,Coventry City,,a,,,,0.7,221,73,0,0,0,0,0,0.0,0,192,0.00,0.00,0.00,0.00,1,0,0,0.0,0.0,2026-08-21T19:00:00Z,0,False,1,0,0,0,0,0,1,0,62690,0,0,0,3,0.0,0,0,0,0,45,False,0
Vitezslav Jaros,GK,Liverpool,,i,Knee injury - Unknown return date,,0,0.0,560,66,0,0,0,0,0,0.0,0,354,0.00,0.00,0.00,0.00,9,0,0,0.0,0.0,2026-08-23T15:30:00Z,0,False,17,0,0,0,0,0,1,0,1351,0,0,2,2,0.0,0,0,0,0,40,False,0
Victor Munoz,MID,Liverpool,,a,,,,0.6,242,80,1,0,15,0,0,8.9,0,377,0.04,0.14,0.10,1.07,9,0,0,2.7,4.0,2026-08-23T15:30:00Z,27,False,17,0,0,0,0,0,1,0,48042,0,0,2,2,14.0,4,0,0,0,65,False,0
Sidiki Cherif,FWD,Coventry City,,a,,,,0.0,490,67,0,0,0,0,0,0.0,0,599,0.00,0.00,0.00,0.00,1,0,0,0.0,0.0,2026-08-21T19:00:00Z,0,False,1,0,0,0,0,0,1,0,7348,0,0,0,3,0.0,0,0,0,0,50,False,0
Jack Butland,GK,Hull City,,i,Arm injury - Unknown return date,,0,0.2,379,40,0,0,0,0,0,0.0,0,274,0.00,0.00,0.00,0.00,4,0,0,0.0,0.0,2026-08-22T11:30:00Z,0,False,16,0,0,0,0,0,1,0,11096,0,0,0,2,0.0,0,0,0,0,45,True,0
Konstantinos Tzolakis,GK,Hull City,,a,,,,0.5,248,34,0,3,41,1,0,0.0,0,572,0.00,0.00,0.00,1.83,4,0,0,3.5,34.6,2026-08-22T11:30:00Z,90,False,16,0,0,0,22,0,1,5,48305,1,0,0,2,0.0,10,0,0,0,45,True,0
Alex Scott,MID,Bournemouth,,a,,,,1.5,154,45,0,0,17,0,1,4.8,11,69,0.01,0.01,0.00,2.25,8,2,0,1.6,11.4,2026-08-23T13:00:00Z,90,False,15,0,0,0,6,0,1,0,134668,1,4,1,2,0.0,2,0,0,0,60,False,0
Daniel Jebbison,FWD,Bournemouth,0.0,,,,,,,,0,0,6,0,0,0.8,1,608,0.00,0.10,0.10,0.31,8,2,0,2.1,3.4,2026-08-23T13:00:00Z,15,False,15,0,0,0,1,0,1,0,0,0,0,1,2,17.0,1,0,0,0,50,False,0
Oscar Mingueza,DEF,Crystal Palace,,a,,,,0.1,434,150,0,0,0,0,0,0.0,0,207,0.00,0.00,0.00,0.00,3,0,0,0.0,0.0,2026-08-22T14:00:00Z,0,False,9,0,0,0,0,0,1,0,7928,0,0,0,2,0.0,0,0,0,0,45,False,0
Ryan Christie,MID,Bournemouth,,s,Suspended until 29 Aug,,0,0.0,569,240,0,0,0,0,0,0.0,0,75,0.00,0.00,0.00,0.00,8,0,0,0.0,0.0,2026-08-23T13:00:00Z,0,False,15,0,0,0,0,0,1,0,1007,0,0,1,2,0.0,0,0,0,0,50,False,0
Leo Shahar,DEF,Newcastle,0.0,,,,,,,,0,0,0,0,0,0.0,0,609,0.00,0.00,0.00,0.00,9,0,0,0.0,0.0,2026-08-23T15:30:00Z,0,False,14,0,0,0,0,0,1,0,0,0,0,2,2,0.0,0,0,0,0,40,True,0
Joe Gelhardt,MID,Hull City,,i,Ankle injury - Expected back 5 Sep,,0,0.0,544,225,0,0,0,0,0,0.0,0,340,0.00,0.00,0.00,0.00,4,0,0,0.0,0.0,2026-08-22T11:30:00Z,0,False,16,0,0,0,0,0,1,0,1365,0,0,0,2,0.0,0,0,0,0,50,True,0
Kaine Kesler-Hayden,DEF,Coventry City,,a,,,,0.1,461,161,0,0,0,0,0,0.0,0,177,0.00,0.00,0.00,0.00,1,0,0,0.0,0.0,2026-08-21T19:00:00Z,0,False,1,0,0,0,0,0,1,0,6032,0,0,0,3,0.0,0,0,0,0,40,False,0
Antoni Milambo,MID,Brentford,,i,Knee injury - Unknown return date,,0,0.0,595,259,0,0,0,0,0,0.0,0,99,0.00,0.00,0.00,0.00,2,0,0,0.0,0.0,2026-08-22T16:30:00Z,0,False,19,0,0,0,0,0,1,0,187,0,0,0,3,0.0,0,0,0,0,50,True,0
Ben Johnson,DEF,Ipswich Town,,a,,,,0.1,417,146,0,0,0,0,0,0.0,0,307,0.00,0.00,0.00,0.00,5,0,0,0.0,0.0,2026-08-22T14:00:00Z,0,False,20,0,0,0,0,0,1,0,10016,0,0,1,2,0.0,0,0,0,0,40,True,0
Abdul Fatawu,MID,Ipswich Town,,a,,,,0.2,324,111,0,0,22,0,1,28.4,7,315,0.41,0.41,0.00,0.63,5,1,0,5.5,18.6,2026-08-22T14:00:00Z,65,False,20,0,0,0,2,0,1,0,21235,1,4,1,2,8.0,2,0,0,0,55,True,0
Marcos Senesi Barón,DEF,Spurs,,a,,,,8.5,49,20,0,0,10,0,11,2.2,16,498,0.02,0.02,0.00,3.87,2,3,0,3.9,36.6,2026-08-22T16:30:00Z,90,False,4,0,0,0,2,0,1,0,724252,1,5,0,3,0.0,3,0,0,0,60,False,0
James Garner,MID,Everton,,i,Groin injury - Unknown return date,,0,0.2,382,142,0,0,6,0,0,11.8,1,239,0.03,0.03,0.00,0.34,3,0,0,1.9,4.8,2026-08-22T14:00:00Z,11,False,8,0,0,0,0,0,1,0,11659,0,1,0,2,2.0,1,0,0,0,60,True,0
Iliman Ndiaye,MID,Everton,,a,,,,15.9,27,8,1,1,36,1,0,39.8,12,237,0.32,0.56,0.24,1.96,3,0,0,12.9,40.8,2026-08-22T14:00:00Z,90,False,8,0,0,0,8,0,1,0,1434152,1,4,0,2,48.0,9,0,0,0,60,True,0
Eliot Matazo,MID,Hull City,,i,Knee injury - Unknown return date,,0,0.0,584,250,0,0,0,0,0,0.0,0,291,0.00,0.00,0.00,0.00,4,0,0,0.0,0.0,2026-08-22T11:30:00Z,0,False,16,0,0,0,0,0,1,0,600,0,0,0,2,0.0,0,0,0,0,45,True,0
Ismaïla Sarr,MID,Crystal Palace,,a,,,,5.2,67,22,0,0,0,0,0,0.0,0,208,0.00,0.00,0.00,0.00,3,0,0,0.0,0.0,2026-08-22T14:00:00Z,0,False,9,0,0,0,0,0,1,0,424225,0,0,0,2,0.0,0,0,0,0,65,False,0
Shumaira Mheuka,FWD,Chelsea,,a,,,,0.3,288,51,0,0,0,0,0,0.0,0,169,0.00,0.00,0.00,0.00,10,0,0,0.0,0.0,2026-08-24T19:00:00Z,0,False,10,0,0,0,0,0,1,0,30422,0,0,3,2,0.0,0,0,0,0,45,False,0
Carlos Alcaraz Durán,MID,Everton,,a,,,,0.1,438,176,0,0,7,0,0,0.3,3,243,0.00,0.02,0.02,0.04,3,0,0,2.2,5.0,2026-08-22T14:00:00Z,1,False,8,0,0,0,2,0,1,0,8329,0,1,0,2,17.0,1,0,0,0,50,True,0
Jack Grealish,MID,Man City,,a,,,100,0.2,376,139,0,0,2,0,0,0.6,1,238,0.00,0.00,0.00,0.00,8,0,0,0.2,1.0,2026-08-23T13:00:00Z,8,False,3,0,0,0,0,0,1,0,16005,0,1,1,2,0.0,1,0,0,0,65,True,0
Kostas Tsimikas,DEF,Liverpool,,a,,,,0.1,448,157,0,0,0,0,0,0.0,0,364,0.00,0.00,0.00,0.00,9,0,0,0.0,0.0,2026-08-23T15:30:00Z,0,False,17,0,0,0,0,0,1,0,6683,0,0,2,2,0.0,0,0,0,0,50,False,0
Virgil van Dijk,DEF,Liverpool,,a,,,,18.6,19,6,0,0,8,0,9,1.6,11,356,0.01,0.26,0.25,1.58,9,2,0,5.1,25.6,2026-08-23T15:30:00Z,90,False,17,0,0,0,6,0,1,0,1670280,1,2,2,2,24.0,2,0,0,0,65,False,1
Jacob Greaves,DEF,Ipswich Town,,a,,,,1.4,165,67,0,0,12,0,4,1.3,7,306,0.00,0.00,0.00,0.66,5,1,0,1.8,16.4,2026-08-22T14:00:00Z,90,False,20,0,0,0,1,0,1,0,134129,1,3,1,2,0.0,2,0,0,0,40,True,0
Jeremy Monga,MID,Man City,,a,,,,0.0,554,233,0,0,0,0,0,0.0,0,410,0.00,0.00,0.00,0.00,8,0,0,0.0,0.0,2026-08-23T13:00:00Z,0,False,3,0,0,0,0,0,1,0,1505,0,0,1,2,0.0,0,0,0,0,50,True,0
Jean-Philippe Mateta,FWD,Crystal Palace,,a,,,,5.8,64,10,0,0,-3,0,1,12.3,5,223,0.02,0.72,0.70,0.98,3,2,0,2.5,1.4,2026-08-22T14:00:00Z,62,False,9,0,0,0,2,0,1,0,504100,1,2,0,2,11.0,2,0,0,0,65,False,0
Amar Dedic,DEF,Newcastle,,a,,,,0.2,377,143,0,0,-1,0,7,1.2,9,593,0.00,0.03,0.03,2.98,9,2,0,2.3,16.4,2026-08-23T15:30:00Z,90,False,14,0,0,0,2,0,1,0,20712,1,2,2,2,5.0,1,0,0,0,45,True,0
Vitaly Janelt,MID,Brentford,,a,,,,0.1,426,170,0,0,35,1,6,38.8,13,98,0.17,0.56,0.39,0.57,2,0,1,11.6,53.2,2026-08-22T16:30:00Z,90,False,19,0,0,0,3,0,1,0,9018,1,4,0,3,24.0,9,0,0,0,50,True,1
Darnell Furlong,DEF,Ipswich Town,,a,,,,0.6,232,89,0,0,0,0,0,0.0,0,308,0.00,0.00,0.00,0.00,5,0,0,0.0,0.0,2026-08-22T14:00:00Z,0,False,20,0,0,0,0,0,1,0,56130,0,0,1,2,0.0,0,0,0,0,40,True,0
Martin Dubravka,GK,Spurs,,a,,,,20.4,18,4,0,0,0,0,0,0.0,0,497,0.00,0.00,0.00,0.00,2,0,0,0.0,0.0,2026-08-22T16:30:00Z,0,False,4,0,0,0,0,0,1,0,1778139,0,0,0,3,0.0,0,0,0,0,40,False,0
Yankuba Minteh,MID,Brighton,,i,Leg injury - Expected back 28 Nov,,0,0.1,389,145,0,0,0,0,0,0.0,0,122,0.00,0.00,0.00,0.00,7,0,0,0.0,0.0,2026-08-23T13:00:00Z,0,False,2,0,0,0,0,0,1,0,9337,0,0,0,4,0.0,0,0,0,0,60,True,0
Piero Hincapié,DEF,Arsenal,,a,,,,2.1,124,50,0,0,3,0,0,0.5,0,9,0.00,0.00,0.00,0.15,1,0,0,0.1,0.4,2026-08-21T19:00:00Z,9,False,7,0,0,0,0,0,1,0,165924,0,0,0,3,0.0,1,0,0,0,55,True,0
Pedro Porro Sauceda,DEF,Spurs,,a,,,,22.5,13,3,0,0,0,0,0,0.0,0,499,0.00,0.00,0.00,0.00,2,0,0,0.0,0.0,2026-08-22T16:30:00Z,0,False,4,0,0,0,0,0,1,0,1595087,0,0,0,3,0.0,0,0,0,0,55,False,0
Yéremy Pino Santos,MID,Crystal Palace,,a,,,,0.2,342,120,0,0,4,0,0,6.3,5,211,0.02,0.08,0.06,0.27,3,0,0,1.4,2.0,2026-08-22T14:00:00Z,35,False,9,0,0,0,3,0,1,0,18106,0,2,0,2,6.0,1,0,0,0,55,False,0
Emmanuel Emegha,FWD,Chelsea,,a,,,100,0.1,423,61,0,0,0,0,0,0.0,0,170,0.00,0.00,0.00,0.00,10,0,0,0.0,0.0,2026-08-24T19:00:00Z,0,False,10,0,0,0,0,0,1,0,11724,0,0,3,2,0.0,0,0,0,0,50,False,0
Mason Burstow,FWD,Hull City,,u,Has joined Sheffield Wednesday on loan for the rest of the season,,0,0.1,424,62,0,0,0,0,0,0.0,0,299,0.00,0.00,0.00,0.00,4,0,0,0.0,0.0,2026-08-22T11:30:00Z,0,False,16,0,0,0,0,0,1,0,6401,0,0,0,2,0.0,0,0,0,0,45,True,0
Bukayo Saka,MID,Arsenal,,a,,,,9.2,46,16,0,1,36,1,2,26.1,7,12,0.08,0.72,0.64,0.06,1,0,1,10.2,42.8,2026-08-21T19:00:00Z,67,False,7,0,0,0,4,0,1,0,819914,1,1,0,3,33.0,9,0,0,0,95,True,0
Stefanos Tzimas,FWD,Brighton,,d,Knee injury - 75% chance of playing,,75,0.0,566,71,0,0,0,0,0,0.0,0,137,0.00,0.00,0.00,0.00,7,0,0,0.0,0.0,2026-08-23T13:00:00Z,0,False,2,0,0,0,0,0,1,0,879,0,0,0,4,0.0,0,0,0,0,55,True,0
Chris Rigg,MID,Sunderland,,a,,,,0.1,458,185,0,0,3,0,0,0.3,1,548,0.00,0.00,0.00,0.10,5,1,0,0.0,0.0,2026-08-22T14:00:00Z,10,False,12,0,0,0,1,0,1,0,6214,0,0,1,2,0.0,1,0,0,0,50,False,0
Liam Millar,MID,Hull City,,a,,,,0.1,457,184,0,0,2,0,1,0.3,3,287,0.00,0.00,0.00,0.67,4,0,0,0.4,2.0,2026-08-22T11:30:00Z,19,False,16,0,0,0,1,0,1,0,6086,0,1,0,2,2.0,0,0,0,0,50,True,1
Phil Foden,MID,Man City,,a,,,,4.3,76,25,0,0,15,0,0,49.6,6,398,0.40,0.52,0.12,0.65,8,1,0,7.5,10.4,2026-08-23T13:00:00Z,81,False,3,0,0,0,3,0,1,0,387178,1,3,1,2,15.0,1,0,0,0,70,True,1
Matheus Nunes,DEF,Man City,,d,Knock - 75% chance of playing,,75,1.5,158,65,0,0,4,0,1,1.5,1,389,0.04,0.04,0.00,0.10,8,0,0,0.9,3.8,2026-08-23T13:00:00Z,33,False,3,0,0,0,2,0,1,0,123928,0,0,1,2,4.0,1,0,0,0,60,True,0
Ezri Konsa Ngoyo,DEF,Arsenal,,a,,,,15.0,28,10,0,0,0,0,0,0.0,0,31,0.00,0.00,0.00,0.00,1,0,0,0.0,0.0,2026-08-21T19:00:00Z,0,False,7,0,0,0,0,0,1,0,1206127,0,0,0,3,0.0,0,0,0,0,45,True,0
Rodrigo Muniz Carvalho,FWD,Fulham,,a,,,,0.6,240,41,0,0,6,0,1,11.5,1,271,0.00,0.02,0.02,0.03,10,0,0,2.5,6.0,2026-08-24T19:00:00Z,8,False,6,0,0,0,0,0,1,0,52452,0,0,3,2,7.0,1,0,0,0,55,True,0
Marco Palestra,DEF,Chelsea,,a,,,,2.8,108,41,0,0,0,0,0,0.0,0,152,0.00,0.00,0.00,0.00,10,0,0,0.0,0.0,2026-08-24T19:00:00Z,0,False,10,0,0,0,0,0,1,0,263643,0,0,3,2,0.0,0,0,0,0,55,False,0
Lamare Bogarde,MID,Aston Villa,,a,,,,0.1,466,190,0,0,3,0,1,0.5,1,35,0.00,0.00,0.00,0.22,7,0,0,0.3,2.2,2026-08-23T13:00:00Z,16,False,5,0,0,0,0,0,1,0,5822,0,0,0,4,0.0,1,0,0,0,50,False,0
Ferdi Kadıoğlu,DEF,Brighton,,a,,,,3.0,103,40,0,0,0,0,0,0.0,0,113,0.00,0.00,0.00,0.00,7,0,0,0.0,0.0,2026-08-23T13:00:00Z,0,False,2,0,0,0,0,0,1,0,265528,0,0,0,4,0.0,0,0,0,0,45,True,0
Jurriën Timber,DEF,Arsenal,,i,Groin injury - Unknown return date,,0,0.2,386,144,0,0,0,0,0,0.0,0,5,0.00,0.00,0.00,0.00,1,0,0,0.0,0.0,2026-08-21T19:00:00Z,0,False,7,0,0,0,0,0,1,0,11200,0,0,0,3,0.0,0,0,0,0,65,True,0
Maxence Lacroix,DEF,Chelsea,,a,,,,9.5,43,15,1,0,25,0,7,11.2,12,200,0.20,0.20,0.00,1.33,10,2,0,5.7,44.2,2026-08-24T19:00:00Z,90,False,10,0,0,0,2,0,1,0,792478,1,5,3,2,2.0,6,0,0,0,60,False,0
James Hill,DEF,Bournemouth,,a,,,,0.9,198,75,0,0,0,0,5,0.3,6,60,0.00,0.00,0.00,2.25,8,2,0,1.2,11.6,2026-08-23T13:00:00Z,90,False,15,0,0,0,1,0,1,0,72436,1,1,1,2,0.0,1,0,0,0,55,False,0
Loum Tchaouna,MID,Coventry City,,a,,,,0.1,396,151,0,0,11,0,3,6.0,8,190,0.02,0.06,0.04,1.76,1,3,0,1.1,1.8,2026-08-21T19:00:00Z,81,False,1,0,0,0,5,0,1,0,12321,1,0,0,3,3.0,2,0,0,0,55,False,0
Tyler Dibling,MID,Everton,,a,,,,0.0,500,208,0,0,0,0,0,0.0,0,245,0.00,0.00,0.00,0.00,3,0,0,0.0,0.0,2026-08-22T14:00:00Z,0,False,8,0,0,0,0,0,1,0,3592,0,0,0,2,0.0,0,0,0,0,55,True,0
James Tarkowski,DEF,Everton,,a,,,,9.0,47,18,0,0,25,1,8,0.8,9,229,0.00,0.05,0.05,1.96,3,0,0,2.0,15.2,2026-08-22T14:00:00Z,90,False,8,0,0,0,4,0,1,0,765229,1,1,0,2,4.0,6,0,0,0,60,True,0
Omar Richards,DEF,Nott'm Forest,,a,,,,0.2,326,122,0,0,0,0,0,0.0,0,476,0.00,0.00,0.00,0.00,6,0,0,0.0,0.0,2026-08-22T14:00:00Z,0,False,13,0,0,0,0,0,1,0,23191,0,0,1,0,0.0,0,0,0,0,40,True,0
Sávio Moreira de Oliveira,MID,Man City,,a,,,,0.2,352,125,0,0,0,0,0,0.0,0,403,0.00,0.00,0.00,0.00,8,0,0,0.0,0.0,2026-08-23T13:00:00Z,0,False,3,0,0,0,0,0,1,0,23783,0,0,1,2,0.0,0,0,0,0,65,True,0
Amad Diallo,MID,Man Utd,,a,,,,1.6,149,44,0,0,0,0,0,0.0,0,431,0.00,0.00,0.00,0.00,4,0,0,0.0,0.0,2026-08-22T11:30:00Z,0,False,11,0,0,0,0,0,1,0,145627,0,0,0,2,0.0,0,0,0,0,60,False,0
Mitoma Kaoru,MID,Brighton,,i,Hamstring injury - Unknown return date,,0,0.1,474,196,0,0,0,0,0,0.0,0,121,0.00,0.00,0.00,0.00,7,0,0,0.0,0.0,2026-08-23T13:00:00Z,0,False,2,0,0,0,0,0,1,0,4360,0,0,0,4,0.0,0,0,0,0,60,True,0
Ousmane Diomande,DEF,Nott'm Forest,,a,,,,0.7,220,84,0,0,0,0,0,0.0,0,581,0.00,0.00,0.00,0.00,6,0,0,0.0,0.0,2026-08-22T14:00:00Z,0,False,13,0,0,0,0,0,1,0,67092,0,0,1,0,0.0,0,0,0,0,55,True,0
Arnaud Kalimuendo,FWD,Nott'm Forest,,a,,,,0.0,489,66,0,0,3,0,0,0.0,0,493,0.00,0.00,0.00,0.00,6,0,0,0.0,0.0,2026-08-22T14:00:00Z,1,False,13,0,0,0,0,0,1,0,4138,0,0,1,0,0.0,1,0,0,0,55,True,0
Lewis Cook,MID,Bournemouth,,a,,,,0.1,397,152,0,0,8,1,3,2.1,7,71,0.00,0.00,0.00,1.94,8,0,0,0.7,4.6,2026-08-23T13:00:00Z,75,False,15,0,0,0,3,0,1,0,13065,1,1,1,2,0.0,3,0,0,0,50,False,0
Morgan Rogers,MID,Chelsea,,a,,,,25.2,11,5,0,1,37,0,0,53.5,7,40,0.10,1.06,0.96,1.24,10,2,1,13.1,48.8,2026-08-24T19:00:00Z,81,False,10,0,0,0,5,0,1,0,2178086,1,2,3,2,29.0,8,0,0,0,75,False,0
Jesurun Rak-Sakyi,MID,Crystal Palace,,a,,,,0.0,588,254,0,0,0,0,0,0.0,0,219,0.00,0.00,0.00,0.00,3,0,0,0.0,0.0,2026-08-22T14:00:00Z,0,False,9,0,0,0,0,0,1,0,550,0,0,0,2,0.0,0,0,0,0,50,False,0
Wes Burns,MID,Ipswich Town,,u,Has joined Leicester City permanently,,0,0.0,580,247,0,0,0,0,0,0.0,0,311,0.00,0.00,0.00,0.00,5,0,0,0.0,0.0,2026-08-22T14:00:00Z,0,False,20,0,0,0,0,0,1,0,562,0,0,1,2,0.0,0,0,0,0,50,True,0
Nick Woltemade,FWD,Newcastle,,a,,,,1.7,137,19,0,0,0,0,0,0.0,0,463,0.00,0.00,0.00,0.00,9,0,0,0.0,0.0,2026-08-23T15:30:00Z,0,False,14,0,0,0,0,0,1,0,151424,0,0,2,2,0.0,0,0,0,0,60,True,0
Adrien Truffert,DEF,Bournemouth,,a,,,,4.6,71,28,0,0,0,0,5,1.3,7,61,0.00,0.00,0.00,2.25,8,2,0,1.7,15.4,2026-08-23T13:00:00Z,90,False,15,0,0,0,7,0,1,0,392050,1,2,1,2,0.0,1,0,0,0,55,False,0
Dominik Szoboszlai,MID,Liverpool,,a,,,,41.7,4,2,0,1,29,0,2,47.1,7,368,0.27,1.12,0.85,1.58,9,2,1,11.9,50.4,2026-08-23T15:30:00Z,90,False,17,0,0,0,4,0,1,0,3733259,1,1,2,2,21.0,8,0,0,0,70,False,0
Declan Rice,MID,Arsenal,,a,,,,18.6,20,7,0,0,10,1,3,6.4,6,13,0.08,0.15,0.07,0.06,1,0,0,1.5,6.8,2026-08-21T19:00:00Z,67,False,7,0,0,0,3,0,1,0,1604406,1,0,0,3,2.0,3,0,0,0,75,True,0
Gustavo Hamer,MID,Coventry City,,a,,,,0.1,393,148,0,0,3,0,0,0.3,1,584,0.00,0.00,0.00,0.13,1,0,0,0.1,0.4,2026-08-21T19:00:00Z,8,False,1,0,0,0,1,0,1,0,12932,0,0,0,3,0.0,1,0,0,0,55,False,0
Leny Yoro,DEF,Man Utd,,a,,,,0.7,216,82,0,0,0,0,0,0.0,0,420,0.00,0.00,0.00,0.00,4,0,0,0.0,0.0,2026-08-22T11:30:00Z,0,False,11,0,0,0,0,0,1,0,62047,0,0,0,2,0.0,0,0,0,0,50,False,0
Harrison Reed,MID,Fulham,,a,,,,1.4,161,49,0,0,0,0,0,0.0,0,270,0.00,0.00,0.00,0.00,10,0,0,0.0,0.0,2026-08-24T19:00:00Z,0,False,6,0,0,0,0,0,1,0,139875,0,0,3,2,0.0,0,0,0,0,45,True,0
Adam Wharton,MID,Crystal Palace,,a,,,100,0.8,208,68,0,0,20,0,4,30.9,14,210,0.24,0.24,0.00,1.12,3,2,0,4.8,16.8,2026-08-22T14:00:00Z,90,False,9,0,0,0,8,0,1,0,75177,1,2,0,2,0.0,4,0,0,0,55,False,0
Matt Targett,DEF,Hull City,,a,,,,2.6,113,45,0,0,3,0,0,0.0,0,556,0.00,0.00,0.00,0.07,4,0,0,0.0,0.4,2026-08-22T11:30:00Z,5,False,16,0,0,0,1,0,1,0,218902,0,0,0,2,0.0,1,0,0,0,40,True,0
Ian Maatsen,DEF,Aston Villa,,a,,,,0.9,200,76,0,0,-9,0,7,0.8,9,36,0.00,0.03,0.03,3.62,7,4,0,1.3,9.2,2026-08-23T13:00:00Z,81,False,5,0,0,0,2,0,1,0,71952,1,2,0,4,3.0,0,0,0,0,45,False,0
Gabriel dos Santos Magalhães,DEF,Arsenal,,a,,,,29.7,9,2,0,0,21,1,4,1.8,4,4,0.01,0.06,0.05,0.20,1,0,0,0.9,6.6,2026-08-21T19:00:00Z,90,False,7,0,0,0,2,0,1,0,2647984,1,0,0,3,1.0,5,0,0,0,80,True,1
Bernd Leno,GK,Fulham,,a,,,,3.1,100,16,0,0,11,0,1,0.0,0,250,0.00,0.00,0.00,2.24,10,3,0,3.0,29.6,2026-08-24T19:00:00Z,90,False,6,0,0,0,9,0,1,3,272035,1,0,3,2,0.0,2,0,0,0,45,True,0
Joshua Zirkzee,FWD,Man Utd,,a,,,,0.6,228,38,0,0,0,0,0,0.0,0,440,0.00,0.00,0.00,0.00,4,0,0,0.0,0.0,2026-08-22T11:30:00Z,0,False,11,0,0,0,0,0,1,0,56060,0,0,0,2,0.0,0,0,0,0,55,False,0
Takehiro Tomiyasu,DEF,Crystal Palace,,a,,,,0.3,289,106,0,0,3,0,1,2.4,1,577,0.01,0.01,0.00,0.14,3,0,0,0.5,2.4,2026-08-22T14:00:00Z,18,False,9,0,0,0,1,0,1,0,31543,0,0,0,2,0.0,1,0,0,0,45,False,0
Callum Wilson,FWD,Brentford,,a,,,,0.3,287,50,0,0,4,0,0,10.3,0,108,0.04,0.07,0.03,0.07,2,0,0,1.8,2.2,2026-08-22T16:30:00Z,7,False,19,0,0,0,0,0,1,0,30450,0,0,0,3,5.0,1,0,0,0,55,True,0
Milan van Ewijk,DEF,Coventry City,,a,,,,14.1,30,11,0,0,-8,0,6,2.0,7,175,0.01,0.01,0.00,1.88,1,3,0,1.5,10.6,2026-08-21T19:00:00Z,90,False,1,0,0,0,3,0,1,0,1257228,1,1,0,3,2.0,1,0,0,0,40,False,0
Álvaro Rodríguez,FWD,Bournemouth,,d,Unspecified injury - 75% chance of playing,,75,0.1,404,60,0,0,0,0,0,0.0,0,81,0.00,0.00,0.00,0.00,8,0,0,0.0,0.0,2026-08-23T13:00:00Z,0,False,15,0,0,0,0,0,1,0,9051,0,0,1,2,0.0,0,0,0,0,60,False,0
Norberto Bercique Gomes Betuncal,FWD,Everton,,a,,,,2.9,106,14,0,0,3,0,0,0.0,0,248,0.00,0.05,0.05,0.34,3,0,0,0.2,0.0,2026-08-22T14:00:00Z,11,False,8,0,0,0,0,0,1,0,249740,0,0,0,2,2.0,1,0,0,0,55,True,0
Enzo Fernández,MID,Chelsea,,a,,,,5.1,68,23,0,0,6,0,0,12.0,3,155,0.02,0.02,0.00,0.28,10,0,0,1.5,3.4,2026-08-24T19:00:00Z,25,False,10,0,0,0,3,0,1,0,442051,0,0,3,2,0.0,1,0,0,0,70,False,0
Emile Smith Rowe,MID,Fulham,,a,,,,0.4,274,91,0,0,0,0,0,0.0,0,262,0.00,0.00,0.00,0.00,10,0,0,0.0,0.0,2026-08-24T19:00:00Z,0,False,6,0,0,0,0,0,1,0,35036,0,0,3,2,0.0,0,0,0,0,55,True,0
Marc Guéhi,DEF,Man City,,a,,,,18.0,22,8,0,2,31,0,1,17.5,4,388,0.32,1.21,0.89,0.65,8,1,1,8.9,43.6,2026-08-23T13:00:00Z,90,False,3,0,0,0,4,0,1,0,1521853,1,3,1,2,28.0,10,0,0,0,60,True,0
Romaine Mundle,MID,Sunderland,,a,,,,0.0,579,246,0,0,0,0,0,0.0,0,547,0.00,0.00,0.00,0.00,5,0,0,0.0,0.0,2026-08-22T14:00:00Z,0,False,12,0,0,0,0,0,1,0,801,0,0,1,2,0.0,0,0,0,0,50,False,0
Karl Darlow,GK,Man Utd,,d,Unspecified injury - 75% chance of playing,,75,0.0,515,57,0,0,0,0,0,0.0,0,325,0.00,0.00,0.00,0.00,4,0,0,0.0,0.0,2026-08-22T11:30:00Z,0,False,11,0,0,0,0,0,1,0,3043,0,0,0,2,0.0,0,0,0,0,45,False,0
Arthur Masuaku,DEF,Sunderland,,u,Has joined Konyaspor permanently,,0,0.4,279,104,0,0,0,0,0,0.0,0,540,0.00,0.00,0.00,0.00,5,0,0,0.0,0.0,2026-08-22T14:00:00Z,0,False,12,0,0,0,0,0,1,0,25578,0,0,1,2,0.0,0,0,0,0,40,False,0
Chido Obi,FWD,Man Utd,,a,,,,1.1,178,27,0,0,0,0,0,0.0,0,441,0.00,0.00,0.00,0.00,4,0,0,0.0,0.0,2026-08-22T11:30:00Z,0,False,11,0,0,0,0,0,1,0,100521,0,0,0,2,0.0,0,0,0,0,45,False,0
Marcus Bettinelli,GK,Man City,,a,,,,0.0,528,63,0,0,0,0,0,0.0,0,386,0.00,0.00,0.00,0.00,8,0,0,0.0,0.0,2026-08-23T13:00:00Z,0,False,3,0,0,0,0,0,1,0,2479,0,0,1,2,0.0,0,0,0,0,45,True,0
Kai Havertz,FWD,Arsenal,,a,,,,4.9,70,11,0,0,34,1,2,13.2,2,26,0.03,0.29,0.26,0.20,1,0,1,7.5,37.2,2026-08-21T19:00:00Z,90,False,7,0,0,0,0,0,1,0,468616,1,0,0,3,25.0,6,0,0,0,75,True,0
Gabriel Fernando de Jesus,FWD,Arsenal,,a,,,,0.4,285,49,0,0,0,0,0,0.0,0,27,0.00,0.00,0.00,0.00,1,0,0,0.0,0.0,2026-08-21T19:00:00Z,0,False,7,0,0,0,0,0,1,0,31403,0,0,0,3,0.0,0,0,0,0,60,True,0
Aladji Bamba,MID,Newcastle,,a,,,,0.1,394,149,0,0,5,0,1,0.0,2,559,0.00,0.00,0.00,1.04,9,1,0,0.4,4.0,2026-08-23T15:30:00Z,14,False,14,0,0,0,0,0,1,0,12608,0,1,2,2,0.0,1,0,0,0,50,True,0
Ashley Phillips,DEF,Spurs,,u,Has joined Middlesbrough permanently,,0,0.0,511,174,0,0,0,0,0,0.0,0,507,0.00,0.00,0.00,0.00,2,0,0,0.0,0.0,2026-08-22T16:30:00Z,0,False,4,0,0,0,0,0,1,0,2583,0,0,0,3,0.0,0,0,0,0,45,False,0
David Brooks,MID,Bournemouth,,d,Unspecified injury - 75% chance of playing,,75,0.1,465,189,0,0,0,0,0,0.0,0,74,0.00,0.00,0.00,0.00,8,0,0,0.0,0.0,2026-08-23T13:00:00Z,0,False,15,0,0,0,0,0,1,0,4610,0,0,1,2,0.0,0,0,0,0,50,False,0
Michael Keane,DEF,Everton,,a,,,,1.7,139,57,0,0,0,0,0,0.0,0,231,0.00,0.00,0.00,0.00,3,0,0,0.0,0.0,2026-08-22T14:00:00Z,0,False,8,0,0,0,0,0,1,0,151116,0,0,0,2,0.0,0,0,0,0,50,True,0
Hidemasa Morita,MID,Hull City,,d,Calf injury - 50% chance of playing,,50,0.0,526,219,0,0,0,0,0,0.0,0,563,0.00,0.00,0.00,0.00,4,0,0,0.0,0.0,2026-08-22T11:30:00Z,0,False,16,0,0,0,0,0,1,0,2175,0,0,0,2,0.0,0,0,0,0,50,True,0
Issa Diop,DEF,Ipswich Town,,a,,,,18.1,21,7,0,0,7,0,4,0.8,5,259,0.01,0.01,0.00,0.66,5,1,0,1.0,7.2,2026-08-22T14:00:00Z,90,False,20,0,0,0,6,0,1,0,1668644,1,1,1,2,2.0,2,0,0,0,40,True,0
Victor Lindelöf,DEF,Aston Villa,,a,,,,0.3,321,120,0,0,-13,0,3,0.1,3,37,0.00,0.00,0.00,3.77,7,4,0,0.2,1.8,2026-08-23T13:00:00Z,90,False,5,1,0,0,1,0,1,0,24630,1,0,0,4,0.0,-2,0,0,0,45,False,0
Martin Ødegaard,MID,Arsenal,,a,,,,7.3,57,19,0,3,41,1,1,41.5,8,15,0.10,0.31,0.21,0.06,1,0,1,12.3,50.6,2026-08-21T19:00:00Z,75,False,7,0,0,0,4,0,1,0,717252,1,3,0,3,31.0,11,0,0,0,65,True,0
Bafodé Diakité,DEF,Bournemouth,,a,,,,0.2,371,140,0,0,0,0,0,0.0,0,62,0.00,0.00,0.00,0.00,8,0,0,0.0,0.0,2026-08-23T13:00:00Z,0,False,15,0,0,0,0,0,1,0,15573,0,0,1,2,0.0,0,0,0,0,50,False,0
Lucas Bergvall,MID,Spurs,,a,,,,0.2,340,119,0,0,2,0,0,2.0,8,520,0.01,0.01,0.00,1.70,2,2,0,0.0,0.0,2026-08-22T16:30:00Z,45,False,4,0,0,0,7,0,1,0,18443,1,1,0,3,2.0,1,0,0,0,55,False,0
Riccardo Calafiori,DEF,Arsenal,,a,,,,35.6,7,1,1,0,31,1,4,12.2,5,8,0.09,0.13,0.04,0.06,1,0,0,4.2,26.0,2026-08-21T19:00:00Z,80,False,7,0,0,0,1,0,1,0,3542684,1,1,0,3,4.0,9,0,0,0,55,True,0
Mason Mount,MID,Man Utd,,d,Foot injury - 50% chance of playing,,50,0.0,492,202,0,0,0,0,0,0.0,0,430,0.00,0.00,0.00,0.00,4,0,0,0.0,0.0,2026-08-22T11:30:00Z,0,False,11,0,0,0,0,0,1,0,3202,0,0,0,2,0.0,0,0,0,0,55,False,0
Josh Dasilva,MID,Brentford,,a,,,,0.0,533,220,0,0,0,0,0,0.0,0,103,0.00,0.00,0.00,0.00,2,0,0,0.0,0.0,2026-08-22T16:30:00Z,0,False,19,0,0,0,0,0,1,0,2396,0,0,0,3,0.0,0,0,0,0,50,True,0
Olivier Boscagli,DEF,Brighton,,a,,,,0.2,337,127,0,0,29,1,5,7.3,6,114,0.04,0.04,0.00,0.29,7,0,0,2.9,15.2,2026-08-23T13:00:00Z,90,False,2,0,0,0,4,0,1,0,19109,1,1,0,4,6.0,6,0,0,0,45,True,0
Lucas Gourna-Douath,MID,Hull City,,a,,,,0.0,537,222,0,0,0,0,0,0.0,0,589,0.00,0.00,0.00,0.00,4,0,0,0.0,0.0,2026-08-22T11:30:00Z,0,False,16,0,0,0,0,0,1,0,2352,0,0,0,2,0.0,0,0,0,0,50,True,0
Lukás Hornícek,GK,Newcastle,,a,,,,0.6,230,29,0,0,12,0,3,0.0,0,567,0.00,0.00,0.00,2.98,9,2,0,4.1,41.2,2026-08-23T15:30:00Z,90,False,14,0,0,0,5,0,1,5,55382,1,0,2,2,0.0,1,0,0,0,50,True,1
Habib Diarra,MID,Sunderland,,a,,,,0.1,455,182,0,0,3,0,0,0.6,0,543,0.00,0.03,0.03,0.10,5,1,0,0.3,0.4,2026-08-22T14:00:00Z,10,False,12,0,0,0,0,0,1,0,6286,0,0,1,2,2.0,1,0,0,0,55,False,0
Geovany Quenda,MID,Chelsea,,a,,,100,0.0,493,203,0,0,2,0,1,0.3,1,164,0.00,0.00,0.00,0.09,10,0,0,0.4,1.2,2026-08-24T19:00:00Z,8,False,10,0,0,0,0,0,1,0,3758,0,0,3,2,2.0,1,0,0,0,55,False,0
Stefan Bajčetić Maquieira,MID,Liverpool,,i,Hamstring injury - Expected back 23 Aug,,0,0.0,597,261,0,0,0,0,0,0.0,0,376,0.00,0.00,0.00,0.00,9,0,0,0.0,0.0,2026-08-23T15:30:00Z,0,False,17,0,0,0,0,0,1,0,157,0,0,2,2,0.0,0,0,0,0,50,False,0
Matt Crooks,MID,Hull City,,a,,,,0.6,233,77,0,0,9,1,4,2.4,9,289,0.00,0.00,0.00,1.83,4,0,0,2.1,19.0,2026-08-22T11:30:00Z,90,False,16,0,0,0,1,0,1,0,57929,1,4,0,2,0.0,2,0,0,0,45,True,1
James Justin,DEF,Leeds,,a,,,,0.6,238,90,0,2,28,1,6,2.3,12,332,0.01,0.01,0.00,0.66,6,0,0,2.9,24.6,2026-08-22T14:00:00Z,90,False,18,0,0,0,4,0,1,0,52732,1,6,1,0,2.0,10,0,0,0,45,False,0
Bruno Borges Fernandes,MID,Man Utd,,a,,,,51.1,3,1,0,0,18,0,1,55.4,6,426,0.26,0.34,0.08,1.01,4,2,0,9.3,20.2,2026-08-22T11:30:00Z,90,False,11,0,0,0,5,0,1,0,4653303,1,0,0,2,17.0,2,0,0,0,120,False,0
Joško Gvardiol,DEF,Man City,,a,,,,11.0,35,12,0,1,28,0,5,13.3,7,391,0.05,0.24,0.19,0.65,8,1,1,7.8,47.6,2026-08-23T13:00:00Z,90,False,3,0,0,0,5,0,1,0,980214,1,2,1,2,17.0,9,0,0,0,55,True,0
Neco Williams,DEF,Nott'm Forest,,a,,,,10.5,38,13,0,0,13,0,3,5.8,6,469,0.02,0.02,0.00,0.47,6,1,0,2.7,15.2,2026-08-22T14:00:00Z,90,False,13,0,0,0,10,0,1,0,924685,1,3,1,0,6.0,2,0,0,0,50,True,0
Nicolò Savona,DEF,Nott'm Forest,,i,Knee injury - Unknown return date,,0,0.0,594,198,0,0,0,0,0,0.0,0,475,0.00,0.00,0.00,0.00,6,0,0,0.0,0.0,2026-08-22T14:00:00Z,0,False,13,0,0,0,0,0,1,0,209,0,0,1,0,0.0,0,0,0,0,45,True,0
Julio Soler Barreto,DEF,Bournemouth,,d,Hamstring injury - 75% chance of playing,,75,0.3,315,118,0,0,0,0,0,0.0,0,66,0.00,0.00,0.00,0.00,8,0,0,0.0,0.0,2026-08-23T13:00:00Z,0,False,15,0,0,0,0,0,1,0,19739,0,0,1,2,0.0,0,0,0,0,40,False,0
Anan Khalaili,DEF,Crystal Palace,,a,,,,0.1,439,152,0,0,12,0,5,26.5,9,588,0.16,0.16,0.00,0.27,3,0,0,5.5,24.0,2026-08-22T14:00:00Z,35,False,9,0,0,0,3,0,1,0,8418,0,4,0,2,4.0,1,0,0,0,50,False,0
Gerónimo Rulli,GK,Man City,,a,,,,0.0,557,65,0,0,0,0,0,0.0,0,587,0.00,0.00,0.00,0.00,8,0,0,0.0,0.0,2026-08-23T13:00:00Z,0,False,3,0,0,0,0,0,1,0,1589,0,0,1,2,0.0,0,0,0,0,50,True,0
Sepp van den Berg,DEF,Brentford,,i,Unspecified injury - Unknown return date,,0,0.2,335,126,0,0,0,0,0,0.0,0,85,0.00,0.00,0.00,0.00,2,0,0,0.0,0.0,2026-08-22T16:30:00Z,0,False,19,0,0,0,0,0,1,0,14391,0,0,0,3,0.0,0,0,0,0,50,True,0
Jeremie Frimpong,DEF,Liverpool,,a,,,,3.3,94,37,0,0,3,0,1,37.8,2,357,0.09,0.10,0.01,1.58,9,2,0,6.1,13.6,2026-08-23T15:30:00Z,90,False,17,0,0,0,3,0,1,0,302241,1,1,2,2,10.0,0,0,0,0,55,False,1
Brennan Johnson,MID,Everton,,a,,,,0.2,368,134,0,0,3,0,2,0.3,2,209,0.00,0.00,0.00,0.29,3,0,0,0.4,4.0,2026-08-22T14:00:00Z,6,False,8,0,0,0,0,0,1,0,15299,0,0,0,2,0.0,1,0,0,0,60,True,0
Martín Zubimendi Ibáñez,MID,Arsenal,,a,,,,1.2,175,57,0,0,3,0,0,2.3,3,19,0.02,0.02,0.00,0.15,1,0,0,0.6,3.8,2026-08-21T19:00:00Z,22,False,7,0,0,0,2,0,1,0,107568,0,1,0,3,0.0,1,0,0,0,55,True,0
Mike Penders,GK,Chelsea,,a,,,,0.1,460,50,0,0,0,0,0,0.0,0,560,0.00,0.00,0.00,0.00,10,0,0,0.0,0.0,2026-08-24T19:00:00Z,0,False,10,0,0,0,0,0,1,0,6087,0,0,3,2,0.0,0,0,0,0,45,False,0
Enes Ünal,FWD,Bournemouth,,u,Has joined Getafe permanently,,0,0.1,476,65,0,0,0,0,0,0.0,0,80,0.00,0.00,0.00,0.00,8,0,0,0.0,0.0,2026-08-23T13:00:00Z,0,False,15,0,0,0,0,0,1,0,3581,0,0,1,2,0.0,0,0,0,0,55,False,0
Omari Hutchinson,MID,Nott'm Forest,,a,,,,0.2,366,132,0,0,0,0,0,0.0,0,484,0.00,0.00,0.00,0.00,6,0,0,0.0,0.0,2026-08-22T14:00:00Z,0,False,13,0,0,0,0,0,1,0,15797,0,0,1,0,0.0,0,0,0,0,55,True,0
Joél Drakes-Thomas,MID,Crystal Palace,,a,,,,0.1,435,175,0,0,0,0,0,0.0,0,221,0.00,0.00,0.00,0.00,3,0,0,0.0,0.0,2026-08-22T14:00:00Z,0,False,9,0,0,0,0,0,1,0,8076,0,0,0,2,0.0,0,0,0,0,45,False,0
Max Dowman,MID,Arsenal,,a,,,,0.1,420,168,0,0,0,0,0,0.0,0,20,0.00,0.00,0.00,0.00,1,0,0,0.0,0.0,2026-08-21T19:00:00Z,0,False,7,0,0,0,0,0,1,0,8920,0,0,0,3,0.0,0,0,0,0,55,True,0
Wellity Lucky,DEF,Liverpool,,a,,,,0.1,409,145,0,0,0,0,0,0.0,0,361,0.00,0.00,0.00,0.00,9,0,0,0.0,0.0,2026-08-23T15:30:00Z,0,False,17,0,0,0,0,0,1,0,10838,0,0,2,2,0.0,0,0,0,0,40,False,0
Ryan Giles,DEF,Hull City,,a,,,,0.8,209,79,0,0,24,1,5,18.8,6,282,0.07,0.09,0.02,1.76,4,0,0,3.7,13.8,2026-08-22T11:30:00Z,84,False,16,0,0,0,1,0,1,0,67208,1,1,0,2,4.0,6,0,0,0,40,True,0
Gianluigi Donnarumma,GK,Man City,,a,,,,8.5,50,6,0,0,12,0,1,0.0,0,384,0.00,0.00,0.00,0.65,8,1,0,2.7,26.8,2026-08-23T13:00:00Z,90,False,3,0,0,0,4,0,1,3,722204,1,0,1,2,0.0,3,0,0,0,55,True,0
Will Hughes,MID,Crystal Palace,,a,,,,11.9,33,11,0,0,0,0,0,0.0,0,212,0.00,0.00,0.00,0.00,3,0,0,0.0,0.0,2026-08-22T14:00:00Z,0,False,9,0,0,0,0,0,1,0,1093674,0,0,0,2,0.0,0,0,0,0,45,False,0
Patrick Dorgu,MID,Man Utd,,a,,,,1.4,160,48,0,0,-11,0,1,1.2,1,415,0.03,0.50,0.47,0.92,4,2,0,0.7,0.0,2026-08-22T11:30:00Z,45,False,11,0,0,0,0,0,1,0,121744,1,0,0,2,16.0,0,0,0,0,60,False,1
Dejan Kulusevski,MID,Spurs,,i,Knee injury - Unknown return date,,0,0.0,572,241,0,0,0,0,0,0.0,0,521,0.00,0.00,0.00,0.00,2,0,0,0.0,0.0,2026-08-22T16:30:00Z,0,False,4,0,0,0,0,0,1,0,949,0,0,0,3,0.0,0,0,0,0,65,False,0
Aaron Hickey,DEF,Brentford,,a,,,,0.1,470,163,0,0,2,0,0,0.3,0,90,0.00,0.00,0.00,0.10,2,0,0,0.0,0.0,2026-08-22T16:30:00Z,14,False,19,0,0,0,2,0,1,0,5416,0,0,0,3,0.0,1,0,0,0,45,True,0
Rayan Aït-Nouri,DEF,Man City,,a,,,,0.9,196,73,0,0,0,0,0,0.0,0,392,0.00,0.00,0.00,0.00,8,0,0,0.0,0.0,2026-08-23T13:00:00Z,0,False,3,0,0,0,0,0,1,0,79425,0,0,1,2,0.0,0,0,0,0,55,True,0
Victor Torp,MID,Coventry City,,a,,,,0.2,364,130,0,0,8,0,1,16.4,1,188,0.11,0.11,0.00,0.32,1,0,0,2.3,6.8,2026-08-21T19:00:00Z,28,False,1,0,0,0,0,0,1,0,15509,0,0,0,3,0.0,1,0,0,0,55,False,0
Rúben dos Santos Gato Alves Dias,DEF,Man City,,a,,,,1.6,144,60,0,0,11,0,6,17.9,6,390,0.14,0.14,0.00,0.65,8,1,0,4.4,24.4,2026-08-23T13:00:00Z,90,False,3,0,0,0,8,0,1,0,148709,1,0,1,2,2.0,2,0,0,0,55,True,0
John McGinn,MID,Aston Villa,,a,,,,3.3,95,32,0,0,8,0,2,2.4,6,45,0.01,0.05,0.04,3.62,7,4,0,0.5,1.6,2026-08-23T13:00:00Z,81,False,5,0,0,0,3,0,1,0,290994,1,1,0,4,1.0,1,0,0,0,55,False,1
Jaydee Canvot,DEF,Crystal Palace,,a,,,,0.4,272,100,0,0,9,0,4,5.7,8,203,0.01,0.06,0.05,1.12,3,2,0,3.8,27.4,2026-08-22T14:00:00Z,90,False,9,0,0,0,3,0,1,0,30748,1,4,0,2,5.0,1,0,0,0,50,False,0
Tijjani Reijnders,MID,Man City,,u,Has joined Al Qadsiah permanently,,0,0.2,362,129,0,0,0,0,0,0.0,0,404,0.00,0.00,0.00,0.00,8,0,0,0.0,0.0,2026-08-23T13:00:00Z,0,False,3,0,0,0,0,0,1,0,11692,0,0,1,2,0.0,0,0,0,0,60,True,0
Micky van de Ven,DEF,Spurs,,a,,,,7.2,58,23,0,0,0,0,0,0.0,0,503,0.00,0.00,0.00,0.00,2,0,0,0.0,0.0,2026-08-22T16:30:00Z,0,False,4,0,0,0,0,0,1,0,522301,0,0,0,3,0.0,0,0,0,0,50,False,0
Joe Rodon,DEF,Leeds,,a,,,,3.1,101,39,0,0,21,1,6,14.4,7,329,0.06,0.09,0.03,0.66,6,0,0,3.4,14.4,2026-08-22T14:00:00Z,90,False,18,0,0,0,1,0,1,0,330772,1,1,1,0,5.0,6,0,0,0,45,False,0
Rodrigo 'Rodri' Hernandez Cascante,MID,Man City,,u,Has joined Barcelona permanently,,0,0.0,522,218,0,0,0,0,0,0.0,0,402,0.00,0.00,0.00,0.00,8,0,0,0.0,0.0,2026-08-23T13:00:00Z,0,False,3,0,0,0,0,0,1,0,2341,0,0,1,2,0.0,0,0,0,0,65,True,0
Pascal Struijk,DEF,Brighton,,a,,,100,0.2,349,133,0,0,0,0,0,0.0,0,328,0.00,0.00,0.00,0.00,7,0,0,0.0,0.0,2026-08-23T13:00:00Z,0,False,2,0,0,0,0,0,1,0,19933,0,0,0,4,0.0,0,0,0,0,50,True,0
Wilson Odobert,MID,Spurs,,i,Knee injury - Unknown return date,,0,0.0,598,262,0,0,0,0,0,0.0,0,517,0.00,0.00,0.00,0.00,2,0,0,0.0,0.0,2026-08-22T16:30:00Z,0,False,4,0,0,0,0,0,1,0,100,0,0,0,3,0.0,0,0,0,0,55,False,0
Liam Delap,FWD,Chelsea,,a,,,,0.5,261,46,0,0,0,0,0,0.0,0,167,0.00,0.00,0.00,0.00,10,0,0,0.0,0.0,2026-08-24T19:00:00Z,0,False,10,0,0,0,0,0,1,0,40156,0,0,3,2,0.0,0,0,0,0,55,False,0
Matty Jacob,DEF,Hull City,,d,Hip injury - 75% chance of playing,,75,0.0,555,188,0,0,0,0,0,0.0,0,283,0.00,0.00,0.00,0.00,4,0,0,0.0,0.0,2026-08-22T11:30:00Z,0,False,16,0,0,0,0,0,1,0,1251,0,0,0,2,0.0,0,0,0,0,40,True,0
Antonín Kinský,GK,Spurs,,a,,,,23.4,12,2,0,0,15,0,4,0.0,0,496,0.00,0.00,0.00,3.87,2,3,0,4.4,43.6,2026-08-22T16:30:00Z,90,False,4,0,0,0,12,0,1,5,2208330,1,0,0,3,0.0,2,0,0,0,45,False,0
Calvin Ramsay,DEF,Liverpool,,a,,,,0.2,339,128,0,0,0,0,0,0.0,0,365,0.00,0.00,0.00,0.00,9,0,0,0.0,0.0,2026-08-23T15:30:00Z,0,False,17,0,0,0,0,0,1,0,19328,0,0,2,2,0.0,0,0,0,0,40,False,0
Nathan Patterson,DEF,Everton,,a,,,,0.0,521,175,0,0,0,0,0,0.0,0,234,0.00,0.00,0.00,0.00,3,0,0,0.0,0.0,2026-08-22T14:00:00Z,0,False,8,0,0,0,0,0,1,0,2948,0,0,0,2,0.0,0,0,0,0,45,True,0
Ben Wilson,GK,Coventry City,,a,,,,0.5,251,35,0,0,0,0,0,0.0,0,172,0.00,0.00,0.00,0.00,1,0,0,0.0,0.0,2026-08-21T19:00:00Z,0,False,1,0,0,0,0,0,1,0,42690,0,0,0,3,0.0,0,0,0,0,45,False,0
Rio Cardines,DEF,Crystal Palace,,u,Has joined Bristol City on loan for the rest of the season,,0,0.0,591,197,0,0,0,0,0,0.0,0,220,0.00,0.00,0.00,0.00,3,0,0,0.0,0.0,2026-08-22T14:00:00Z,0,False,9,0,0,0,0,0,1,0,255,0,0,0,2,0.0,0,0,0,0,45,False,0
Walter Benítez,GK,Crystal Palace,,a,,,,0.1,414,46,0,0,0,0,0,0.0,0,199,0.00,0.00,0.00,0.00,3,0,0,0.0,0.0,2026-08-22T14:00:00Z,0,False,9,0,0,0,0,0,1,0,10987,0,0,0,2,0.0,0,0,0,0,45,False,0
João Pedro Junqueira de Jesus,FWD,Chelsea,,a,,,,63.4,2,2,1,2,45,0,1,23.0,3,165,0.06,0.69,0.63,1.33,10,2,1,11.1,51.2,2026-08-24T19:00:00Z,90,False,10,0,0,0,2,0,1,0,5764207,1,0,3,2,37.0,11,0,0,0,75,False,0
Lisandro Martínez,DEF,Man Utd,,a,,,100,1.2,177,68,0,0,0,0,0,0.0,0,419,0.00,0.00,0.00,0.00,4,0,0,0.0,0.0,2026-08-22T11:30:00Z,0,False,11,0,0,0,0,0,1,0,115360,0,0,0,2,0.0,0,0,0,0,50,False,0
Vitor de Oliveira Nunes dos Reis,DEF,Man City,,a,,,,0.0,539,183,0,0,0,0,0,0.0,0,396,0.00,0.00,0.00,0.00,8,0,0,0.0,0.0,2026-08-23T13:00:00Z,0,False,3,0,0,0,0,0,1,0,1856,0,0,1,2,0.0,0,0,0,0,45,True,0
Paddy McNair,DEF,Hull City,,a,,,,0.1,425,147,0,0,3,0,2,0.0,2,285,0.00,0.00,0.00,0.96,4,0,0,0.4,4.2,2026-08-22T11:30:00Z,26,False,16,0,0,0,1,0,1,0,8697,0,0,0,2,0.0,1,0,0,0,40,True,0
Taiwo Awoniyi,FWD,Coventry City,,a,,,,0.8,207,34,0,0,4,0,0,1.4,1,492,0.00,0.00,0.00,0.29,1,0,0,0.1,0.0,2026-08-21T19:00:00Z,20,False,1,0,0,0,1,0,1,0,76129,0,0,0,3,0.0,1,0,0,0,55,False,0
Đorđe Petrović,GK,Bournemouth,,a,,,,3.4,91,14,0,0,13,0,2,0.0,0,57,0.00,0.00,0.00,2.25,8,2,0,3.7,36.8,2026-08-23T13:00:00Z,90,False,15,0,0,0,5,0,1,4,288326,1,0,1,2,0.0,2,0,0,0,45,False,0
Marcus Rashford,MID,Man Utd,,a,,,,1.5,157,47,0,0,9,0,0,48.6,1,429,0.10,0.10,0.00,0.09,4,0,0,6.4,11.6,2026-08-22T11:30:00Z,45,False,11,0,0,0,1,0,1,0,134653,0,0,0,2,4.0,1,0,0,0,70,False,0
Ethan Nwaneri,MID,Arsenal,,a,,,,0.0,564,237,0,0,0,0,0,0.0,0,22,0.00,0.00,0.00,0.00,1,0,0,0.0,0.0,2026-08-21T19:00:00Z,0,False,7,0,0,0,0,0,1,0,1260,0,0,0,3,0.0,0,0,0,0,55,True,0
Jarrad Branthwaite,DEF,Everton,,a,,,,1.7,141,59,0,0,27,1,6,0.8,8,230,0.01,0.01,0.00,1.96,3,0,0,2.5,18.6,2026-08-22T14:00:00Z,90,False,8,0,0,0,2,0,1,0,141420,1,2,0,2,6.0,6,0,0,0,55,True,0
Matt Grimes,MID,Coventry City,,a,,,,0.2,346,122,0,0,14,0,4,3.7,7,184,0.01,0.01,0.00,1.88,1,3,0,1.7,13.4,2026-08-21T19:00:00Z,90,False,1,0,0,0,3,0,1,0,17412,1,0,0,3,0.0,2,0,0,0,50,False,0
Senne Lammens,GK,Man Utd,,a,,,,17.2,24,5,0,0,7,0,2,0.0,0,412,0.00,0.00,0.00,1.01,4,2,0,2.0,20.2,2026-08-22T11:30:00Z,90,False,11,0,0,0,8,0,1,2,1497029,1,0,0,2,0.0,1,0,0,0,50,False,0
Nobel Mendy,DEF,Hull City,,a,,,,0.9,197,74,0,1,35,1,13,0.6,13,586,0.00,0.28,0.28,0.86,4,0,1,8.5,51.8,2026-08-22T11:30:00Z,63,False,16,0,0,0,2,0,1,0,92688,1,0,0,2,33.0,15,0,0,0,40,True,0
Wesley Fofana,DEF,Chelsea,,s,Suspended until 6 Sep,,0,0.0,570,192,0,0,0,0,0,0.0,0,145,0.00,0.00,0.00,0.00,10,0,0,0.0,0.0,2026-08-24T19:00:00Z,0,False,10,0,0,0,0,0,1,0,1057,0,0,3,2,0.0,0,0,0,0,50,False,0
Frank Onyeka,MID,Coventry City,,a,,,,0.1,388,144,0,0,8,0,3,1.6,9,104,0.01,0.01,0.00,1.88,1,3,0,0.5,3.6,2026-08-21T19:00:00Z,90,False,1,0,0,0,5,0,1,0,13188,1,1,0,3,0.0,2,0,0,0,50,False,0
Christian Walton,GK,Ipswich Town,,a,,,,0.6,247,33,0,0,0,0,0,0.0,0,300,0.00,0.00,0.00,0.00,5,0,0,0.0,0.0,2026-08-22T14:00:00Z,0,False,20,0,0,0,0,0,1,0,47085,0,0,1,2,0.0,0,0,0,0,45,True,0
Nordi Mukiele,DEF,Sunderland,,a,,,100,2.4,115,46,0,0,0,0,0,0.0,0,533,0.00,0.00,0.00,0.00,5,0,0,0.0,0.0,2026-08-22T14:00:00Z,0,False,12,0,0,0,0,0,1,0,257772,0,0,1,2,0.0,0,0,0,0,55,False,0
Cody Gakpo,MID,Liverpool,,a,,,,3.6,84,28,0,3,33,0,4,34.0,12,367,0.15,0.45,0.30,1.58,9,2,1,11.5,44.0,2026-08-23T15:30:00Z,90,False,17,0,0,0,5,0,1,0,310403,1,3,2,2,37.0,12,0,0,0,70,False,0
Matty Cash,DEF,Aston Villa,,a,,,,8.5,48,19,0,0,-8,0,5,1.1,7,32,0.00,0.00,0.00,3.77,7,4,0,1.3,12.0,2026-08-23T13:00:00Z,90,False,5,0,0,0,0,0,1,0,789072,1,2,0,4,0.0,-1,0,0,0,45,False,1
Kevin Santos Lopes de Macedo,MID,Fulham,,a,,,,0.1,468,192,0,0,2,0,0,1.9,3,263,0.01,0.01,0.00,0.03,10,0,0,0.7,5.2,2026-08-24T19:00:00Z,17,False,6,0,0,0,1,0,1,0,5144,0,2,3,2,0.0,1,0,0,0,55,True,0
George Shepherd,MID,Coventry City,,a,,,,0.3,298,99,0,0,0,0,0,0.0,0,189,0.00,0.00,0.00,0.00,1,0,0,0.0,0.0,2026-08-21T19:00:00Z,0,False,1,0,0,0,0,0,1,0,28435,0,0,0,3,0.0,0,0,0,0,45,False,0
Trai Hume,DEF,Sunderland,,a,,,,6.6,60,24,0,0,14,0,1,39.4,4,534,0.27,0.31,0.04,1.69,5,1,0,6.2,9.4,2026-08-22T14:00:00Z,79,False,12,0,0,0,6,0,1,0,641436,1,3,1,2,13.0,2,0,0,0,45,False,0
Sven Botman,DEF,Newcastle,,a,,,,0.4,275,101,0,0,4,0,10,0.3,10,447,0.01,0.01,0.00,2.98,9,2,0,3.3,32.4,2026-08-23T15:30:00Z,90,False,14,0,0,0,2,0,1,0,34765,1,0,2,2,0.0,3,0,0,0,50,True,0
Benjamin Sesko,FWD,Man Utd,,d,Shin injury - 75% chance of playing,,75,1.4,166,24,0,0,2,0,0,0.5,0,439,0.00,0.04,0.04,0.07,4,0,0,0.9,0.0,2026-08-22T11:30:00Z,23,False,11,0,0,0,0,0,1,0,114788,0,0,0,2,9.0,1,0,0,0,70,False,0
Carlos Baleba,MID,Brighton,,i,Ankle injury - Expected back 23 Aug,,0,0.2,336,117,0,0,0,0,0,0.0,0,131,0.00,0.00,0.00,0.00,7,0,0,0.0,0.0,2026-08-23T13:00:00Z,0,False,2,0,0,0,0,0,1,0,17798,0,0,0,4,0.0,0,0,0,0,50,True,0
Granit Xhaka,MID,Sunderland,,a,,,,4.5,74,24,1,2,31,0,2,31.4,13,544,0.09,0.09,0.00,1.80,5,2,0,5.0,18.8,2026-08-22T14:00:00Z,90,False,12,0,0,0,8,0,1,0,392611,1,3,1,2,0.0,9,0,0,0,55,False,0
Marco Bizot,GK,Aston Villa,,a,,,,0.1,412,45,0,0,1,0,2,0.0,0,29,0.00,0.00,0.00,3.77,7,4,0,2.8,28.2,2026-08-23T13:00:00Z,90,False,5,0,0,0,6,0,1,3,10183,1,0,0,4,0.0,1,0,0,0,45,False,0
Chris Richards,DEF,Crystal Palace,,a,,,,0.8,210,80,0,0,13,0,14,0.7,16,202,0.00,0.00,0.00,1.12,3,2,0,4.3,42.6,2026-08-22T14:00:00Z,90,False,9,0,0,0,1,0,1,0,66477,1,2,0,2,0.0,3,0,0,0,50,False,0
Zavier Gozo,MID,Crystal Palace,,a,,,,0.0,575,243,0,0,0,0,0,0.0,0,595,0.00,0.00,0.00,0.00,3,0,0,0.0,0.0,2026-08-22T14:00:00Z,0,False,9,0,0,0,0,0,1,0,1214,0,0,0,2,0.0,0,0,0,0,50,False,0
Ethan Pinnock,DEF,Brentford,,a,,,,0.1,444,155,0,0,0,0,0,0.0,0,91,0.00,0.00,0.00,0.00,2,0,0,0.0,0.0,2026-08-22T16:30:00Z,0,False,19,0,0,0,0,0,1,0,7000,0,0,0,3,0.0,0,0,0,0,45,True,0
Luke Shaw,DEF,Man Utd,,a,,,,21.5,15,4,0,0,13,0,3,59.2,4,423,0.26,0.26,0.00,1.01,4,2,0,9.0,25.2,2026-08-22T11:30:00Z,90,False,11,0,0,0,3,0,1,0,1947696,1,1,0,2,6.0,1,0,0,0,45,False,0
Tanaka Ao,MID,Leeds,,a,,,,0.3,318,108,0,0,0,0,0,0.0,0,345,0.00,0.00,0.00,0.00,6,0,0,0.0,0.0,2026-08-22T14:00:00Z,0,False,18,0,0,0,0,0,1,0,23052,0,0,1,0,0.0,0,0,0,0,50,False,0
Leo Fuhr Hjelde,DEF,Sunderland,,u,Has joined KV Mechelen on loan for the rest of the season,,0,0.1,432,149,0,0,0,0,0,0.0,0,538,0.00,0.00,0.00,0.00,5,0,0,0.0,0.0,2026-08-22T14:00:00Z,0,False,12,0,0,0,0,0,1,0,6220,0,0,1,2,0.0,0,0,0,0,40,False,0
Callum Hudson-Odoi,MID,Nott'm Forest,,a,,,100,0.2,325,112,0,0,0,0,0,0.0,0,482,0.00,0.00,0.00,0.00,6,0,0,0.0,0.0,2026-08-22T14:00:00Z,0,False,13,0,0,0,0,0,1,0,23579,0,0,1,0,0.0,0,0,0,0,60,True,0
Ryan Sessegnon,DEF,Fulham,,a,,,,0.4,264,98,0,0,7,0,1,0.5,1,269,0.00,0.03,0.03,0.03,10,0,0,2.6,6.6,2026-08-24T19:00:00Z,17,False,6,0,0,0,1,0,1,0,39784,0,0,3,2,19.0,1,0,0,0,45,True,0
Matt O'Riley,MID,Brighton,,a,,,,0.1,431,173,0,0,0,0,0,0.0,0,126,0.00,0.00,0.00,0.00,7,0,0,0.0,0.0,2026-08-23T13:00:00Z,0,False,2,0,0,0,0,0,1,0,8249,0,0,0,4,0.0,0,0,0,0,55,True,0
Sandro Tonali,MID,Spurs,,a,,,,4.2,78,26,0,0,14,0,0,6.4,4,455,0.06,0.10,0.04,3.87,2,3,0,2.1,6.2,2026-08-22T16:30:00Z,90,False,4,0,0,0,3,0,1,0,376914,1,1,0,3,8.0,2,0,0,0,55,False,0
Jaden Philogene,MID,Ipswich Town,,a,,,,0.2,370,136,0,0,0,0,0,0.0,0,318,0.00,0.00,0.00,0.00,5,0,0,0.0,0.0,2026-08-22T14:00:00Z,0,False,20,0,0,0,0,0,1,0,14821,0,0,1,2,0.0,0,0,0,0,55,True,0
Luc De Fougerolles,DEF,Fulham,0.0,,,,,,,,0,0,0,0,0,0.0,0,610,0.00,0.00,0.00,0.00,10,0,0,0.0,0.0,2026-08-24T19:00:00Z,0,False,6,0,0,0,0,0,1,0,0,0,0,3,2,0.0,0,0,0,0,40,True,0
Alisson Becker,GK,Liverpool,,a,,,,3.6,85,13,0,0,7,0,2,0.0,0,350,0.00,0.00,0.00,1.58,9,2,0,1.8,17.8,2026-08-23T15:30:00Z,90,False,17,0,0,0,6,0,1,3,302846,1,0,2,2,0.0,2,0,0,0,55,False,0
Matteo Ruggeri,DEF,Aston Villa,,a,,,,0.1,482,166,0,0,3,0,0,0.0,2,596,0.00,0.00,0.00,0.14,7,0,0,0.4,4.0,2026-08-23T13:00:00Z,8,False,5,0,0,0,0,0,1,0,7884,0,2,0,4,0.0,1,0,0,0,45,False,0
Brandon Thomas-Asante,FWD,Coventry City,,a,,,,0.8,211,35,0,0,9,0,5,1.1,6,194,0.02,0.02,0.00,1.60,1,3,0,0.6,4.6,2026-08-21T19:00:00Z,69,False,1,0,0,0,1,0,1,0,66198,1,0,0,3,0.0,2,0,0,0,50,False,0
Jefferson Lerma Solís,MID,Crystal Palace,,a,,,,0.1,413,163,0,0,0,0,0,0.0,0,213,0.00,0.00,0.00,0.00,3,0,0,0.0,0.0,2026-08-22T14:00:00Z,0,False,9,0,0,0,0,0,1,0,10665,0,0,0,2,0.0,0,0,0,0,50,False,0
Alex Iwobi,MID,Fulham,,a,,,,1.0,189,64,0,0,17,0,3,11.3,10,261,0.04,0.04,0.00,2.24,10,3,0,2.4,12.4,2026-08-24T19:00:00Z,90,False,6,0,0,0,6,0,1,0,88413,1,1,3,2,0.0,2,0,0,0,55,True,0
Harry Howell,MID,Brighton,,u,Has joined Leicester City on loan for the rest of the season,,0,0.1,422,169,0,0,0,0,0,0.0,0,132,0.00,0.00,0.00,0.00,7,0,0,0.0,0.0,2026-08-23T13:00:00Z,0,False,2,0,0,0,0,0,1,0,6770,0,0,0,4,0.0,0,0,0,0,45,True,0
Felipe Rodrigues da Silva,DEF,Nott'm Forest,,a,,,,0.0,485,168,0,0,0,0,0,0.0,0,470,0.00,0.00,0.00,0.00,6,0,0,0.0,0.0,2026-08-22T14:00:00Z,0,False,13,0,0,0,0,0,1,0,4345,0,0,1,0,0.0,0,0,0,0,50,True,0
Dean Henderson,GK,Crystal Palace,,d,Ankle injury - 75% chance of playing,,75,2.5,114,18,0,0,14,0,3,0.0,0,198,0.00,0.00,0.00,1.12,3,2,0,2.8,28.2,2026-08-22T14:00:00Z,90,False,9,0,0,0,13,0,1,3,171144,1,0,0,2,0.0,2,0,0,0,50,False,0
Ibrahim Sangaré,MID,Nott'm Forest,,a,,,,1.1,179,59,0,0,10,0,3,13.0,6,488,0.01,0.04,0.03,0.47,6,1,0,3.4,17.8,2026-08-22T14:00:00Z,90,False,13,0,0,0,3,0,1,0,100536,1,0,1,0,3.0,2,0,0,0,50,True,0
Jaidon Anthony,MID,Brentford,,a,,,,0.2,381,141,0,0,9,0,0,34.9,8,105,0.35,0.38,0.03,0.10,2,0,0,4.7,10.6,2026-08-22T16:30:00Z,23,False,19,0,0,0,6,0,1,0,14244,0,2,0,3,1.0,1,0,0,0,60,True,0
William Saliba,DEF,Arsenal,,i,Back injury - Unknown return date,,0,0.3,294,108,0,0,0,0,0,0.0,0,6,0.00,0.00,0.00,0.00,1,0,0,0.0,0.0,2026-08-21T19:00:00Z,0,False,7,0,0,0,0,0,1,0,26559,0,0,0,3,0.0,0,0,0,0,60,True,0
David Akintola,MID,Hull City,,a,,,,0.0,512,214,0,0,0,0,0,0.0,0,296,0.00,0.00,0.00,0.00,4,0,0,0.0,0.0,2026-08-22T11:30:00Z,0,False,16,0,0,0,0,0,1,0,3400,0,0,0,2,0.0,0,0,0,0,50,True,0
Luca Netz,DEF,Nott'm Forest,,a,,,,0.0,530,178,0,0,-2,0,0,0.9,0,478,0.00,0.00,0.00,0.13,6,1,0,0.1,0.0,2026-08-22T14:00:00Z,16,False,13,0,0,0,1,0,1,0,2322,0,0,1,0,0.0,1,0,0,0,45,True,0
Georginio Rutter,FWD,Brighton,,a,,,,0.9,194,30,1,0,22,1,1,11.4,7,125,0.44,0.52,0.08,0.29,7,0,0,4.6,19.8,2026-08-23T13:00:00Z,90,False,2,0,0,0,4,0,1,0,78765,1,2,0,4,15.0,5,0,0,0,55,True,0
Darko Gyabi,MID,Hull City,,i,Thigh injury - Unknown return date,,0,0.0,507,212,0,0,0,0,0,0.0,0,297,0.00,0.00,0.00,0.00,4,0,0,0.0,0.0,2026-08-22T11:30:00Z,0,False,16,0,0,0,0,0,1,0,2774,0,0,0,2,0.0,0,0,0,0,45,True,0
Nick Pope,GK,Newcastle,,a,,,,1.3,170,24,0,0,0,0,0,0.0,0,442,0.00,0.00,0.00,0.00,9,0,0,0.0,0.0,2026-08-23T15:30:00Z,0,False,14,0,0,0,0,0,1,0,113822,0,0,2,2,0.0,0,0,0,0,50,True,0
Kevin Danso,DEF,Spurs,,a,,,,0.2,374,142,0,0,0,0,0,0.0,0,501,0.00,0.00,0.00,0.00,2,0,0,0.0,0.0,2026-08-22T16:30:00Z,0,False,4,0,0,0,0,0,1,0,15516,0,0,0,3,0.0,0,0,0,0,50,False,0
Malick Thiaw,DEF,Newcastle,,a,,,,1.7,136,56,0,0,0,0,15,0.2,15,445,0.00,0.00,0.00,2.98,9,2,0,3.8,37.8,2026-08-23T15:30:00Z,90,False,14,0,0,0,2,0,1,0,146838,1,0,2,2,0.0,3,0,0,0,50,True,0
Elliot Anderson,MID,Man City,,a,,,,8.4,51,17,0,0,14,0,1,20.8,6,481,0.25,0.25,0.00,0.55,8,1,0,2.8,7.2,2026-08-23T13:00:00Z,62,False,3,0,0,0,3,0,1,0,707651,1,2,1,2,0.0,2,0,0,0,65,True,0
Mark Gillespie,GK,Newcastle,,a,,,,0.0,520,61,0,0,0,0,0,0.0,0,443,0.00,0.00,0.00,0.00,9,0,0,0.0,0.0,2026-08-23T15:30:00Z,0,False,14,0,0,0,0,0,1,0,2989,0,0,2,2,0.0,0,0,0,0,45,True,0
Hugo Ekitiké,FWD,Liverpool,,i,Achilles injury - Unknown return date,,0,0.2,378,57,0,0,0,0,0,0.0,0,380,0.00,0.00,0.00,0.00,9,0,0,0.0,0.0,2026-08-23T15:30:00Z,0,False,17,0,0,0,0,0,1,0,14410,0,0,2,2,0.0,0,0,0,0,75,False,0
Rico Henry,DEF,Brentford,,a,,,,0.3,319,119,0,0,0,0,0,0.0,0,89,0.00,0.00,0.00,0.00,2,0,0,0.0,0.0,2026-08-22T16:30:00Z,0,False,19,0,0,0,0,0,1,0,22322,0,0,0,3,0.0,0,0,0,0,45,True,0
Jørgen Strand Larsen,FWD,Crystal Palace,,a,,,,0.6,245,42,0,0,3,0,0,3.5,0,222,0.01,0.26,0.25,0.14,3,0,0,2.2,1.0,2026-08-22T14:00:00Z,27,False,9,0,0,0,0,0,1,0,50940,0,0,0,2,17.0,1,0,0,0,60,False,0
Harvey Elliott,MID,Liverpool,,a,,,,0.1,452,180,0,0,0,0,0,0.0,0,383,0.00,0.00,0.00,0.00,9,0,0,0.0,0.0,2026-08-23T15:30:00Z,0,False,17,0,0,0,0,0,1,0,6399,0,0,2,2,0.0,0,0,0,0,55,False,0
Joachim Andersen,DEF,Fulham,,s,Suspended until 30 Aug,,0,0.0,506,172,0,0,0,0,0,0.0,0,253,0.00,0.00,0.00,0.00,10,0,0,0.0,0.0,2026-08-24T19:00:00Z,0,False,6,0,0,0,0,0,1,0,3342,0,0,3,2,0.0,0,0,0,0,50,True,0
Dário Luís Essugo,MID,Chelsea,,a,,,,0.2,347,123,0,0,0,0,0,0.0,0,163,0.00,0.00,0.00,0.00,10,0,0,0.0,0.0,2026-08-24T19:00:00Z,0,False,10,0,0,0,0,0,1,0,18298,0,0,3,2,0.0,0,0,0,0,45,False,0
Tim Iroegbunam,MID,Everton,,i,Groin injury - Unknown return date,,0,0.0,540,223,0,0,0,0,0,0.0,0,240,0.00,0.00,0.00,0.00,3,0,0,0.0,0.0,2026-08-22T14:00:00Z,0,False,8,0,0,0,0,0,1,0,1417,0,0,0,2,0.0,0,0,0,0,50,True,0
Diego Gómez Amarilla,MID,Brighton,,a,,,,3.4,90,30,1,0,27,1,2,25.1,6,127,0.48,0.66,0.18,0.29,7,0,0,9.9,33.0,2026-08-23T13:00:00Z,85,False,2,0,0,0,1,0,1,0,355972,1,3,0,4,41.0,6,0,0,0,50,True,0
Tarik Muharemović,DEF,Leeds,,a,,,,3.3,93,36,0,0,25,1,7,0.6,7,334,0.00,0.09,0.09,0.66,6,0,0,3.3,15.6,2026-08-22T14:00:00Z,90,False,18,0,0,0,1,0,1,0,306283,1,0,1,0,17.0,6,0,0,0,50,False,0
Vitalii Mykolenko,DEF,Everton,,a,,,,1.5,153,64,0,0,27,1,4,13.8,4,233,0.05,0.05,0.00,1.96,3,0,0,2.9,12.8,2026-08-22T14:00:00Z,90,False,8,0,0,0,4,0,1,0,134687,1,0,0,2,2.0,6,0,0,0,45,True,0
Alex Murphy,DEF,Newcastle,,u,Has joined FC Kaiserslautern on loan for the rest of the season,,0,0.2,353,135,0,0,0,0,0,0.0,0,451,0.00,0.00,0.00,0.00,9,0,0,0.0,0.0,2026-08-23T15:30:00Z,0,False,14,0,0,0,0,0,1,0,12873,0,0,2,2,0.0,0,0,0,0,40,True,0
Dillon Phillips,GK,Hull City,,a,,,,1.6,143,22,0,0,0,0,0,0.0,0,273,0.00,0.00,0.00,0.00,4,0,0,0.0,0.0,2026-08-22T11:30:00Z,0,False,16,0,0,0,0,0,1,0,138196,0,0,0,2,0.0,0,0,0,0,40,True,0
Cole Palmer,MID,Chelsea,,a,,,,10.4,39,14,1,3,60,0,0,41.3,9,154,0.19,0.47,0.28,1.24,10,2,1,16.1,65.2,2026-08-24T19:00:00Z,82,False,10,0,0,0,7,0,1,0,919516,1,2,3,2,54.0,13,0,0,0,95,False,0
Romain Esse,MID,Crystal Palace,,a,,,,0.0,499,207,0,0,0,0,0,0.0,0,216,0.00,0.00,0.00,0.00,3,0,0,0.0,0.0,2026-08-22T14:00:00Z,0,False,9,0,0,0,0,0,1,0,3728,0,0,0,2,0.0,0,0,0,0,50,False,0
Mamadou Sarr,DEF,Chelsea,,a,,,,0.1,451,160,0,0,0,0,0,0.0,0,150,0.00,0.00,0.00,0.00,10,0,0,0.0,0.0,2026-08-24T19:00:00Z,0,False,10,0,0,0,0,0,1,0,6689,0,0,3,2,0.0,0,0,0,0,45,False,0
Jake O'Brien,DEF,Everton,,a,,,,0.5,253,93,0,0,0,0,0,0.0,0,232,0.00,0.00,0.00,0.00,3,0,0,0.0,0.0,2026-08-22T14:00:00Z,0,False,8,0,0,0,0,0,1,0,44689,0,0,0,2,0.0,0,0,0,0,50,True,0
Jacob Ramsey,MID,Newcastle,,a,,,,0.4,280,92,0,0,1,0,3,1.3,6,456,0.01,0.07,0.06,1.50,9,1,0,1.3,7.8,2026-08-23T15:30:00Z,34,False,14,0,0,0,1,0,1,0,34032,0,2,2,2,4.0,0,0,0,0,50,True,1
Ephron Mason-Clark,MID,Coventry City,,a,,,100,0.1,411,162,0,0,0,0,0,0.0,0,186,0.00,0.00,0.00,0.00,1,0,0,0.0,0.0,2026-08-21T19:00:00Z,0,False,1,0,0,0,0,0,1,0,11314,0,0,0,3,0.0,0,0,0,0,55,False,0
Gonzalo García,FWD,Fulham,,a,,,,2.1,126,17,0,0,33,0,0,4.3,2,569,0.01,0.74,0.73,2.24,10,3,1,8.2,37.2,2026-08-24T19:00:00Z,90,False,6,0,0,0,1,0,1,0,180799,1,1,3,2,40.0,6,0,0,0,60,True,0
Brian Madjo,FWD,Aston Villa,,i,Unspecified injury - Unknown return date,,0,0.6,234,39,0,0,0,0,0,0.0,0,582,0.00,0.00,0.00,0.00,7,0,0,0.0,0.0,2026-08-23T13:00:00Z,0,False,5,0,0,0,0,0,1,0,46241,0,0,0,4,0.0,0,0,0,0,55,False,0
Remi Matthews,GK,Crystal Palace,,a,,,,1.7,138,21,0,0,0,0,0,0.0,0,555,0.00,0.00,0.00,0.00,3,0,0,0.0,0.0,2026-08-22T14:00:00Z,0,False,9,0,0,0,0,0,1,0,156141,0,0,0,2,0.0,0,0,0,0,40,False,0
Ola Aina,DEF,Nott'm Forest,,a,,,,3.8,82,31,0,0,24,1,2,35.6,2,473,0.17,0.21,0.04,0.34,6,0,0,6.3,16.0,2026-08-22T14:00:00Z,73,False,13,0,0,0,4,0,1,0,328883,1,0,1,0,11.0,5,0,0,0,45,True,1
Kieran Dowell,MID,Hull City,,a,,,,0.4,271,90,0,0,0,0,0,0.0,0,288,0.00,0.00,0.00,0.00,4,0,0,0.0,0.0,2026-08-22T11:30:00Z,0,False,16,0,0,0,0,0,1,0,35457,0,0,0,2,0.0,0,0,0,0,45,True,0
Jordan Henderson,MID,Chelsea,,d,Wrist injury - 75% chance of playing,,75,0.0,502,209,0,0,0,0,0,0.0,0,101,0.00,0.00,0.00,0.00,10,0,0,0.0,0.0,2026-08-24T19:00:00Z,0,False,10,0,0,0,0,0,1,0,3629,0,0,3,2,0.0,0,0,0,0,50,False,0
Bart Verbruggen,GK,Brighton,,a,,,,21.0,17,3,0,0,25,1,0,0.0,0,109,0.00,0.00,0.00,0.29,7,0,0,0.7,6.6,2026-08-23T13:00:00Z,90,False,2,0,0,0,4,0,1,0,1987586,1,0,0,4,0.0,6,0,0,0,45,True,0
Yehor Yarmoliuk,MID,Brentford,,a,,,,1.4,164,52,0,0,7,0,1,0.8,6,102,0.00,0.04,0.04,0.10,2,0,0,0.6,2.2,2026-08-22T16:30:00Z,23,False,19,0,0,0,3,0,1,0,123741,0,2,0,3,3.0,1,0,0,0,50,True,0
Marcus Tavernier,MID,Bournemouth,,a,,,,1.6,146,43,0,3,32,0,2,17.2,8,68,0.08,0.48,0.40,2.25,8,2,1,7.5,40.0,2026-08-23T13:00:00Z,90,False,15,0,0,0,4,0,1,0,139421,1,2,1,2,18.0,10,0,0,0,60,False,0
Daichi Kamada,MID,Crystal Palace,,a,,,,0.3,312,105,0,0,25,0,3,29.3,14,214,0.27,0.27,0.00,1.12,3,2,0,5.0,20.4,2026-08-22T14:00:00Z,90,False,9,0,0,0,8,0,1,0,24728,1,3,0,2,0.0,3,0,0,0,50,False,1
Kalvin Phillips,MID,Man City,,u,Has joined Sheffield United on loan for the rest of the season,,0,0.0,561,236,0,0,0,0,0,0.0,0,408,0.00,0.00,0.00,0.00,8,0,0,0.0,0.0,2026-08-23T13:00:00Z,0,False,3,0,0,0,0,0,1,0,1073,0,0,1,2,0.0,0,0,0,0,50,True,0
Ali Al-Hamadi,FWD,Ipswich Town,,a,,,,0.1,391,59,0,0,0,0,0,0.0,0,322,0.00,0.00,0.00,0.00,5,0,0,0.0,0.0,2026-08-22T14:00:00Z,0,False,20,0,0,0,0,0,1,0,13332,0,0,1,2,0.0,0,0,0,0,50,True,0
Alejandro Garnacho Ferreyra,MID,Aston Villa,,a,,,,0.6,231,76,0,0,2,0,0,0.0,0,160,0.00,0.00,0.00,0.14,7,0,0,0.0,0.0,2026-08-23T13:00:00Z,4,False,5,0,0,0,0,0,1,0,54802,0,0,0,4,0.0,1,0,0,0,60,False,0
Robin Roefs,GK,Sunderland,,a,,,,4.5,73,10,0,0,7,0,1,0.0,0,529,0.00,0.00,0.00,1.80,5,2,0,1.5,15.2,2026-08-22T14:00:00Z,90,False,12,0,0,0,8,0,1,1,397315,1,0,1,2,0.0,1,0,0,0,50,False,0
Pape Matar Sarr,MID,Spurs,,a,,,,0.4,284,94,0,0,0,0,0,0.0,0,518,0.00,0.00,0.00,0.00,2,0,0,0.0,0.0,2026-08-22T16:30:00Z,0,False,4,0,0,0,0,0,1,0,25576,0,0,0,3,0.0,0,0,0,0,50,False,0
Steven Benda,GK,Nott'm Forest,,a,,,,0.0,488,53,0,0,0,0,0,0.0,0,590,0.00,0.00,0.00,0.00,6,0,0,0.0,0.0,2026-08-22T14:00:00Z,0,False,13,0,0,0,0,0,1,0,5245,0,0,1,0,0.0,0,0,0,0,45,True,0
Ryan Yates,MID,Nott'm Forest,,i,Unspecified injury - Unknown return date,,0,2.9,105,35,0,0,0,0,0,0.0,0,489,0.00,0.00,0.00,0.00,6,0,0,0.0,0.0,2026-08-22T14:00:00Z,0,False,13,0,0,0,0,0,1,0,177323,0,0,1,0,0.0,0,0,0,0,45,True,0
William Osula,FWD,Newcastle,,a,,,,1.0,190,29,1,0,18,0,2,13.7,5,465,0.14,0.20,0.06,1.48,9,1,0,5.0,28.2,2026-08-23T15:30:00Z,55,False,14,0,0,0,2,0,1,0,83021,1,1,2,2,8.0,4,0,0,0,60,True,0
Promise David,FWD,Brighton,,a,,,,0.2,354,56,0,0,0,0,0,0.0,0,594,0.00,0.00,0.00,0.00,7,0,0,0.0,0.0,2026-08-23T13:00:00Z,0,False,2,0,0,0,0,0,1,0,20944,0,0,0,4,0.0,0,0,0,0,60,True,0
Joelinton Cássio Apolinário de Lira,MID,Newcastle,,i,Unspecified injury - Unknown return date,,0,0.1,478,197,0,0,0,0,0,0.0,0,458,0.00,0.00,0.00,0.00,9,0,0,0.0,0.0,2026-08-23T15:30:00Z,0,False,14,0,0,0,0,0,1,0,3620,0,0,2,2,0.0,0,0,0,0,55,True,0
James Rowswell,DEF,Spurs,,a,,,,0.1,446,156,0,0,0,0,0,0.0,0,510,0.00,0.00,0.00,0.00,2,0,0,0.0,0.0,2026-08-22T16:30:00Z,0,False,4,0,0,0,0,0,1,0,7021,0,0,0,3,0.0,0,0,0,0,40,False,0
Pascal Groß,MID,Brighton,,a,,,,14.1,31,9,0,0,18,1,0,56.9,5,124,0.27,0.27,0.00,0.29,7,0,0,8.6,21.0,2026-08-23T13:00:00Z,90,False,2,0,0,0,2,0,1,0,1308033,1,3,0,4,8.0,2,0,0,0,55,True,1
Azor Matusiwa,MID,Ipswich Town,,i,Muscular injury - Unknown return date,,0,0.0,587,253,0,0,0,0,0,0.0,0,310,0.00,0.00,0.00,0.00,5,0,0,0.0,0.0,2026-08-22T14:00:00Z,0,False,20,0,0,0,0,0,1,0,430,0,0,1,2,0.0,0,0,0,0,50,True,0
Lewis Koumas,MID,Liverpool,,a,,,,0.0,550,230,0,0,4,0,0,0.5,1,381,0.00,0.03,0.03,0.48,9,0,0,0.9,1.2,2026-08-23T15:30:00Z,12,False,17,0,0,0,1,0,1,0,1626,0,0,2,2,7.0,1,0,0,0,50,False,0
Óscar Zambrano,MID,Hull City,,i,Thigh injury - Unknown return date,,0,0.1,392,147,0,0,0,0,0,0.0,0,294,0.00,0.00,0.00,0.00,4,0,0,0.0,0.0,2026-08-22T11:30:00Z,0,False,16,0,0,0,0,0,1,0,10995,0,0,0,2,0.0,0,0,0,0,45,True,0
Luka Vušković,DEF,Brighton,,a,,,,2.7,112,44,0,0,19,1,4,4.5,4,504,0.03,0.16,0.13,0.29,7,0,0,2.9,12.4,2026-08-23T13:00:00Z,90,False,2,0,0,0,2,0,1,0,221596,1,0,0,4,12.0,6,0,0,0,50,True,0
Jack Hinshelwood,MID,Brighton,,a,,,,0.4,266,86,0,3,54,1,0,13.4,3,123,0.02,1.43,1.41,0.19,7,0,2,14.5,72.8,2026-08-23T13:00:00Z,63,False,2,0,0,0,1,0,1,0,39219,1,2,0,4,59.0,16,0,0,0,60,True,0
Christos Tzolis,MID,Arsenal,,a,,,,22.1,14,6,1,0,30,1,2,39.8,6,557,0.14,0.33,0.19,0.06,1,0,0,8.7,17.0,2026-08-21T19:00:00Z,75,False,7,0,0,0,3,0,1,0,2247384,1,1,0,3,30.0,6,0,0,0,65,True,0
Rayan Vitor Simplício Rocha,MID,Bournemouth,,a,,,,2.8,107,36,0,0,9,0,1,11.3,1,67,0.03,0.07,0.04,2.06,8,1,0,3.5,6.2,2026-08-23T13:00:00Z,88,False,15,0,0,0,0,0,1,0,242374,1,0,1,2,17.0,2,0,0,0,65,False,0
Mateus Fernandes,MID,Spurs,,a,,,,2.1,125,40,0,0,16,0,0,27.2,2,525,0.06,0.06,0.00,2.18,2,1,0,3.6,7.2,2026-08-22T16:30:00Z,45,False,4,0,0,0,1,0,1,0,178624,0,1,0,3,2.0,1,0,0,0,60,False,0
Djed Spence,DEF,Spurs,,u,Has joined Internazionale permanently,,0,1.6,152,63,0,0,0,0,0,0.0,0,505,0.00,0.00,0.00,0.00,2,0,0,0.0,0.0,2026-08-22T16:30:00Z,0,False,4,0,0,0,0,0,1,0,93085,0,0,0,3,0.0,0,0,0,0,45,False,0
Evan Ferguson,FWD,Brighton,,i,Ankle injury - Expected back 10 Oct,,0,0.0,524,69,0,0,0,0,0,0.0,0,139,0.00,0.00,0.00,0.00,7,0,0,0.0,0.0,2026-08-23T13:00:00Z,0,False,2,0,0,0,0,0,1,0,2877,0,0,0,4,0.0,0,0,0,0,50,True,0
João Pedro Loureiro da Costa,DEF,Brighton,,a,,,,0.0,536,181,0,0,7,0,3,1.9,4,119,0.00,0.12,0.12,0.10,7,0,0,2.8,8.2,2026-08-23T13:00:00Z,26,False,2,0,0,0,0,0,1,0,2148,0,1,0,4,18.0,1,0,0,0,45,True,0
Julián Araujo Zúñiga,DEF,Bournemouth,,i,Thigh injury - Unknown return date,,0,0.0,534,180,0,0,0,0,0,0.0,0,65,0.00,0.00,0.00,0.00,8,0,0,0.0,0.0,2026-08-23T13:00:00Z,0,False,15,0,0,0,0,0,1,0,1775,0,0,1,2,0.0,0,0,0,0,45,False,0
James Maddison,MID,Spurs,,a,,,,1.4,163,51,0,0,6,0,1,8.3,2,515,0.01,0.01,0.00,0.85,2,0,0,2.1,4.4,2026-08-22T16:30:00Z,22,False,4,0,0,0,1,0,1,0,119410,0,0,0,3,8.0,1,0,0,0,65,False,0
Tyler Bindon,DEF,Nott'm Forest,,a,,,,0.2,350,134,0,0,0,0,0,0.0,0,479,0.00,0.00,0.00,0.00,6,0,0,0.0,0.0,2026-08-22T14:00:00Z,0,False,13,0,0,0,0,0,1,0,18342,0,0,1,0,0.0,0,0,0,0,40,True,0
Juanlu Sánchez,DEF,Bournemouth,,a,,,,0.2,348,132,0,0,0,0,0,0.0,0,573,0.00,0.00,0.00,0.00,8,0,0,0.0,0.0,2026-08-23T13:00:00Z,0,False,15,0,0,0,0,0,1,0,18342,0,0,1,2,0.0,0,0,0,0,45,False,0
Alex Palmer,GK,Ipswich Town,,a,,,,4.9,69,9,0,0,0,0,0,0.0,0,301,0.00,0.00,0.00,0.00,5,0,0,0.0,0.0,2026-08-22T14:00:00Z,0,False,20,0,0,0,0,0,1,0,426453,0,0,1,2,0.0,0,0,0,0,40,True,0
Joe Willock,MID,Newcastle,,a,,,,0.1,418,166,0,0,28,0,0,13.9,3,460,0.17,0.26,0.09,1.50,9,1,1,6.1,38.4,2026-08-23T15:30:00Z,34,False,14,0,0,0,1,0,1,0,10181,0,2,2,2,9.0,6,0,0,0,50,True,0
Charlie Hughes,DEF,Hull City,,i,Groin injury - Unknown return date,,0,0.2,360,138,0,0,0,0,0,0.0,0,278,0.00,0.00,0.00,0.00,4,0,0,0.0,0.0,2026-08-22T11:30:00Z,0,False,16,0,0,0,0,0,1,0,12660,0,0,0,2,0.0,0,0,0,0,40,True,0
Ewen Jaouen,GK,Newcastle,,a,,,,0.0,523,62,0,0,0,0,0,0.0,0,444,0.00,0.00,0.00,0.00,9,0,0,0.0,0.0,2026-08-23T15:30:00Z,0,False,14,0,0,0,0,0,1,0,2666,0,0,2,2,0.0,0,0,0,0,45,True,0
Christantus Uche,FWD,Crystal Palace,,u,has returned to Getafe CF,,0,0.0,599,72,0,0,0,0,0,0.0,0,225,0.00,0.00,0.00,0.00,3,0,0,0.0,0.0,2026-08-22T14:00:00Z,0,False,9,0,0,0,0,0,1,0,0,0,0,0,2,0.0,0,0,0,0,50,False,0
Luke Woolfenden,DEF,Coventry City,,a,,,,0.2,357,137,0,0,0,0,0,0.0,0,180,0.00,0.00,0.00,0.00,1,0,0,0.0,0.0,2026-08-21T19:00:00Z,0,False,1,0,0,0,0,0,1,0,16501,0,0,0,3,0.0,0,0,0,0,40,False,0
Mohamed Belloumi,MID,Hull City,,a,,,,0.4,265,85,0,0,8,1,3,2.2,10,286,0.03,0.08,0.05,1.83,4,0,0,2.0,10.6,2026-08-22T11:30:00Z,90,False,16,0,0,0,3,0,1,0,40446,1,4,0,2,7.0,3,0,0,0,50,True,0
Lewis Dunk,DEF,Brighton,,a,,,,1.0,192,71,0,0,24,1,1,6.4,2,116,0.04,0.04,0.00,0.29,7,0,0,2.0,13.4,2026-08-23T13:00:00Z,90,False,2,0,0,0,2,0,1,0,88762,1,1,0,4,0.0,6,0,0,0,45,True,0
Will Dennis,GK,Bournemouth,,a,,,,0.2,359,39,0,0,0,0,0,0.0,0,59,0.00,0.00,0.00,0.00,8,0,0,0.0,0.0,2026-08-23T13:00:00Z,0,False,15,0,0,0,0,0,1,0,16822,0,0,1,2,0.0,0,0,0,0,40,False,0
Reiss Nelson,MID,Arsenal,,a,,,,0.0,578,245,0,0,0,0,0,0.0,0,24,0.00,0.00,0.00,0.00,1,0,0,0.0,0.0,2026-08-21T19:00:00Z,0,False,7,0,0,0,0,0,1,0,853,0,0,0,3,0.0,0,0,0,0,55,True,0
Callum Olusesi,MID,Spurs,,a,,,,0.9,199,67,0,0,0,0,0,0.0,0,524,0.00,0.00,0.00,0.00,2,0,0,0.0,0.0,2026-08-22T16:30:00Z,0,False,4,0,0,0,0,0,1,0,79913,0,0,0,3,0.0,0,0,0,0,45,False,0
Harrison Armstrong,MID,Everton,,a,,,,0.1,453,181,1,0,25,1,3,14.7,16,244,0.04,0.04,0.00,1.96,3,0,0,4.8,28.8,2026-08-22T14:00:00Z,90,False,8,0,0,0,11,0,1,0,6793,1,2,0,2,4.0,8,0,0,0,50,True,0
Anton Stach,MID,Leeds,,a,,,,0.9,193,66,0,3,37,1,8,2.3,16,335,0.05,0.15,0.10,0.66,6,0,1,6.6,47.8,2026-08-22T14:00:00Z,90,False,18,0,0,0,5,0,1,0,80326,1,3,1,0,16.0,13,0,0,0,60,False,0
Nehemiah Oriola,MID,Brighton,,a,,,,0.3,317,107,0,0,0,0,0,0.0,0,134,0.00,0.00,0.00,0.00,7,0,0,0.0,0.0,2026-08-23T13:00:00Z,0,False,2,0,0,0,0,0,1,0,24725,0,0,0,4,0.0,0,0,0,0,45,True,0
Zach Abbott,DEF,Nott'm Forest,,a,,,,0.3,322,121,0,0,0,0,0,0.0,0,477,0.00,0.00,0.00,0.00,6,0,0,0.0,0.0,2026-08-22T14:00:00Z,0,False,13,0,0,0,0,0,1,0,23851,0,0,1,0,0.0,0,0,0,0,40,True,0
Diego Coppola,DEF,Brighton,,a,,,,0.0,551,187,0,0,0,0,0,0.0,0,117,0.00,0.00,0.00,0.00,7,0,0,0.0,0.0,2026-08-23T13:00:00Z,0,False,2,0,0,0,0,0,1,0,1583,0,0,0,4,0.0,0,0,0,0,45,True,0
Veljko Milosavljevic,DEF,Bournemouth,,i,Unspecified injury - Unknown return date,,0,0.0,562,190,0,0,0,0,0,0.0,0,63,0.00,0.00,0.00,0.00,8,0,0,0.0,0.0,2026-08-23T13:00:00Z,0,False,15,0,0,0,0,0,1,0,1122,0,0,1,2,0.0,0,0,0,0,50,False,0
Mykhailo Mudryk,MID,Chelsea,,a,,,,0.0,503,210,0,0,0,0,0,0.0,0,578,0.00,0.00,0.00,0.00,10,0,0,0.0,0.0,2026-08-24T19:00:00Z,0,False,10,0,0,0,0,0,1,0,3847,0,0,3,2,0.0,0,0,0,0,55,False,0
Francisco Evanilson de Lima Barbosa,FWD,Bournemouth,,a,,,,2.2,120,15,1,0,17,1,4,11.9,8,79,0.21,0.21,0.00,1.94,8,0,0,3.3,19.4,2026-08-23T13:00:00Z,74,False,15,0,0,0,3,0,1,0,200122,1,1,1,2,2.0,4,0,0,0,60,False,1
Justin Kluivert,MID,Bournemouth,,a,,,,1.1,180,60,0,0,15,1,1,14.3,9,70,0.00,0.11,0.11,1.94,8,0,0,4.2,11.0,2026-08-23T13:00:00Z,74,False,15,0,0,0,5,0,1,0,96045,1,3,1,2,17.0,3,0,0,0,60,False,0
Haji Wright,FWD,Coventry City,,i,Thigh injury - Unknown return date,,0,0.3,296,53,0,0,0,0,0,0.0,0,193,0.00,0.00,0.00,0.00,1,0,0,0.0,0.0,2026-08-21T19:00:00Z,0,False,1,0,0,0,0,0,1,0,18871,0,0,0,3,0.0,0,0,0,0,55,False,0
Antoine Semenyo,MID,Man City,,a,,,,26.3,10,4,0,0,16,0,0,8.9,5,397,0.02,0.08,0.06,0.65,8,1,0,4.6,5.8,2026-08-23T13:00:00Z,90,False,3,0,0,0,4,0,1,0,2354040,1,1,1,2,31.0,2,0,0,0,85,True,0
Jeremy Jacquet,DEF,Liverpool,,a,,,100,2.3,118,48,0,0,9,0,2,11.9,3,362,0.02,0.02,0.00,1.04,9,2,0,2.4,12.4,2026-08-23T15:30:00Z,69,False,17,0,0,0,3,0,1,0,205604,1,1,2,2,0.0,1,0,0,0,50,False,0
Gabriel Martinelli Silva,MID,Arsenal,,a,,,,0.2,329,114,0,0,0,0,0,0.0,0,18,0.00,0.00,0.00,0.00,1,0,0,0.0,0.0,2026-08-21T19:00:00Z,0,False,7,0,0,0,0,0,1,0,21290,0,0,0,3,0.0,0,0,0,0,65,True,0
James McConnell,MID,Liverpool,,a,,,,0.3,320,109,0,0,0,0,0,0.0,0,378,0.00,0.00,0.00,0.00,9,0,0,0.0,0.0,2026-08-23T15:30:00Z,0,False,17,0,0,0,0,0,1,0,24189,0,0,2,2,0.0,0,0,0,0,45,False,0
Leon Bailey,MID,Aston Villa,,a,,,,0.1,395,150,0,0,0,0,0,0.0,0,44,0.00,0.00,0.00,0.00,7,0,0,0.0,0.0,2026-08-23T13:00:00Z,0,False,5,0,0,0,0,0,1,0,12940,0,0,0,4,0.0,0,0,0,0,55,False,0
Jack Fletcher,MID,Man Utd,,a,,,,0.0,574,242,0,0,0,0,0,0.0,0,434,0.00,0.00,0.00,0.00,4,0,0,0.0,0.0,2026-08-22T11:30:00Z,0,False,11,0,0,0,0,0,1,0,1008,0,0,0,2,0.0,0,0,0,0,50,False,0
Yasin Ayari,MID,Brighton,,a,,,,0.7,219,72,0,0,8,1,1,15.0,4,129,0.03,0.14,0.11,0.19,7,0,0,1.7,0.0,2026-08-23T13:00:00Z,63,False,2,0,0,0,3,0,1,0,61091,1,0,0,4,6.0,2,0,0,0,55,True,1
Noussair Mazraoui,DEF,Man Utd,,a,,,,0.7,226,87,0,0,8,0,4,29.4,5,422,0.05,0.27,0.22,1.01,4,2,0,5.6,17.4,2026-08-22T11:30:00Z,79,False,11,0,0,0,3,0,1,0,56217,1,1,0,2,9.0,1,0,0,0,45,False,0
Sean Steur,MID,Newcastle,,a,,,,0.1,415,164,0,0,3,0,0,1.2,2,462,0.00,0.00,0.00,1.48,9,1,0,0.2,0.4,2026-08-23T15:30:00Z,55,False,14,0,0,0,2,0,1,0,9830,1,0,2,2,0.0,1,0,0,0,50,True,0
Armin Pecsi,GK,Liverpool,,u,Has joined TSV Hartberg on loan for the rest of the season,,0,0.0,495,54,0,0,0,0,0,0.0,0,353,0.00,0.00,0.00,0.00,9,0,0,0.0,0.0,2026-08-23T15:30:00Z,0,False,17,0,0,0,0,0,1,0,2936,0,0,2,2,0.0,0,0,0,0,40,False,0
Lucas Herrington,DEF,Hull City,,a,,,,0.6,246,91,0,0,4,0,4,0.0,4,585,0.00,0.00,0.00,0.96,4,0,0,0.8,8.0,2026-08-22T11:30:00Z,26,False,16,0,0,0,0,0,1,0,53978,0,0,0,2,0.0,1,0,0,0,40,True,0
Freddie Woodman,GK,Liverpool,,a,,,,1.1,181,26,0,0,0,0,0,0.0,0,352,0.00,0.00,0.00,0.00,9,0,0,0.0,0.0,2026-08-23T15:30:00Z,0,False,17,0,0,0,0,0,1,0,97477,0,0,2,2,0.0,0,0,0,0,40,False,0
Michael Kayode,DEF,Brentford,,a,,,,3.3,96,38,0,1,36,1,4,1.5,4,88,0.00,0.50,0.50,0.47,2,0,1,8.1,33.8,2026-08-22T16:30:00Z,75,False,19,0,0,0,5,0,1,0,282611,1,0,0,3,46.0,13,0,0,0,45,True,0
Dane Scarlett,FWD,Spurs,,a,,,,1.7,142,20,0,0,0,0,0,0.0,0,528,0.00,0.00,0.00,0.00,2,0,0,0.0,0.0,2026-08-22T16:30:00Z,0,False,4,0,0,0,0,0,1,0,149807,0,0,0,3,0.0,0,0,0,0,45,False,0
Harvey Barnes,MID,Newcastle,,a,,,,1.1,183,61,0,0,12,0,3,2.4,8,453,0.02,0.09,0.07,2.98,9,2,0,1.7,5.2,2026-08-23T15:30:00Z,90,False,14,0,0,0,4,0,1,0,95531,1,1,2,2,9.0,2,0,0,0,60,True,0
Nilson Angulo,MID,Sunderland,,a,,,,0.1,473,195,0,0,23,0,1,3.3,7,551,0.01,0.16,0.15,1.66,5,1,1,5.2,32.8,2026-08-22T14:00:00Z,58,False,12,0,0,0,5,0,1,0,5260,1,1,1,2,16.0,5,0,0,0,50,False,1
Nicolás Domínguez,MID,Nott'm Forest,,a,,,,0.1,440,177,0,0,0,0,0,0.0,0,487,0.00,0.00,0.00,0.00,6,0,0,0.0,0.0,2026-08-22T14:00:00Z,0,False,13,0,0,0,0,0,1,0,7576,0,0,1,0,0.0,0,0,0,0,50,True,0
Omar Alderete,DEF,Sunderland,,a,,,100,0.4,278,103,0,0,2,0,0,0.6,0,535,0.01,0.01,0.00,0.10,5,1,0,0.0,0.0,2026-08-22T14:00:00Z,23,False,12,0,0,0,2,0,1,0,41929,0,0,1,2,0.0,1,0,0,0,50,False,0
Mateo Joseph Fernández-Regatillo,FWD,Leeds,,i,Knee injury - Unknown return date,,0,0.1,445,63,0,0,0,0,0,0.0,0,349,0.00,0.00,0.00,0.00,6,0,0,0.0,0.0,2026-08-22T14:00:00Z,0,False,18,0,0,0,0,0,1,0,5936,0,0,1,0,0.0,0,0,0,0,45,False,0
Miguel Brau,DEF,Coventry City,,a,,,,0.0,501,171,0,0,0,0,0,0.0,0,181,0.00,0.00,0.00,0.00,1,0,0,0.0,0.0,2026-08-21T19:00:00Z,0,False,1,0,0,0,0,0,1,0,3736,0,0,0,3,0.0,0,0,0,0,40,False,0
Jason Steele,GK,Brighton,,a,,,,4.2,77,12,0,0,0,0,0,0.0,0,111,0.00,0.00,0.00,0.00,7,0,0,0.0,0.0,2026-08-23T13:00:00Z,0,False,2,0,0,0,0,0,1,0,369830,0,0,0,4,0.0,0,0,0,0,40,True,0
Brian Brobbey,FWD,Sunderland,,a,,,,14.5,29,6,0,0,1,0,0,1.5,0,552,0.00,0.30,0.30,1.69,5,1,0,1.1,0.0,2026-08-22T14:00:00Z,66,False,12,0,0,0,0,0,1,0,1279847,1,0,1,2,9.0,2,0,0,0,60,False,0
Eddie Nketiah,FWD,Crystal Palace,,a,,,,0.5,256,44,0,0,12,0,1,24.5,3,224,0.58,1.18,0.60,0.84,3,2,0,5.8,10.4,2026-08-22T14:00:00Z,55,False,9,0,0,0,1,0,1,0,43148,1,1,0,2,23.0,1,0,0,0,55,False,0
Jordan Pickford,GK,Everton,,a,,,,8.0,52,7,0,0,34,1,0,0.0,0,226,0.02,0.02,0.00,1.96,3,0,0,3.2,31.8,2026-08-22T14:00:00Z,90,False,8,0,0,0,12,0,1,4,698199,1,0,0,2,0.0,7,0,0,0,55,True,0
Tyler Adams,MID,Bournemouth,,d,Unspecified injury - 75% chance of playing,,75,0.3,310,104,0,0,4,0,3,0.6,3,73,0.00,0.00,0.00,0.31,8,2,0,0.4,3.6,2026-08-23T13:00:00Z,15,False,15,0,0,0,0,0,1,0,19512,0,0,1,2,0.0,1,0,0,0,50,False,0
Endo Wataru,MID,Liverpool,,a,,,100,0.1,480,198,0,0,0,0,0,0.0,0,374,0.00,0.00,0.00,0.00,9,0,0,0.0,0.0,2026-08-23T15:30:00Z,0,False,17,0,0,0,0,0,1,0,5090,0,0,2,2,0.0,0,0,0,0,50,False,0
John Victor Maciel Furtado,GK,Nott'm Forest,,a,,,,0.1,463,51,0,0,0,0,0,0.0,0,468,0.00,0.00,0.00,0.00,6,0,0,0.0,0.0,2026-08-22T14:00:00Z,0,False,13,0,0,0,0,0,1,0,5970,0,0,1,0,0.0,0,0,0,0,45,True,0
Jorge Cuenca Barreno,DEF,Fulham,,a,,,,0.0,542,184,0,0,7,0,9,21.3,10,255,0.03,0.03,0.00,2.24,10,3,0,5.4,32.8,2026-08-24T19:00:00Z,90,False,6,0,0,0,3,0,1,0,1787,1,1,3,2,0.0,3,0,0,0,45,True,0
Carl Rushworth,GK,Coventry City,,a,,,,1.1,185,27,0,0,0,0,1,0.0,0,110,0.01,0.01,0.00,1.88,1,3,0,1.4,14.2,2026-08-21T19:00:00Z,90,False,1,0,0,0,7,0,1,2,100521,1,0,0,3,0.0,1,0,0,0,45,False,0
Kepa Arrizabalaga Revuelta,GK,Arsenal,,a,,,,0.1,436,49,0,0,0,0,0,0.0,0,2,0.00,0.00,0.00,0.00,1,0,0,0.0,0.0,2026-08-21T19:00:00Z,0,False,7,0,0,0,0,0,1,0,7415,0,0,0,3,0.0,0,0,0,0,50,True,0
Fraser Forster,GK,Bournemouth,,a,,,,3.2,97,15,0,0,0,0,0,0.0,0,58,0.00,0.00,0.00,0.00,8,0,0,0.0,0.0,2026-08-23T13:00:00Z,0,False,15,0,0,0,0,0,1,0,283903,0,0,1,2,0.0,0,0,0,0,40,False,0
Ronald Araujo,DEF,Liverpool,,a,,,,2.2,122,49,0,0,3,0,3,1.2,4,579,0.03,0.03,0.00,0.54,9,0,0,1.4,13.2,2026-08-23T15:30:00Z,20,False,17,0,0,0,1,0,1,0,211388,0,1,2,2,0.0,1,0,0,0,55,False,0
Jenson Seelt,DEF,Sunderland,,a,,,,0.0,576,195,0,0,0,0,0,0.0,0,537,0.00,0.00,0.00,0.00,5,0,0,0.0,0.0,2026-08-22T14:00:00Z,0,False,12,0,0,0,0,0,1,0,941,0,0,1,2,0.0,0,0,0,0,45,False,0
Adam Smith,DEF,Bournemouth,,a,,,,0.1,429,148,0,0,4,0,4,0.6,5,64,0.00,0.00,0.00,2.25,8,2,0,0.8,7.0,2026-08-23T13:00:00Z,90,False,15,0,0,0,3,0,1,0,8561,1,1,1,2,0.0,1,0,0,0,45,False,0
Ben Gannon-Doak,MID,Bournemouth,,a,,,,0.1,430,172,0,0,3,0,0,0.1,1,72,0.00,0.00,0.00,0.19,8,1,0,0.2,0.2,2026-08-23T13:00:00Z,1,False,15,0,0,0,1,0,1,0,7889,0,0,1,2,2.0,1,0,0,0,50,False,0
Nathan Collins,DEF,Brentford,,a,,,,1.9,129,52,0,0,21,1,3,21.5,3,84,0.04,0.38,0.34,0.57,2,0,0,5.0,11.6,2026-08-22T16:30:00Z,90,False,19,0,0,0,3,0,1,0,156847,1,0,0,3,17.0,6,0,0,0,55,True,0
James Trafford,GK,Leeds,,a,,,,3.0,104,17,0,2,28,1,0,0.0,0,385,0.00,0.00,0.00,0.66,6,0,0,1.9,19.4,2026-08-22T14:00:00Z,90,False,18,0,0,0,9,0,1,3,265439,1,0,1,0,0.0,9,0,0,0,50,False,0
Luka Lynch,MID,Aston Villa,0.0,,,,,,,,0,0,0,0,0,0.0,0,607,0.00,0.00,0.00,0.00,7,0,0,0.0,0.0,2026-08-23T13:00:00Z,0,False,5,0,0,0,0,0,1,0,0,0,0,0,4,0.0,0,0,0,0,45,False,0
Sean Longstaff,MID,Leeds,,a,,,,0.1,390,146,0,0,3,0,0,0.2,0,339,0.00,0.00,0.00,0.07,6,0,0,0.0,0.0,2026-08-22T14:00:00Z,8,False,18,0,0,0,0,0,1,0,12582,0,0,1,0,0.0,1,0,0,0,50,False,0
Josh King,MID,Fulham,,a,,,,0.2,383,143,0,0,34,0,2,15.6,8,268,0.04,0.21,0.17,2.24,10,3,1,9.8,41.6,2026-08-24T19:00:00Z,90,False,6,0,0,0,4,0,1,0,14215,1,2,3,2,41.0,7,0,0,0,55,True,0
Richarlison de Andrade,FWD,Spurs,,a,,,,3.0,102,13,0,0,6,0,1,2.2,1,527,0.00,0.00,0.00,3.02,2,3,0,0.2,0.0,2026-08-22T16:30:00Z,67,False,4,0,0,0,0,0,1,0,283639,1,0,0,3,0.0,2,0,0,0,60,False,0
Diogo Dalot Teixeira,DEF,Man Utd,,a,,,,2.8,109,42,0,0,6,0,1,11.3,3,417,0.00,0.00,0.00,0.00,4,0,0,1.9,7.6,2026-08-22T11:30:00Z,10,False,11,0,0,0,1,0,1,0,246316,0,2,0,2,0.0,1,0,0,0,50,False,0
Cathal McCarthy,DEF,Hull City,,a,,,,0.1,437,151,0,0,0,0,0,0.0,0,284,0.00,0.00,0.00,0.00,4,0,0,0.0,0.0,2026-08-22T11:30:00Z,0,False,16,0,0,0,0,0,1,0,7616,0,0,0,2,0.0,0,0,0,0,40,True,0
Tino Livramento,DEF,Newcastle,,i,Calf injury - Unknown return date,,0,0.1,469,162,0,0,0,0,0,0.0,0,450,0.00,0.00,0.00,0.00,9,0,0,0.0,0.0,2026-08-23T15:30:00Z,0,False,14,0,0,0,0,0,1,0,4326,0,0,2,2,0.0,0,0,0,0,50,True,0
Jack Taylor,MID,Ipswich Town,,i,Knee injury - Unknown return date,,0,0.1,467,191,0,0,0,0,0,0.0,0,312,0.00,0.00,0.00,0.00,5,0,0,0.0,0.0,2026-08-22T14:00:00Z,0,False,20,0,0,0,0,0,1,0,4505,0,0,1,2,0.0,0,0,0,0,45,True,0
Igor Thiago Nascimento Rodrigues,FWD,Brentford,,a,,,,17.4,23,4,0,0,-3,1,1,4.0,5,106,0.08,1.08,1.00,0.50,2,0,0,1.4,2.2,2026-08-22T16:30:00Z,82,False,19,0,1,0,4,0,1,0,1509299,1,0,0,3,8.0,0,0,0,0,80,True,0
Alfie Cresswell,MID,Leeds,0.0,,,,,,,,0,0,0,0,0,0.0,0,604,0.00,0.00,0.00,0.00,6,0,0,0.0,0.0,2026-08-22T14:00:00Z,0,False,18,0,0,0,0,0,1,0,0,0,0,1,0,0.0,0,0,0,0,45,False,0
Danny Welbeck,FWD,Chelsea,,d,Unspecified injury - 75% chance of playing,,75,1.6,145,21,0,0,0,0,0,0.0,0,136,0.00,0.00,0.00,0.00,10,0,0,0.0,0.0,2026-08-24T19:00:00Z,0,False,10,0,0,0,0,0,1,0,112037,0,0,3,2,0.0,0,0,0,0,60,False,0
Tammy Abraham,FWD,Aston Villa,,d,Knock - 75% chance of playing,,75,0.1,387,58,0,0,0,0,0,0.0,0,56,0.00,0.00,0.00,0.00,7,0,0,0.0,0.0,2026-08-23T13:00:00Z,0,False,5,0,0,0,0,0,1,0,11764,0,0,0,4,0.0,0,0,0,0,55,False,0
Jannik Schuster,DEF,Brentford,,a,,,,0.2,373,141,0,0,0,0,0,0.0,0,93,0.00,0.00,0.00,0.00,2,0,0,0.0,0.0,2026-08-22T16:30:00Z,0,False,19,0,0,0,0,0,1,0,15125,0,0,0,3,0.0,0,0,0,0,45,True,0
Caoimhín Kelleher,GK,Brentford,,a,,,,5.8,63,8,0,0,34,1,0,0.0,0,82,0.01,0.01,0.00,0.57,2,0,0,3.1,31.4,2026-08-22T16:30:00Z,90,False,19,0,0,0,5,0,1,4,513912,1,0,0,3,0.0,7,0,0,0,50,True,0
Tom Cairney,MID,Fulham,,i,Knee injury - Expected back 10 Oct,,0,0.0,585,251,0,0,0,0,0,0.0,0,266,0.00,0.00,0.00,0.00,10,0,0,0.0,0.0,2026-08-24T19:00:00Z,0,False,6,0,0,0,0,0,1,0,464,0,0,3,2,0.0,0,0,0,0,50,True,0
Kayne van Oevelen,GK,Ipswich Town,,a,,,,0.0,497,55,0,0,0,0,0,0.0,0,554,0.00,0.00,0.00,0.00,5,0,0,0.0,0.0,2026-08-22T14:00:00Z,0,False,20,0,0,0,0,0,1,0,3509,0,0,1,2,0.0,0,0,0,0,45,True,0
Abdukodir Khusanov,DEF,Man City,,a,,,,1.7,132,54,0,0,14,0,2,3.4,4,393,0.02,0.02,0.00,0.65,8,1,0,2.0,17.0,2026-08-23T13:00:00Z,90,False,3,0,0,0,6,0,1,0,147622,1,2,1,2,0.0,2,0,0,0,55,True,0
Mamadou Sangaré,MID,Brentford,,a,,,,3.2,98,33,2,3,41,1,4,21.8,13,565,0.33,0.38,0.05,0.47,2,0,0,7.4,31.6,2026-08-22T16:30:00Z,75,False,19,0,0,0,7,0,1,0,294770,1,2,0,3,21.0,14,0,0,0,55,True,0
Anthony Elanga,MID,Newcastle,,a,,,,0.7,217,71,0,2,31,0,1,3.5,2,454,0.01,0.23,0.22,1.94,9,1,1,6.9,37.4,2026-08-23T15:30:00Z,75,False,14,0,0,0,1,0,1,0,64591,1,0,2,2,28.0,9,0,0,0,60,True,0
Enzo Le Fée,MID,Sunderland,,a,,,,10.9,36,13,0,0,13,0,0,9.9,2,542,0.03,0.03,0.00,1.69,5,1,0,1.5,4.6,2026-08-22T14:00:00Z,79,False,12,0,0,0,1,0,1,0,942702,1,1,1,2,0.0,2,0,0,0,60,False,0
Jun'ai Byfield,DEF,Spurs,,a,,,,0.1,479,165,0,0,0,0,0,0.0,0,509,0.00,0.00,0.00,0.00,2,0,0,0.0,0.0,2026-08-22T16:30:00Z,0,False,4,0,0,0,0,0,1,0,4794,0,0,0,3,0.0,0,0,0,0,40,False,0
Benoît Badiashile Mukinayi,DEF,Chelsea,,a,,,,0.0,532,179,0,0,0,0,0,0.0,0,146,0.00,0.00,0.00,0.00,10,0,0,0.0,0.0,2026-08-24T19:00:00Z,0,False,10,0,0,0,0,0,1,0,2313,0,0,3,2,0.0,0,0,0,0,45,False,0
Abdoul Ouattara,DEF,Ipswich Town,,a,,,,0.7,215,81,0,0,4,0,2,10.0,2,592,0.00,0.00,0.00,0.03,5,0,0,1.5,5.2,2026-08-22T14:00:00Z,10,False,20,0,0,0,0,0,1,0,86218,0,0,1,2,0.0,1,0,0,0,40,True,0
Justin Devenny,MID,Crystal Palace,,a,,,,0.0,568,239,0,0,0,0,0,0.0,0,215,0.00,0.00,0.00,0.00,3,0,0,0.0,0.0,2026-08-22T14:00:00Z,0,False,9,0,0,0,0,0,1,0,1134,0,0,0,2,0.0,0,0,0,0,50,False,0
Nico O'Reilly,DEF,Man City,,a,,,,21.2,16,5,0,0,5,0,1,30.4,2,387,0.41,0.48,0.07,0.55,8,1,0,5.0,8.8,2026-08-23T13:00:00Z,62,False,3,0,0,0,5,0,1,0,1877660,1,1,1,2,11.0,2,0,0,0,65,True,0
Nikola Milenković,DEF,Nott'm Forest,,a,,,,2.0,127,51,0,0,4,0,7,0.6,7,471,0.02,0.13,0.11,0.47,6,1,0,2.2,7.6,2026-08-22T14:00:00Z,90,False,13,0,0,0,6,0,1,0,173511,1,0,1,0,14.0,2,0,0,0,55,True,0
Adam Aznou,DEF,Everton,,a,,,,0.2,363,139,0,0,0,0,0,0.0,0,235,0.00,0.00,0.00,0.00,3,0,0,0.0,0.0,2026-08-22T14:00:00Z,0,False,8,0,0,0,0,0,1,0,16732,0,0,0,2,0.0,0,0,0,0,40,True,0
Yoane Wissa,FWD,Newcastle,,a,,,,1.6,148,22,1,0,7,0,1,16.3,8,464,0.02,1.02,1.00,2.19,9,1,0,6.4,20.0,2026-08-23T15:30:00Z,90,False,14,0,0,0,3,0,1,0,142989,1,4,2,2,28.0,4,0,0,0,60,True,1
Dan Burn,DEF,Newcastle,,a,,,,2.4,117,47,0,0,0,0,0,0.0,0,448,0.00,0.00,0.00,0.00,9,0,0,0.0,0.0,2026-08-23T15:30:00Z,0,False,14,0,0,0,0,0,1,0,213973,0,0,2,2,0.0,0,0,0,0,50,True,0
Filip Jörgensen,GK,Chelsea,,u,Has joined RC Strasbourg on loan for the rest of the season,,0,0.0,531,64,0,0,0,0,0,0.0,0,141,0.00,0.00,0.00,0.00,10,0,0,0.0,0.0,2026-08-24T19:00:00Z,0,False,10,0,0,0,0,0,1,0,1796,0,0,3,2,0.0,0,0,0,0,50,False,0
Kim Ji-soo,DEF,Brentford,,a,,,,0.0,547,186,0,0,0,0,0,0.0,0,92,0.00,0.00,0.00,0.00,2,0,0,0.0,0.0,2026-08-22T16:30:00Z,0,False,19,0,0,0,0,0,1,0,1635,0,0,0,3,0.0,0,0,0,0,45,True,0
Dwight McNeil,MID,Crystal Palace,,a,,,,0.2,365,131,0,0,11,0,3,4.7,5,241,0.02,0.07,0.05,0.98,3,2,0,1.6,9.6,2026-08-22T14:00:00Z,62,False,9,0,0,0,2,0,1,0,15735,1,0,0,2,2.0,2,0,0,0,55,False,0
Mathys Tel,MID,Spurs,,a,,,,0.6,243,81,0,0,17,0,1,26.0,8,514,0.06,0.12,0.06,3.87,2,3,0,4.5,10.4,2026-08-22T16:30:00Z,90,False,4,0,0,0,7,0,1,0,50995,1,0,0,3,9.0,2,0,0,0,60,False,0
Norman Bassette,FWD,Coventry City,,u,Has joined KVC Westerlo on loan for the rest of the season,,0,0.1,454,64,0,0,0,0,0,0.0,0,197,0.00,0.00,0.00,0.00,1,0,0,0.0,0.0,2026-08-21T19:00:00Z,0,False,1,0,0,0,0,0,1,0,4620,0,0,0,3,0.0,0,0,0,0,45,False,0
Djiamgone Jocelin Ta Bi,MID,Sunderland,,a,,,,0.0,590,256,0,0,0,0,0,0.0,0,550,0.00,0.00,0.00,0.00,5,0,0,0.0,0.0,2026-08-22T14:00:00Z,0,False,12,0,0,0,0,0,1,0,501,0,0,1,2,0.0,0,0,0,0,50,False,0
Ross Barkley,MID,Aston Villa,,a,,,,0.2,338,118,0,0,11,0,1,21.4,1,46,0.02,0.12,0.10,3.55,7,4,0,3.8,9.4,2026-08-23T13:00:00Z,73,False,5,0,0,0,0,0,1,0,20508,1,0,0,4,7.0,2,0,0,0,50,False,0
Jayden Danns,FWD,Liverpool,,i,Unspecified injury - Unknown return date,,0,0.0,509,68,0,0,0,0,0,0.0,0,382,0.00,0.00,0.00,0.00,9,0,0,0.0,0.0,2026-08-23T15:30:00Z,0,False,17,0,0,0,0,0,1,0,3221,0,0,2,2,0.0,0,0,0,0,45,False,0
Lewie Coyle,DEF,Hull City,,a,,,,0.7,225,86,0,0,23,1,1,11.3,2,280,0.01,0.01,0.00,1.16,4,0,0,1.7,5.8,2026-08-22T11:30:00Z,69,False,16,0,0,0,3,0,1,0,59278,1,1,0,2,0.0,6,0,0,0,40,True,0
Noah Sadiki,MID,Sunderland,,a,,,,0.4,283,93,0,0,18,0,0,32.1,2,545,0.03,0.09,0.06,1.80,5,2,0,7.2,14.6,2026-08-22T14:00:00Z,90,False,12,0,0,0,2,0,1,0,32634,1,0,1,2,25.0,2,0,0,0,50,False,0
Jaka Bijol,DEF,Leeds,,a,,,,0.3,295,109,0,2,28,1,11,0.4,12,327,0.00,0.11,0.11,0.66,6,0,0,3.9,23.6,2026-08-22T14:00:00Z,90,False,18,0,0,0,5,0,1,0,27043,1,1,1,0,15.0,10,0,0,0,50,False,0
Daizen Maeda,MID,Ipswich Town,,a,,,,0.4,267,87,0,0,7,0,3,1.4,9,562,0.00,0.61,0.61,0.63,5,1,0,2.1,12.6,2026-08-22T14:00:00Z,79,False,20,0,0,0,2,0,1,0,37656,1,4,1,2,7.0,2,0,0,0,55,True,0
Federico Chiesa,MID,Liverpool,,a,,,,0.1,398,153,0,0,0,0,0,0.0,0,370,0.00,0.00,0.00,0.00,9,0,0,0.0,0.0,2026-08-23T15:30:00Z,0,False,17,0,0,0,0,0,1,0,11756,0,0,2,2,0.0,0,0,0,0,55,False,0
Altay Bayındır,GK,Man Utd,,u,Has joined Celta Vigo on loan for the rest of the season,,0,0.0,519,60,0,0,0,0,0,0.0,0,413,0.00,0.00,0.00,0.00,4,0,0,0.0,0.0,2026-08-22T11:30:00Z,0,False,11,0,0,0,0,0,1,0,2353,0,0,0,2,0.0,0,0,0,0,45,False,0
Matheus Santos Carneiro da Cunha,MID,Man Utd,,a,,,,10.4,40,15,0,0,14,0,0,28.2,3,428,0.21,0.45,0.24,1.01,4,2,0,6.9,5.4,2026-08-22T11:30:00Z,79,False,11,0,0,0,3,0,1,0,901042,1,0,0,2,35.0,2,0,0,0,80,False,0
Kristoffer Ajer,DEF,Brentford,,a,,,,2.8,111,43,0,0,29,1,8,0.9,10,87,0.02,0.13,0.11,0.57,2,0,0,5.6,20.0,2026-08-22T16:30:00Z,90,False,19,0,0,0,3,0,1,0,318142,1,2,0,3,35.0,8,0,0,0,45,True,0
Sander Berge,MID,Fulham,,a,,,,0.4,268,88,0,0,14,0,1,23.1,4,265,0.03,0.06,0.03,2.21,10,3,0,4.4,13.6,2026-08-24T19:00:00Z,72,False,6,0,0,0,2,0,1,0,38470,1,1,3,2,7.0,2,0,0,0,50,True,0
Luca Williams-Barnett,MID,Spurs,0.0,,,,,,,,0,0,0,0,0,0.0,0,601,0.00,0.00,0.00,0.00,2,0,0,0.0,0.0,2026-08-22T16:30:00Z,0,False,4,0,0,0,0,0,1,0,0,0,0,0,3,0.0,0,0,0,0,45,False,0
Malo Gusto,DEF,Chelsea,,a,,,,1.1,182,69,0,0,2,0,2,9.8,3,144,0.03,0.03,0.00,1.11,10,2,0,2.3,7.2,2026-08-24T19:00:00Z,75,False,10,0,0,0,4,0,1,0,98423,1,1,3,2,6.0,1,0,0,0,50,False,0
Hayden Hackney,MID,Everton,,a,,,,0.3,304,102,0,0,16,1,1,12.2,7,247,0.01,0.02,0.01,1.62,3,0,0,2.6,8.6,2026-08-22T14:00:00Z,78,False,8,0,0,0,4,0,1,0,24410,1,2,0,2,5.0,3,0,0,0,55,True,0
Kenny Tete,DEF,Fulham,,a,,,,0.3,305,113,0,0,0,0,0,0.0,0,256,0.00,0.00,0.00,0.00,10,0,0,0.0,0.0,2026-08-24T19:00:00Z,0,False,6,0,0,0,0,0,1,0,24681,0,0,3,2,0.0,0,0,0,0,45,True,0
Sebastiaan Bornauw,DEF,Leeds,,u,Has joined Hamburg SV on loan for the rest of the season,,0,0.0,583,196,0,0,0,0,0,0.0,0,333,0.00,0.00,0.00,0.00,6,0,0,0.0,0.0,2026-08-22T14:00:00Z,0,False,18,0,0,0,0,0,1,0,512,0,0,1,0,0.0,0,0,0,0,45,False,0
Giovanni Leoni,DEF,Liverpool,,i,Knee injury - Unknown return date,,0,0.0,484,167,0,0,0,0,0,0.0,0,363,0.00,0.00,0.00,0.00,9,0,0,0.0,0.0,2026-08-23T15:30:00Z,0,False,17,0,0,0,0,0,1,0,4082,0,0,2,2,0.0,0,0,0,0,40,False,0
David Button,GK,Ipswich Town,,a,,,,0.4,262,36,0,0,0,0,0,0.0,0,302,0.00,0.00,0.00,0.00,5,0,0,0.0,0.0,2026-08-22T14:00:00Z,0,False,20,0,0,0,0,0,1,0,40566,0,0,1,2,0.0,0,0,0,0,40,True,0
Enis Destan,FWD,Hull City,,u,Has joined Konyaspor permanently,,0,0.7,224,37,0,0,0,0,0,0.0,0,298,0.00,0.00,0.00,0.00,4,0,0,0.0,0.0,2026-08-22T11:30:00Z,0,False,16,0,0,0,0,0,1,0,40958,0,0,0,2,0.0,0,0,0,0,45,True,0
Harvey Davies,GK,Liverpool,,a,,,,0.1,405,43,0,0,0,0,0,0.0,0,355,0.00,0.00,0.00,0.00,9,0,0,0.0,0.0,2026-08-23T15:30:00Z,0,False,17,0,0,0,0,0,1,0,11845,0,0,2,2,0.0,0,0,0,0,40,False,0
Josh Eccles,MID,Coventry City,,a,,,,0.0,545,226,0,0,0,0,0,0.0,0,187,0.00,0.00,0.00,0.00,1,0,0,0.0,0.0,2026-08-21T19:00:00Z,0,False,1,0,0,0,0,0,1,0,1503,0,0,0,3,0.0,0,0,0,0,50,False,0
Tyrique George,MID,Everton,,a,,,,0.3,303,101,0,0,13,1,3,23.4,7,242,0.08,0.26,0.18,1.67,3,0,0,5.5,7.0,2026-08-22T14:00:00Z,83,False,8,0,0,0,4,0,1,0,24527,1,0,0,2,25.0,3,0,0,0,55,True,0
Amine Adli,MID,Bournemouth,,i,Unspecified injury - Unknown return date,,0,0.0,487,201,0,0,0,0,0,0.0,0,77,0.00,0.00,0.00,0.00,8,0,0,0.0,0.0,2026-08-23T13:00:00Z,0,False,15,0,0,0,0,0,1,0,3087,0,0,1,2,0.0,0,0,0,0,50,False,0
Harry Wilson,MID,Leeds,,a,,,,6.7,59,20,0,0,8,1,0,15.3,2,260,0.02,0.02,0.00,0.53,6,0,0,2.6,6.2,2026-08-22T14:00:00Z,65,False,18,0,0,0,0,0,1,0,577649,1,2,1,0,4.0,3,0,0,0,65,False,0
Jamie Bynoe-Gittens,MID,Chelsea,,a,,,,0.0,508,213,0,0,0,0,0,0.0,0,158,0.00,0.00,0.00,0.00,10,0,0,0.0,0.0,2026-08-24T19:00:00Z,0,False,10,0,0,0,0,0,1,0,3231,0,0,3,2,0.0,0,0,0,0,60,False,0
Mikkel Damsgaard,MID,Brentford,,a,,,,0.6,239,78,0,0,6,0,0,26.3,4,96,0.11,0.11,0.00,0.10,2,0,0,3.4,7.6,2026-08-22T16:30:00Z,14,False,19,0,0,0,3,0,1,0,52929,0,1,0,3,0.0,1,0,0,0,55,True,0
Jens Hjertø-Dahl,MID,Hull City,,a,,,,0.1,442,178,0,0,0,0,0,0.0,0,574,0.00,0.00,0.00,0.00,4,0,0,0.0,0.0,2026-08-22T11:30:00Z,0,False,16,0,0,0,0,0,1,0,7500,0,0,0,2,0.0,0,0,0,0,50,True,0
Giorgi Mamardashvili,GK,Liverpool,,a,,,,0.2,384,41,0,0,0,0,0,0.0,0,351,0.00,0.00,0.00,0.00,9,0,0,0.0,0.0,2026-08-23T15:30:00Z,0,False,17,0,0,0,0,0,1,0,13503,0,0,2,2,0.0,0,0,0,0,50,False,0
Igor Julio dos Santos de Paulo,DEF,Brighton,,a,,,,0.1,443,154,0,0,0,0,0,0.0,0,118,0.00,0.00,0.00,0.00,7,0,0,0.0,0.0,2026-08-23T13:00:00Z,0,False,2,0,0,0,0,0,1,0,7195,0,0,0,4,0.0,0,0,0,0,45,True,0
Myles Lewis-Skelly,MID,Arsenal,,a,,,,0.6,241,79,0,0,15,1,1,22.9,7,7,0.11,0.17,0.06,0.20,1,0,0,4.1,11.0,2026-08-21T19:00:00Z,90,False,7,0,0,0,5,0,1,0,55656,1,1,0,3,7.0,3,0,0,0,55,True,0
Aaron Anselmino,DEF,Chelsea,,a,,,,0.0,543,185,0,0,0,0,0,0.0,0,561,0.00,0.00,0.00,0.00,10,0,0,0.0,0.0,2026-08-24T19:00:00Z,0,False,10,0,0,0,0,0,1,0,1770,0,0,3,2,0.0,0,0,0,0,45,False,0
Dara O'Shea,DEF,Ipswich Town,,a,,,,3.4,89,35,0,0,16,0,16,24.5,18,304,0.16,0.16,0.00,0.66,5,1,0,7.5,48.0,2026-08-22T14:00:00Z,90,False,20,0,0,0,6,0,1,0,313565,1,2,1,2,2.0,4,0,0,0,40,True,0
Bendito Mantato,MID,Man Utd,,a,,,,0.2,367,133,0,0,0,0,0,0.0,0,437,0.00,0.00,0.00,0.00,4,0,0,0.0,0.0,2026-08-22T11:30:00Z,0,False,11,0,0,0,0,0,1,0,16079,0,0,0,2,0.0,0,0,0,0,45,False,0
Ilia Gruev,MID,Leeds,,i,Knee injury - Unknown return date,,0,0.0,586,252,0,0,0,0,0,0.0,0,344,0.00,0.00,0.00,0.00,6,0,0,0.0,0.0,2026-08-22T14:00:00Z,0,False,18,0,0,0,0,0,1,0,461,0,0,1,0,0.0,0,0,0,0,50,False,0
Tom Heaton,GK,Man Utd,,i,Hamstring injury - Unknown return date,,0,0.1,408,44,0,0,0,0,0,0.0,0,414,0.00,0.00,0.00,0.00,4,0,0,0.0,0.0,2026-08-22T11:30:00Z,0,False,11,0,0,0,0,0,1,0,9078,0,0,0,2,0.0,0,0,0,0,40,False,0
Toby Collyer,MID,Man Utd,,a,,,,0.0,546,227,0,0,0,0,0,0.0,0,436,0.00,0.00,0.00,0.00,4,0,0,0.0,0.0,2026-08-22T11:30:00Z,0,False,11,0,0,0,0,0,1,0,1568,0,0,0,2,0.0,0,0,0,0,50,False,0
Hákon Rafn Valdimarsson,GK,Brentford,,a,,,,0.1,421,47,0,0,0,0,0,0.0,0,83,0.00,0.00,0.00,0.00,2,0,0,0.0,0.0,2026-08-22T16:30:00Z,0,False,19,0,0,0,0,0,1,0,9667,0,0,0,3,0.0,0,0,0,0,45,True,0
Joel Latibeaudiere,DEF,Coventry City,,a,,,,0.0,486,169,0,0,0,0,0,0.0,0,179,0.00,0.00,0.00,0.00,1,0,0,0.0,0.0,2026-08-21T19:00:00Z,0,False,1,0,0,0,0,0,1,0,3977,0,0,0,3,0.0,0,0,0,0,40,False,0
Dominic Solanke-Mitchell,FWD,Spurs,,a,,,,1.5,156,23,0,0,3,0,0,0.0,0,526,0.00,0.07,0.07,0.85,2,0,0,0.5,0.0,2026-08-22T16:30:00Z,22,False,4,0,0,0,0,0,1,0,126667,0,0,0,3,5.0,1,0,0,0,60,False,0
Chemsdine Talbi,MID,Sunderland,,a,,,,0.2,328,113,0,0,1,0,0,0.9,2,549,0.00,0.00,0.00,0.14,5,1,0,0.0,0.0,2026-08-22T14:00:00Z,31,False,12,0,0,0,2,0,1,0,20822,0,0,1,2,0.0,1,0,0,0,55,False,0
Mathias Jensen,MID,Brentford,,a,,,,0.2,361,128,1,0,22,1,0,46.2,5,97,0.34,0.42,0.08,0.47,2,0,0,7.2,12.6,2026-08-22T16:30:00Z,66,False,19,0,0,0,3,0,1,0,16245,1,2,0,3,13.0,6,0,0,0,55,True,0
Alysson Edward Franco da Rocha dos Santos,MID,Aston Villa,,a,,,,0.0,498,206,0,0,5,0,1,0.0,3,52,0.00,0.00,0.00,0.14,7,0,0,0.4,4.0,2026-08-23T13:00:00Z,8,False,5,0,0,0,1,0,1,0,3792,0,1,0,4,0.0,1,0,0,0,50,False,0
Bazoumana Touré,MID,Newcastle,,a,,,,0.3,316,106,0,0,0,0,0,0.0,0,461,0.00,0.00,0.00,0.00,9,0,0,0.0,0.0,2026-08-23T15:30:00Z,0,False,14,0,0,0,0,0,1,0,22780,0,0,2,2,0.0,0,0,0,0,60,True,0
Lewis Miley,MID,Newcastle,,a,,,100,0.0,496,205,0,0,13,0,6,21.4,13,459,0.01,0.06,0.05,1.94,9,1,0,4.0,15.6,2026-08-23T15:30:00Z,75,False,14,0,0,0,6,0,1,0,4093,1,1,2,2,3.0,3,0,0,0,55,True,1
Emiliano Buendía Stati,MID,Aston Villa,,a,,,,1.4,168,53,0,0,4,0,3,16.3,7,41,0.09,0.22,0.13,3.62,7,4,0,2.2,0.0,2026-08-23T13:00:00Z,85,False,5,0,0,0,3,0,1,0,120830,1,1,0,4,8.0,2,0,0,0,60,False,0
Jacob Murphy,MID,Newcastle,,a,,,,0.2,380,140,0,0,-1,0,1,0.1,2,457,0.00,0.00,0.00,1.04,9,1,0,0.1,0.0,2026-08-23T15:30:00Z,14,False,14,0,0,0,1,0,1,0,14816,0,0,2,2,2.0,0,0,0,0,60,True,1
Manuel Ugarte Ribeiro,MID,Man Utd,,i,Knee injury - Unknown return date,,0,0.0,592,257,0,0,0,0,0,0.0,0,433,0.00,0.00,0.00,0.00,4,0,0,0.0,0.0,2026-08-22T11:30:00Z,0,False,11,0,0,0,0,0,1,0,333,0,0,0,2,0.0,0,0,0,0,50,False,0
Lewis Hall,DEF,Newcastle,,a,,,,3.5,88,34,0,0,8,0,6,15.2,11,449,0.35,0.35,0.00,2.98,9,2,0,3.7,22.0,2026-08-23T15:30:00Z,90,False,14,0,0,0,8,0,1,0,310247,1,5,2,2,0.0,3,0,0,0,50,True,0
Conor Gallagher,MID,Spurs,,a,,,,0.3,300,100,0,0,1,0,0,5.5,3,519,0.06,0.08,0.02,1.70,2,2,0,0.5,0.0,2026-08-22T16:30:00Z,45,False,4,0,0,0,2,0,1,0,26860,1,1,0,3,1.0,0,0,0,0,55,False,1
Cédric Kipré,DEF,Ipswich Town,,a,,,,0.6,227,88,0,0,0,0,0,0.0,0,303,0.00,0.00,0.00,0.00,5,0,0,0.0,0.0,2026-08-22T14:00:00Z,0,False,20,0,0,0,0,0,1,0,57775,0,0,1,2,0.0,0,0,0,0,40,True,0
Harry Maguire,DEF,Man Utd,,a,,,,16.5,25,9,0,0,15,0,4,28.6,4,418,0.40,0.44,0.04,1.01,4,2,0,7.3,25.4,2026-08-22T11:30:00Z,90,False,11,0,0,0,5,0,1,0,1650905,1,0,0,2,19.0,1,0,0,0,50,False,0
Dango Ouattara,MID,Brentford,,a,,,,1.3,174,56,0,0,6,1,2,30.8,6,95,0.29,0.34,0.05,0.47,2,0,0,4.7,1.0,2026-08-22T16:30:00Z,66,False,19,0,0,0,4,0,1,0,105835,1,0,0,3,15.0,3,0,0,0,65,True,0
Nicolas Jackson,FWD,Chelsea,,a,,,,0.3,292,52,0,0,0,0,0,0.0,0,166,0.00,0.00,0.00,0.00,10,0,0,0.0,0.0,2026-08-24T19:00:00Z,0,False,10,0,0,0,0,0,1,0,29435,0,0,3,2,0.0,0,0,0,0,65,False,0
Pep Chavarría,DEF,Chelsea,,a,,,,0.2,356,136,0,0,3,0,1,0.2,1,583,0.00,0.00,0.00,0.28,10,0,0,0.5,2.4,2026-08-24T19:00:00Z,25,False,10,0,0,0,1,0,1,0,17073,0,0,3,2,2.0,1,0,0,0,50,False,0
Triston Rowe,DEF,Aston Villa,0.0,,,,,,,,0,0,0,0,0,0.0,0,606,0.00,0.00,0.00,0.00,7,0,0,0.0,0.0,2026-08-23T13:00:00Z,0,False,5,0,0,0,0,0,1,0,0,0,0,0,4,0.0,0,0,0,0,40,False,0
Jayden Bogle,DEF,Leeds,,a,,,,0.5,252,92,0,0,24,1,2,1.1,3,330,0.00,0.00,0.00,0.66,6,0,0,0.8,7.0,2026-08-22T14:00:00Z,90,False,18,0,0,0,3,0,1,0,45674,1,1,1,0,0.0,6,0,0,0,45,False,0
Matthijs de Ligt,DEF,Man Utd,,i,Back injury - Unknown return date,,0,0.0,529,177,0,0,0,0,0,0.0,0,416,0.00,0.00,0.00,0.00,4,0,0,0.0,0.0,2026-08-22T11:30:00Z,0,False,11,0,0,0,0,0,1,0,2274,0,0,0,2,0.0,0,0,0,0,50,False,0
Tosin Adarabioyo,DEF,Chelsea,,a,,,,0.2,344,130,0,0,0,0,0,0.0,0,147,0.00,0.00,0.00,0.00,10,0,0,0.0,0.0,2026-08-24T19:00:00Z,0,False,10,0,0,0,0,0,1,0,18070,0,0,3,2,0.0,0,0,0,0,45,False,0
Youri Tielemans,MID,Man Utd,,a,,,100,2.4,116,38,0,0,13,0,0,11.3,5,43,0.11,0.15,0.04,0.94,4,2,0,2.0,5.0,2026-08-22T11:30:00Z,66,False,11,0,0,0,5,0,1,0,224637,1,0,0,2,4.0,2,0,0,0,60,False,0
George Hirst,FWD,Ipswich Town,,a,,,,0.4,277,47,0,0,0,0,0,0.0,0,317,0.00,0.00,0.00,0.00,5,0,0,0.0,0.0,2026-08-22T14:00:00Z,0,False,20,0,0,0,0,0,1,0,25160,0,0,1,2,0.0,0,0,0,0,50,True,0
Bruno Guimarães Rodriguez Moura,MID,Arsenal,,d,Thigh injury - 75% chance of playing,,75,6.3,62,21,0,0,0,0,0,0.0,0,452,0.00,0.00,0.00,0.00,1,0,0,0.0,0.0,2026-08-21T19:00:00Z,0,False,7,0,0,0,0,0,1,0,391151,0,0,0,3,0.0,0,0,0,0,70,True,0
Daniel Muñoz Mejía,DEF,Crystal Palace,,a,,,,10.1,41,14,0,0,-4,0,3,1.8,4,201,0.01,0.24,0.23,0.84,3,2,0,2.4,1.2,2026-08-22T14:00:00Z,54,False,9,0,0,0,1,0,1,0,873015,1,1,0,2,21.0,0,0,0,0,55,False,0
Xaver Schlager,MID,Nott'm Forest,,a,,,,0.1,416,165,0,0,3,0,0,1.0,1,558,0.00,0.00,0.00,0.13,6,1,0,0.4,0.6,2026-08-22T14:00:00Z,16,False,13,0,0,0,1,0,1,0,10065,0,0,1,0,2.0,1,0,0,0,50,True,0
Evann Guessand,MID,Crystal Palace,,a,,,,0.0,514,216,0,0,3,0,0,1.8,1,42,0.02,0.05,0.03,0.14,3,0,0,1.2,3.2,2026-08-22T14:00:00Z,27,False,9,0,0,0,0,0,1,0,3238,0,1,0,2,7.0,1,0,0,0,55,False,0
Mikel Merino Zazón,MID,Arsenal,,a,,,,0.7,212,69,0,0,5,0,0,1.2,2,17,0.02,0.16,0.14,0.15,1,0,0,1.9,3.6,2026-08-21T19:00:00Z,14,False,7,0,0,0,2,0,1,0,62671,0,0,0,3,14.0,1,0,0,0,60,True,0
Marcelino Núñez,MID,Ipswich Town,,a,,,,0.1,402,157,0,0,26,0,4,7.3,12,309,0.03,0.06,0.03,0.63,5,1,0,2.4,13.0,2026-08-22T14:00:00Z,79,False,20,0,0,0,6,0,1,0,11544,1,2,1,2,4.0,4,0,0,0,50,True,0
Wilson Isidor,FWD,Sunderland,,a,,,,1.1,186,28,0,0,3,0,0,0.2,0,553,0.00,0.00,0.00,0.10,5,1,0,0.0,0.0,2026-08-22T14:00:00Z,23,False,12,0,0,0,0,0,1,0,90196,0,0,1,2,0.0,1,0,0,0,55,False,0
Destiny Udogie,DEF,Spurs,,a,,,,0.5,257,96,0,0,3,0,0,0.7,0,506,0.02,0.02,0.00,0.44,2,0,0,0.0,0.0,2026-08-22T16:30:00Z,4,False,4,0,0,0,2,0,1,0,43741,0,0,0,3,0.0,1,0,0,0,45,False,0
Alexander Isak,FWD,Liverpool,,a,,,,16.4,26,5,0,0,6,0,1,14.6,1,379,0.01,1.10,1.09,1.58,9,2,0,9.2,11.4,2026-08-23T15:30:00Z,90,False,17,0,0,0,0,0,1,0,1493302,1,0,2,2,66.0,2,0,0,0,90,False,0
Michael Svoboda,DEF,Brighton,,a,,,,0.0,491,170,0,0,0,0,0,0.0,0,120,0.00,0.00,0.00,0.00,7,0,0,0.0,0.0,2026-08-23T13:00:00Z,0,False,2,0,0,0,0,0,1,0,3997,0,0,0,4,0.0,0,0,0,0,50,True,0
Jack Harrison,MID,Leeds,,u,Has joined New England Revolution permanently,,0,0.0,596,260,0,0,0,0,0,0.0,0,342,0.00,0.00,0.00,0.00,6,0,0,0.0,0.0,2026-08-22T14:00:00Z,0,False,18,0,0,0,0,0,1,0,135,0,0,1,0,0.0,0,0,0,0,50,False,0
Rayan Cherki,MID,Man City,,a,,,,7.8,54,18,2,1,28,0,0,48.8,0,399,0.50,0.50,0.00,0.10,8,0,0,9.2,39.2,2026-08-23T13:00:00Z,27,False,3,0,0,0,0,0,1,0,679336,0,0,1,2,4.0,8,0,0,0,75,True,0
Anis Mehmeti,MID,Ipswich Town,,a,,,,0.1,472,194,0,0,0,0,0,0.0,0,324,0.00,0.00,0.00,0.00,5,0,0,0.0,0.0,2026-08-22T14:00:00Z,0,False,20,0,0,0,0,0,1,0,4850,0,0,1,2,0.0,0,0,0,0,50,True,0
Morgan Gibbs-White,MID,Nott'm Forest,,a,,,,11.8,34,12,0,0,10,0,1,9.3,3,480,0.06,0.19,0.13,0.47,6,1,0,2.4,0.0,2026-08-22T14:00:00Z,90,False,13,0,0,0,2,0,1,0,1039647,1,0,1,0,16.0,2,0,0,0,80,True,0
Cheick Doucouré,MID,Crystal Palace,,a,,,,0.1,462,187,0,0,0,0,0,0.0,0,218,0.00,0.00,0.00,0.00,3,0,0,0.0,0.0,2026-08-22T14:00:00Z,0,False,9,0,0,0,0,0,1,0,6199,0,0,0,2,0.0,0,0,0,0,50,False,0
Erling Haaland,FWD,Man City,,a,,,,69.3,1,1,0,0,6,0,0,5.2,3,411,0.02,0.76,0.74,0.65,8,1,0,5.9,3.8,2026-08-23T13:00:00Z,90,False,3,0,0,0,3,0,1,0,6209794,1,0,1,2,50.0,2,0,0,0,155,True,0
Illan Meslier,GK,Arsenal,,a,,,,0.0,516,58,0,0,0,0,0,0.0,0,3,0.00,0.00,0.00,0.00,1,0,0,0.0,0.0,2026-08-21T19:00:00Z,0,False,7,0,0,0,0,0,1,0,2971,0,0,0,3,0.0,0,0,0,0,50,True,0
Simon Adingra,MID,Sunderland,,i,Ankle injury - Unknown return date,,0,0.2,369,135,0,0,0,0,0,0.0,0,546,0.00,0.00,0.00,0.00,5,0,0,0.0,0.0,2026-08-22T14:00:00Z,0,False,12,0,0,0,0,0,1,0,9551,0,0,1,2,0.0,0,0,0,0,50,False,0
James McAtee,MID,Nott'm Forest,,a,,,,0.0,513,215,0,0,18,1,2,42.5,8,486,0.16,0.16,0.00,0.34,6,0,0,5.4,11.6,2026-08-22T14:00:00Z,73,False,13,0,0,0,5,0,1,0,3147,1,1,1,0,0.0,3,0,0,0,55,True,0
Jonah Kusi-Asare,FWD,Fulham,,a,,,,7.5,56,9,0,0,0,0,0,0.0,0,272,0.00,0.00,0.00,0.00,10,0,0,0.0,0.0,2026-08-24T19:00:00Z,0,False,6,0,0,0,0,0,1,0,669004,0,0,3,2,0.0,0,0,0,0,45,True,0
Julio Enciso,MID,Ipswich Town,,a,,,,0.2,330,115,1,0,24,0,2,14.0,8,591,0.31,0.54,0.23,0.63,5,1,0,5.4,21.6,2026-08-22T14:00:00Z,70,False,20,0,0,0,5,0,1,0,24595,1,1,1,2,18.0,5,0,0,0,55,True,0
Leif Davis,DEF,Ipswich Town,,a,,,,5.3,65,26,0,0,10,0,7,2.3,7,305,0.01,0.01,0.00,0.66,5,1,0,1.8,15.2,2026-08-22T14:00:00Z,90,False,20,0,0,0,4,0,1,0,479363,1,0,1,2,0.0,2,0,0,0,40,True,0
Ollie Watkins,FWD,Aston Villa,,a,,,,10.9,37,7,0,0,0,0,0,0.0,0,55,0.00,0.00,0.00,0.00,7,0,0,0.0,0.0,2026-08-23T13:00:00Z,0,False,5,0,0,0,0,0,1,0,898121,0,0,0,4,0.0,0,0,0,0,80,False,0
Kevin Schade,MID,Brentford,,a,,,,3.5,87,29,0,0,17,1,1,11.8,9,94,0.01,0.53,0.52,0.57,2,0,0,8.5,14.4,2026-08-22T16:30:00Z,90,False,19,0,0,0,5,0,1,0,330810,1,3,0,3,59.0,3,0,0,0,60,True,0
Cristhian Mosquera,DEF,Arsenal,,a,,,,7.6,55,22,0,0,27,1,6,0.6,6,11,0.00,0.00,0.00,0.20,1,0,0,1.5,14.4,2026-08-21T19:00:00Z,90,False,7,0,0,0,3,0,1,0,571606,1,0,0,3,0.0,6,0,0,0,55,True,0
John Egan,DEF,Hull City,,a,,,,1.6,151,62,0,0,27,1,20,0.1,21,277,0.00,0.00,0.00,1.83,4,0,0,4.6,43.4,2026-08-22T11:30:00Z,90,False,16,0,0,0,3,0,1,0,134746,1,1,0,2,2.0,8,0,0,0,40,True,0
Liam Kitching,DEF,Coventry City,,a,,,,0.7,223,85,0,0,0,0,0,0.0,0,174,0.00,0.00,0.00,0.00,1,0,0,0.0,0.0,2026-08-21T19:00:00Z,0,False,1,0,0,0,0,0,1,0,60272,0,0,0,3,0.0,0,0,0,0,40,False,0
Andrés García,DEF,Aston Villa,,a,,,,1.7,135,55,0,0,0,0,0,0.0,0,38,0.00,0.00,0.00,0.00,7,0,0,0.0,0.0,2026-08-23T13:00:00Z,0,False,5,0,0,0,0,0,1,0,157304,0,0,0,4,0.0,0,0,0,0,40,False,0
Kaye Furo,FWD,Brentford,,a,,,,0.9,201,31,0,0,0,0,0,0.0,0,107,0.00,0.00,0.00,0.00,2,0,0,0.0,0.0,2026-08-22T16:30:00Z,0,False,19,0,0,0,0,0,1,0,78000,0,0,0,3,0.0,0,0,0,0,45,True,0
Kobbie Mainoo,MID,Man Utd,,a,,,,1.0,188,63,0,0,7,0,0,2.5,1,432,0.01,0.08,0.07,0.07,4,0,0,0.7,2.8,2026-08-22T11:30:00Z,23,False,11,0,0,0,1,0,1,0,89014,0,0,0,2,2.0,1,0,0,0,55,False,0
Lucas Estella Perri,GK,Leeds,,a,,,,0.6,235,30,0,0,0,0,0,0.0,0,326,0.00,0.00,0.00,0.00,6,0,0,0.0,0.0,2026-08-22T14:00:00Z,0,False,18,0,0,0,0,0,1,0,52897,0,0,1,0,0.0,0,0,0,0,45,False,0
Pau Torres,DEF,Aston Villa,,a,,,,0.4,270,99,0,0,-14,0,5,0.7,5,34,0.00,0.00,0.00,3.55,7,4,0,0.0,0.0,2026-08-23T13:00:00Z,73,False,5,0,0,0,1,0,1,0,38472,1,0,0,4,0.0,0,0,0,0,45,False,0
Moisés Caicedo Corozo,MID,Chelsea,,a,,,,3.9,79,27,0,0,0,0,0,0.0,0,159,0.00,0.00,0.00,0.00,10,0,0,0.0,0.0,2026-08-24T19:00:00Z,0,False,10,0,0,0,0,0,1,0,347122,0,0,3,2,0.0,0,0,0,0,55,False,0
Benjamin White,DEF,Arsenal,,a,,,100,3.9,80,29,1,2,37,1,4,26.8,5,10,0.21,0.39,0.18,0.20,1,0,0,7.3,33.2,2026-08-21T19:00:00Z,90,False,7,0,0,0,3,0,1,0,401419,1,1,0,3,13.0,11,0,0,0,55,True,0
César Palacios,MID,Fulham,,a,,,,0.2,343,121,0,0,10,0,0,7.3,4,570,0.01,0.17,0.16,2.21,10,3,0,1.8,2.8,2026-08-24T19:00:00Z,72,False,6,0,0,0,2,0,1,0,18267,1,2,3,2,8.0,2,0,0,0,55,True,0
Divine Mukasa,MID,Man City,,a,,,,0.2,375,138,0,0,0,0,0,0.0,0,409,0.00,0.00,0.00,0.00,8,0,0,0.0,0.0,2026-08-23T13:00:00Z,0,False,3,0,0,0,0,0,1,0,16621,0,0,1,2,0.0,0,0,0,0,45,True,0
Abdülkadir Ömür,MID,Hull City,,a,,,,0.0,548,228,0,0,0,0,0,0.0,0,292,0.00,0.00,0.00,0.00,4,0,0,0.0,0.0,2026-08-22T11:30:00Z,0,False,16,0,0,0,0,0,1,0,1546,0,0,0,2,0.0,0,0,0,0,50,True,0
Merlin Röhl,MID,Everton,,a,,,,0.1,471,193,0,0,12,1,2,13.0,9,246,0.06,0.06,0.00,1.96,3,0,0,2.9,13.8,2026-08-22T14:00:00Z,90,False,8,0,0,0,5,0,1,0,5179,1,2,0,2,2.0,3,0,0,0,50,True,0
Jay Dasilva,DEF,Coventry City,,a,,,,0.8,206,78,0,0,-4,0,6,3.8,6,176,0.02,0.02,0.00,1.88,1,3,0,1.8,13.8,2026-08-21T19:00:00Z,90,False,1,0,0,0,1,0,1,0,73424,1,0,0,3,0.0,1,0,0,0,40,False,0
Charalampos Kostoulas,FWD,Brighton,,a,,,,0.2,331,55,0,0,-1,0,0,0.4,2,138,0.00,0.18,0.18,0.10,7,0,0,0.9,0.0,2026-08-23T13:00:00Z,26,False,2,0,0,0,1,0,1,0,19339,0,1,0,4,10.0,1,0,0,0,55,True,0
Chris Wood,FWD,Nott'm Forest,,a,,,,1.8,130,18,0,0,3,0,0,2.4,1,490,0.01,0.13,0.12,0.22,6,1,0,0.4,0.0,2026-08-22T14:00:00Z,28,False,13,0,0,0,1,0,1,0,159951,0,0,1,0,3.0,1,0,0,0,60,True,0
