name,position,team,xP,status,news,chance_of_playing_this_round,chance_of_playing_next_round,selected_by_percent,selected_rank,selected_rank_type,assists,bonus,bps,clean_sheets,creativity,element,expected_assists,expected_goal_involvements,expected_goals,expected_goals_conceded,fixture,goals_conceded,goals_scored,ict_index,influence,kickoff_time,minutes,modified,opponent_team,own_goals,penalties_missed,penalties_saved,red_cards,round,saves,selected,starts,team_a_score,team_h_score,threat,total_points,transfers_balance,transfers_in,transfers_out,value,was_home,yellow_cards,clearances_blocks_interceptions,defensive_contribution,recoveries,tackles,GW
Regan Slater,MID,Hull City,,a,,,,2.8,110,37,1,0,20,1,19.3,290,0.44,0.44,0.00,1.83,4,0,0,3.8,18.4,2026-08-22T11:30:00Z,90,False,16,0,0,0,0,1,0,272889,1,0,2,0.0,6,0,0,0,45,True,0,0,3,2,1,1
Mohammed Kudus,MID,Spurs,,d,Thigh injury - 75% chance of playing,,75,0.1,419,167,0,0,0,0,0.0,512,0.00,0.00,0.00,0.00,2,0,0,0.0,0.0,2026-08-22T16:30:00Z,0,False,4,0,0,0,0,1,0,8272,0,0,3,0.0,0,0,0,0,65,False,0,0,0,0,0,1
Omar Marmoush,FWD,Man City,,a,,,,0.8,202,32,0,0,0,0,0.0,401,0.00,0.00,0.00,0.00,8,0,0,0.0,0.0,2026-08-23T13:00:00Z,0,False,3,0,0,0,0,1,0,80421,0,1,2,0.0,0,0,0,0,70,True,0,0,0,0,0,1
Tom Watson,MID,Brighton,,u,Has joined Leicester City on loan for the rest of the season,,0,0.0,593,258,0,0,0,0,0.0,133,0.00,0.00,0.00,0.00,7,0,0,0.0,0.0,2026-08-23T13:00:00Z,0,False,2,0,0,0,0,1,0,241,0,0,4,0.0,0,0,0,0,50,True,0,0,0,0,0,1
Brenden Aaronson,MID,Leeds,,a,,,,1.0,191,65,0,0,16,1,1.1,337,0.01,0.02,0.01,0.58,6,0,0,1.6,8.0,2026-08-22T14:00:00Z,81,False,18,0,0,0,0,1,0,87156,1,1,0,7.0,3,0,0,0,55,False,0,0,7,6,1,1
Jake Bidwell,DEF,Coventry City,,a,,,,0.1,441,153,0,0,0,0,0.0,178,0.00,0.00,0.00,0.00,1,0,0,0.0,0.0,2026-08-21T19:00:00Z,0,False,1,0,0,0,0,1,0,7091,0,0,3,0.0,0,0,0,0,40,False,0,0,0,0,0,1
Archie Gray,MID,Spurs,,a,,,,0.2,333,116,0,0,15,0,3.3,522,0.01,0.01,0.00,3.43,2,3,0,1.0,6.2,2026-08-22T16:30:00Z,85,False,4,0,0,0,0,1,0,19767,1,0,3,0.0,2,0,0,0,50,False,0,2,5,2,1,1
Brandon Austin,GK,Spurs,,a,,,,0.8,205,28,0,0,0,0,0.0,495,0.00,0.00,0.00,0.00,2,0,0,0.0,0.0,2026-08-22T16:30:00Z,0,False,4,0,0,0,0,1,0,78400,0,0,3,0.0,0,0,0,0,40,False,0,0,0,0,0,1
Fábio Freitas Gouveia Carvalho,MID,Brentford,,d,Lack of match fitness - 75% chance of playing,,75,0.0,541,224,0,0,0,0,0.0,100,0.00,0.00,0.00,0.00,2,0,0,0.0,0.0,2026-08-22T16:30:00Z,0,False,19,0,0,0,0,1,0,1459,0,0,3,0.0,0,0,0,0,50,True,0,0,0,0,0,1
Tom King,GK,Everton,,a,,,,0.0,505,56,0,0,0,0,0.0,228,0.00,0.00,0.00,0.00,3,0,0,0.0,0.0,2026-08-22T14:00:00Z,0,False,8,0,0,0,0,1,0,3498,0,0,2,0.0,0,0,0,0,45,True,0,0,0,0,0,1
Harvey Cartwright,GK,Hull City,,u,Has joined Grimsby Town on loan for the rest of the season,,0,0.0,563,67,0,0,0,0,0.0,275,0.00,0.00,0.00,0.00,4,0,0,0.0,0.0,2026-08-22T11:30:00Z,0,False,16,0,0,0,0,1,0,1022,0,0,2,0.0,0,0,0,0,40,True,0,0,0,0,0,1
Bradley Burrowes,MID,Aston Villa,,a,,,,0.7,222,74,0,0,0,0,0.0,50,0.00,0.00,0.00,0.00,7,0,0,0.0,0.0,2026-08-23T13:00:00Z,0,False,5,0,0,0,0,1,0,60228,0,0,4,0.0,0,0,0,0,45,False,0,0,0,0,0,1
Joao Gomes,MID,Aston Villa,,i,Calf injury - Unknown return date,,0,0.1,427,171,0,0,-2,0,11.0,54,0.01,0.01,0.00,2.58,7,4,0,1.2,1.0,2026-08-23T13:00:00Z,39,False,5,0,0,0,1,1,0,6573,1,0,4,0.0,-2,0,0,0,55,False,0,1,7,2,4,1
Nico González Iglesias,MID,Man City,,a,,,,0.1,399,154,0,0,0,0,0.0,405,0.00,0.00,0.00,0.00,8,0,0,0.0,0.0,2026-08-23T13:00:00Z,0,False,3,0,0,0,0,1,0,11878,0,1,2,0.0,0,0,0,0,55,True,0,0,0,0,0,1
Ellis Simms,FWD,Coventry City,,a,,,,0.8,203,33,0,0,7,0,12.3,195,0.01,0.01,0.00,1.60,1,3,0,1.7,2.6,2026-08-21T19:00:00Z,69,False,1,0,0,0,0,1,0,78607,1,0,3,2.0,2,0,0,0,50,False,0,1,3,2,0,1
David Raya Martín,GK,Arsenal,,a,,,,37.0,5,1,0,0,24,1,0.0,1,0.00,0.00,0.00,0.20,1,0,0,1.2,11.8,2026-08-21T19:00:00Z,90,False,7,0,0,0,0,1,1,3347153,1,0,3,0.0,6,0,0,0,60,True,0,1,0,8,0,1
Tyrick Mitchell,DEF,Crystal Palace,,a,,,,6.5,61,25,0,0,9,0,13.8,204,0.01,0.01,0.00,1.12,3,2,0,2.7,11.6,2026-08-22T14:00:00Z,90,False,9,0,0,0,0,1,0,580791,1,0,2,2.0,1,0,0,0,45,False,0,3,5,4,2,1
António João Pereira de Albuquerque Tavares da Silva,DEF,Bournemouth,,a,,,,0.3,313,116,0,0,5,0,0.3,566,0.00,0.00,0.00,2.25,8,2,0,3.2,31.4,2026-08-23T13:00:00Z,90,False,15,0,0,0,0,1,0,23702,1,1,2,0.0,2,0,0,0,50,False,1,13,13,1,0,1
Xavi Simons,MID,Spurs,,i,Knee injury - Unknown return date,,0,0.0,556,234,0,0,0,0,0.0,513,0.00,0.00,0.00,0.00,2,0,0,0.0,0.0,2026-08-22T16:30:00Z,0,False,4,0,0,0,0,1,0,1345,0,0,3,0.0,0,0,0,0,60,False,0,0,0,0,0,1
Wilfried Gnonto,MID,Leeds,,i,Hamstring injury - Unknown return date,,0,0.0,517,217,0,0,0,0,0.0,341,0.00,0.00,0.00,0.00,6,0,0,0.0,0.0,2026-08-22T14:00:00Z,0,False,18,0,0,0,0,1,0,2172,0,1,0,0.0,0,0,0,0,50,False,0,0,0,0,0,1
Trey Nyoni,MID,Liverpool,,a,,,,0.0,494,204,0,0,0,0,0.0,375,0.00,0.00,0.00,0.00,9,0,0,0.0,0.0,2026-08-23T15:30:00Z,0,False,17,0,0,0,0,1,0,3729,0,2,2,0.0,0,0,0,0,50,False,0,0,0,0,0,1
Jan Paul van Hecke,DEF,Spurs,,a,,,,9.4,44,16,0,0,3,0,2.8,112,0.03,0.03,0.00,3.87,2,3,0,3.3,28.2,2026-08-22T16:30:00Z,90,False,4,0,0,0,0,1,0,955905,1,0,3,2.0,1,0,0,0,50,False,0,7,9,3,2,1
Borna Sosa,DEF,Crystal Palace,,a,,,,0.0,525,176,0,0,0,0,0.0,205,0.00,0.00,0.00,0.00,3,0,0,0.0,0.0,2026-08-22T14:00:00Z,0,False,9,0,0,0,0,1,0,2785,0,0,2,0.0,0,0,0,0,45,False,0,0,0,0,0,1
Ayden Heaven,DEF,Man Utd,,a,,,,0.4,281,105,0,0,5,0,2.6,421,0.04,0.16,0.12,1.01,4,2,0,2.0,6.8,2026-08-22T11:30:00Z,90,False,11,0,0,0,0,1,0,33647,1,0,2,11.0,1,0,0,0,45,False,0,1,2,4,1,1
Ethan Ampadu,MID,Leeds,,a,,,,1.5,155,46,0,0,18,1,23.3,338,0.04,0.04,0.00,0.66,6,0,0,4.2,18.6,2026-08-22T14:00:00Z,90,False,18,0,0,0,0,1,0,132659,1,1,0,0.0,5,0,0,0,55,False,0,6,13,5,2,1
Sean Neave,FWD,Newcastle,,a,,,,0.7,213,36,0,0,0,0,0.0,466,0.00,0.00,0.00,0.00,9,0,0,0.0,0.0,2026-08-23T15:30:00Z,0,False,14,0,0,0,0,1,0,66588,0,2,2,0.0,0,0,0,0,45,True,0,0,0,0,0,1
Rico Lewis,DEF,Man City,,a,,,,0.2,345,131,0,0,-1,0,3.8,395,0.02,0.19,0.17,0.55,8,1,0,4.7,3.8,2026-08-23T13:00:00Z,56,False,3,0,0,0,0,1,0,18491,1,1,2,39.0,1,0,0,0,45,True,0,2,2,0,0,1
Jack Clarke,MID,Ipswich Town,,a,,,,0.3,306,103,0,1,27,0,0.6,313,0.00,0.10,0.10,0.03,5,0,1,5.2,33.6,2026-08-22T14:00:00Z,19,False,20,0,0,0,0,1,0,24135,0,1,2,18.0,7,0,0,0,55,True,0,0,2,1,1,1
Maxim De Cuyper,DEF,Brighton,,a,,,,1.7,140,58,1,2,46,1,45.3,115,0.21,1.68,1.47,0.29,7,0,1,12.9,40.6,2026-08-23T13:00:00Z,77,False,2,0,0,0,0,1,0,151636,1,0,4,43.0,17,0,0,0,45,True,0,1,4,3,3,1
Sam Szmodics,MID,Ipswich Town,,u,Has joined Derby County on loan for the rest of the season,,0,0.0,549,229,0,0,0,0,0.0,319,0.00,0.00,0.00,0.00,5,0,0,0.0,0.0,2026-08-22T14:00:00Z,0,False,20,0,0,0,0,1,0,1030,0,1,2,0.0,0,0,0,0,50,True,0,0,0,0,0,1
Oli McBurnie,FWD,Hull City,,a,,,,1.4,167,25,1,0,21,1,21.1,295,0.01,0.17,0.16,1.83,4,0,0,9.0,17.2,2026-08-22T11:30:00Z,90,False,16,0,0,0,0,1,0,113765,1,0,2,52.0,5,0,0,0,55,True,0,3,5,2,0,1
Zion Suzuki,GK,Aston Villa,,a,,,,0.4,273,37,0,0,0,0,0.0,597,0.00,0.00,0.00,0.00,7,0,0,0.0,0.0,2026-08-23T13:00:00Z,0,False,5,0,0,0,0,1,0,61739,0,0,4,0.0,0,0,0,0,50,False,0,0,0,0,0,1
Timothy Castagne,DEF,Fulham,,a,,,,0.3,302,112,2,0,21,0,27.8,258,0.18,0.27,0.09,2.24,10,3,0,8.9,38.0,2026-08-24T19:00:00Z,90,False,6,0,0,0,0,1,0,26346,1,3,2,23.0,6,0,0,0,45,True,1,5,6,4,1,1
Elliot Stroud,MID,Hull City,,a,,,,0.1,456,183,0,0,11,1,4.8,576,0.03,0.03,0.00,1.16,4,0,0,1.3,8.4,2026-08-22T11:30:00Z,70,False,16,0,0,0,0,1,0,6733,1,0,2,0.0,3,0,0,0,50,True,0,1,6,2,3,1
Tyrone Mings,DEF,Aston Villa,,a,,,,0.3,299,110,0,0,5,0,0.0,33,0.00,0.00,0.00,0.22,7,0,0,0.2,2.0,2026-08-23T13:00:00Z,16,False,5,0,0,0,0,1,0,29034,0,0,4,0.0,1,0,0,0,45,False,0,0,1,0,1,1
Joël Piroe,FWD,Leeds,,u,Has joined West Ham United on loan for the rest of the season,,0,0.3,309,54,0,0,0,0,0.0,348,0.00,0.00,0.00,0.00,6,0,0,0.0,0.0,2026-08-22T14:00:00Z,0,False,18,0,0,0,0,1,0,17239,0,1,0,0.0,0,0,0,0,50,False,0,0,0,0,0,1
Ben Davies,DEF,Spurs,,a,,,,1.0,187,70,0,0,0,0,0.0,508,0.00,0.00,0.00,0.00,2,0,0,0.0,0.0,2026-08-22T16:30:00Z,0,False,4,0,0,0,0,1,0,99420,0,0,3,0.0,0,0,0,0,40,False,0,0,0,0,0,1
Tyler Fredricson,DEF,Man Utd,,u,Has joined Lausanne-Sport permanently,,0,0.0,510,173,0,0,0,0,0.0,425,0.00,0.00,0.00,0.00,4,0,0,0.0,0.0,2026-08-22T11:30:00Z,0,False,11,0,0,0,0,1,0,2582,0,0,2,0.0,0,0,0,0,40,False,0,0,0,0,0,1
Jorrel Hato,DEF,Chelsea,,a,,,,0.5,255,95,0,0,5,0,12.3,148,0.03,0.04,0.01,1.05,10,2,0,3.2,8.4,2026-08-24T19:00:00Z,64,False,10,0,0,0,0,1,0,40724,1,3,2,11.0,1,0,0,0,45,False,0,1,3,2,2,1
Shea Lacey,MID,Man Utd,,a,,,,0.0,483,200,0,0,3,0,0.6,435,0.00,0.00,0.00,0.00,4,0,0,0.1,0.2,2026-08-22T11:30:00Z,10,False,11,0,0,0,0,1,0,4147,0,0,2,0.0,1,0,0,0,50,False,0,0,1,1,0,1
Saša Lukić,MID,Ipswich Town,,a,,,,0.1,410,161,1,0,22,0,14.8,267,0.02,0.02,0.00,0.66,5,1,0,4.0,23.4,2026-08-22T14:00:00Z,90,False,20,0,0,0,0,1,0,10816,1,1,2,2.0,5,0,0,0,50,True,0,2,6,3,1,1
Thomas Meunier,DEF,Sunderland,,a,,,100,0.3,308,115,0,0,5,0,5.3,541,0.08,0.16,0.08,1.80,5,2,0,3.0,13.8,2026-08-22T14:00:00Z,90,False,12,0,0,0,0,1,0,26928,1,1,2,11.0,1,0,0,0,45,False,0,2,4,3,2,1
Amadou Onana,MID,Aston Villa,,i,Knee injury - Unknown return date,,0,0.0,535,221,0,0,0,0,0.0,48,0.00,0.00,0.00,0.00,7,0,0,0.0,0.0,2026-08-23T13:00:00Z,0,False,5,0,0,0,0,1,0,2081,0,0,4,0.0,0,0,0,0,50,False,0,0,0,0,0,1
Chiedozie Ogbene,MID,Ipswich Town,,a,,,,0.0,552,231,0,0,0,0,0.0,314,0.00,0.00,0.00,0.00,5,0,0,0.0,0.0,2026-08-22T14:00:00Z,0,False,20,0,0,0,0,1,0,1539,0,1,2,0.0,0,0,0,0,50,True,0,0,0,0,0,1
Chadi Riad Dnanou,DEF,Crystal Palace,,a,,,,0.1,449,158,0,0,7,0,1.3,206,0.01,0.01,0.00,0.98,3,2,0,1.4,12.6,2026-08-22T14:00:00Z,72,False,9,0,0,0,0,1,0,6521,1,0,2,0.0,1,0,0,0,45,False,0,6,7,3,1,1
Tyler Fletcher,MID,Man Utd,,a,,,,0.3,286,95,0,0,0,0,0.0,438,0.00,0.00,0.00,0.00,4,0,0,0.0,0.0,2026-08-22T11:30:00Z,0,False,11,0,0,0,0,1,0,31336,0,0,2,0.0,0,0,0,0,45,False,0,0,0,0,0,1
Josh Acheampong,DEF,Chelsea,,a,,,,0.3,307,114,0,0,13,0,2.2,151,0.01,0.01,0.00,1.33,10,2,0,3.7,33.2,2026-08-24T19:00:00Z,90,False,10,0,0,0,0,1,0,24066,1,3,2,2.0,3,0,0,0,45,False,0,10,15,6,5,1
Melker Ellborg,GK,Sunderland,,a,,,,0.1,428,48,0,0,0,0,0.0,531,0.00,0.00,0.00,0.00,5,0,0,0.0,0.0,2026-08-22T14:00:00Z,0,False,12,0,0,0,0,1,0,8630,0,1,2,0.0,0,0,0,0,45,False,0,0,0,0,0,1
Daniel Ballard,DEF,Sunderland,,a,,,,5.3,66,27,0,0,4,0,1.2,532,0.01,0.01,0.00,1.80,5,2,0,1.9,18.2,2026-08-22T14:00:00Z,90,False,12,0,0,0,0,1,0,518741,1,1,2,0.0,0,0,0,0,50,False,1,7,9,0,2,1
Thierno Barry,FWD,Everton,,a,,,,1.3,173,26,0,2,37,1,19.0,249,0.09,0.54,0.45,1.62,3,0,1,9.8,38.0,2026-08-22T14:00:00Z,78,False,8,0,0,0,0,1,0,117327,1,0,2,41.0,8,0,0,0,55,True,0,0,3,2,1,1
Thimothée Lo-Tutala,GK,Hull City,,u,Has joined Colchester United on loan for the rest of the season,,0,0.1,475,52,0,0,0,0,0.0,276,0.00,0.00,0.00,0.00,4,0,0,0.0,0.0,2026-08-22T11:30:00Z,0,False,16,0,0,0,0,1,0,3519,0,0,2,0.0,0,0,0,0,40,True,0,0,0,0,0,1
Valentín Barco,MID,Chelsea,,a,,,,0.1,400,155,0,0,0,0,0.0,568,0.00,0.00,0.00,0.00,10,0,0,0.0,0.0,2026-08-24T19:00:00Z,0,False,10,0,0,0,0,1,0,12041,0,3,2,0.0,0,0,0,0,55,False,0,0,0,0,0,1
Lucas Digne,DEF,Aston Villa,,u,Has joined Paris Saint-Germain permanently,,0,0.2,334,125,0,0,0,0,0.0,30,0.00,0.00,0.00,0.00,7,0,0,0.0,0.0,2026-08-23T13:00:00Z,0,False,5,0,0,0,0,1,0,13780,0,0,4,0.0,0,0,0,0,45,False,0,0,0,0,0,1
Pedro Lomba Neto,MID,Chelsea,,a,,,,1.3,169,54,0,0,9,0,4.1,156,0.07,0.10,0.03,0.22,10,0,0,1.3,5.2,2026-08-24T19:00:00Z,14,False,10,0,0,0,0,1,0,116795,0,3,2,4.0,1,0,0,0,65,False,0,0,4,3,1,1
Mateo Kovačić,MID,Man City,,a,,,,0.1,464,188,0,0,3,0,2.1,406,0.01,0.01,0.00,0.10,8,0,0,0.4,2.2,2026-08-23T13:00:00Z,27,False,3,0,0,0,0,1,0,6303,0,1,2,0.0,1,0,0,0,55,True,0,0,2,2,0,1
Dan Ndoye,MID,Nott'm Forest,,a,,,,0.5,260,83,0,0,5,1,2.5,483,0.00,0.00,0.00,0.25,6,0,0,0.4,1.4,2026-08-22T14:00:00Z,61,False,13,0,0,0,0,1,0,39539,1,1,0,0.0,3,0,0,0,55,True,0,1,3,1,1,1
Calvin Bassey,DEF,Fulham,,a,,,,0.7,218,83,0,0,1,0,3.8,257,0.02,0.04,0.02,2.24,10,3,0,2.0,13.8,2026-08-24T19:00:00Z,90,False,6,0,0,0,0,1,0,64737,1,3,2,2.0,0,0,0,0,45,True,1,3,4,4,1,1
Trevoh Chalobah,DEF,Chelsea,,u,Has joined Como permanently,,0,0.3,291,107,0,0,0,0,0.0,143,0.00,0.00,0.00,0.00,10,0,0,0.0,0.0,2026-08-24T19:00:00Z,0,False,10,0,0,0,0,1,0,21121,0,3,2,0.0,0,0,0,0,55,False,0,0,0,0,0,1
Murillo Costa dos Santos,DEF,Nott'm Forest,,a,,,100,1.5,159,66,0,0,15,0,25.9,472,0.28,0.28,0.00,0.47,6,1,0,5.8,32.2,2026-08-22T14:00:00Z,90,False,13,0,0,0,0,1,0,134909,1,1,0,0.0,4,0,0,0,55,True,0,12,14,3,2,1
Kosta Nedeljkovic,DEF,Aston Villa,,u,Has joined Rangers on loan for the rest of the season,,0,0.5,259,97,0,0,0,0,0.0,39,0.00,0.00,0.00,0.00,7,0,0,0.0,0.0,2026-08-23T13:00:00Z,0,False,5,0,0,0,0,1,0,29043,0,0,4,0.0,0,0,0,0,40,False,0,0,0,0,0,1
Sindre Walle Egeli,FWD,Ipswich Town,,a,,,,2.2,121,16,0,0,3,0,0.1,321,0.00,0.00,0.00,0.03,5,0,0,0.0,0.0,2026-08-22T14:00:00Z,10,False,20,0,0,0,0,1,0,199675,0,1,2,0.0,1,0,0,0,45,True,0,0,0,0,0,1
Noah Okafor,MID,Leeds,,a,,,,0.5,249,82,0,0,10,0,14.0,336,0.16,0.16,0.00,0.13,6,0,0,2.8,10.0,2026-08-22T14:00:00Z,24,False,18,0,0,0,0,1,0,45369,0,1,0,4.0,1,0,0,0,60,False,0,1,5,2,2,1
Florentino Ibrain Morris Luís,MID,Ipswich Town,,a,,,,0.1,401,156,0,0,0,0,0.0,571,0.00,0.00,0.00,0.00,5,0,0,0.0,0.0,2026-08-22T14:00:00Z,0,False,20,0,0,0,0,1,0,12850,0,1,2,0.0,0,0,0,0,50,True,0,0,0,0,0,1
Jérémy Doku,MID,Man City,,d,Calf injury - 75% chance of playing,,75,3.2,99,34,0,0,0,0,0.0,400,0.00,0.00,0.00,0.00,8,0,0,0.0,0.0,2026-08-23T13:00:00Z,0,False,3,0,0,0,0,1,0,191182,0,1,2,0.0,0,0,0,0,75,True,0,0,0,0,0,1
Mikey Moore,MID,Spurs,,a,,,,0.2,355,126,0,0,10,0,5.9,523,0.02,0.40,0.38,3.02,2,3,0,7.5,14.2,2026-08-22T16:30:00Z,67,False,4,0,0,0,0,1,0,17505,1,0,3,55.0,2,0,0,0,50,False,0,0,2,1,1,1
Tatsuhiro Sakamoto,MID,Coventry City,,a,,,,0.1,407,160,0,0,0,0,0.0,185,0.00,0.00,0.00,0.00,1,0,0,0.0,0.0,2026-08-21T19:00:00Z,0,False,1,0,0,0,0,1,0,10294,0,0,3,0.0,0,0,0,0,50,False,0,0,0,0,0,1
Jair Paula da Cunha Filho,DEF,Nott'm Forest,,a,,,,0.2,327,123,0,0,5,0,1.3,474,0.00,0.00,0.00,0.47,6,1,0,2.2,20.8,2026-08-22T14:00:00Z,90,False,13,0,0,0,0,1,0,19663,1,1,0,0.0,1,0,0,0,45,True,1,7,8,0,1,1
Malick Yalcouyé,MID,Brighton,0.0,,,,,,,,0,0,3,0,2.7,605,0.01,0.01,0.00,0.00,7,0,0,0.3,0.6,2026-08-23T13:00:00Z,4,False,2,0,0,0,0,1,0,0,0,0,4,0.0,1,0,0,0,45,True,0,0,0,0,0,1
Roméo Lavia,MID,Chelsea,,a,,,,0.1,481,199,0,0,8,0,21.9,161,0.03,0.24,0.21,1.05,10,2,0,6.9,13.6,2026-08-24T19:00:00Z,64,False,10,0,0,0,0,1,0,4654,1,3,2,33.0,1,0,0,0,50,False,1,2,9,4,3,1
Igor Jesus Maciel da Cruz,FWD,Nott'm Forest,,a,,,,4.5,72,12,0,0,8,0,6.8,491,0.02,0.24,0.22,0.47,6,1,0,4.3,5.2,2026-08-22T14:00:00Z,90,False,13,0,0,0,0,1,0,389784,1,1,0,31.0,2,0,0,0,60,True,0,2,3,1,0,1
Alex Tóth,MID,Bournemouth,,a,,,,0.0,567,238,0,0,5,0,0.6,76,0.00,0.00,0.00,0.31,8,2,0,0.3,2.8,2026-08-23T13:00:00Z,15,False,15,0,0,0,0,1,0,1238,0,1,2,0.0,1,0,0,0,50,False,0,0,2,1,1,1
Alfie McNally,GK,Fulham,,a,,,,0.2,385,42,0,0,0,0,0.0,252,0.00,0.00,0.00,0.00,10,0,0,0.0,0.0,2026-08-24T19:00:00Z,0,False,6,0,0,0,0,1,0,13569,0,3,2,0.0,0,0,0,0,40,True,0,0,0,0,0,1
Claudio Echeverri,MID,Man City,,a,,,,0.0,553,232,0,0,0,0,0.0,407,0.00,0.00,0.00,0.00,8,0,0,0.0,0.0,2026-08-23T13:00:00Z,0,False,3,0,0,0,0,1,0,1572,0,1,2,0.0,0,0,0,0,50,True,0,0,0,0,0,1
Kjell Scherpen,GK,Ipswich Town,,a,,,,0.6,236,31,0,0,12,0,0.0,564,0.00,0.00,0.00,0.66,5,1,0,1.4,14.4,2026-08-22T14:00:00Z,90,False,20,0,0,0,0,1,2,57252,1,1,2,0.0,2,0,0,0,45,True,0,1,0,10,0,1
Reinildo Mandava,DEF,Sunderland,,a,,,,0.5,254,94,0,0,9,0,27.5,536,0.29,0.29,0.00,1.80,5,2,0,5.5,23.0,2026-08-22T14:00:00Z,90,False,12,0,0,0,0,1,0,43515,1,1,2,4.0,1,0,0,0,45,False,0,5,8,5,3,1
Fabian Schär,DEF,Newcastle,,a,,,100,0.2,332,124,0,0,-1,0,0.0,446,0.00,0.00,0.00,0.79,9,1,0,0.0,0.0,2026-08-23T15:30:00Z,1,False,14,0,0,0,0,1,0,20496,0,2,2,0.0,1,0,0,0,50,True,0,0,0,0,0,1
Milos Kerkez,DEF,Liverpool,,a,,,,3.9,81,30,0,0,3,0,13.8,358,0.02,0.04,0.02,1.58,9,2,0,4.4,18.0,2026-08-23T15:30:00Z,90,False,17,0,0,0,0,1,0,332539,1,2,2,12.0,0,0,0,0,55,False,1,4,7,3,3,1
Guglielmo Vicario,GK,Spurs,,u,Has joined Juventus on loan for the rest of the season,,0,0.6,244,32,0,0,0,0,0.0,494,0.00,0.00,0.00,0.00,2,0,0,0.0,0.0,2026-08-22T16:30:00Z,0,False,4,0,0,0,0,1,0,35657,0,0,3,0.0,0,0,0,0,45,False,0,0,0,0,0,1
Oscar Bobb,MID,Fulham,,a,,,,0.3,297,98,0,0,10,0,13.8,264,0.26,0.26,0.00,2.21,10,3,0,3.0,9.8,2026-08-24T19:00:00Z,66,False,6,0,0,0,0,1,0,26829,1,3,2,6.0,2,0,0,0,55,True,0,1,6,2,3,1
Dilane Bakwa,MID,Nott'm Forest,,a,,,,0.0,559,235,0,0,0,0,0.0,485,0.00,0.00,0.00,0.00,6,0,0,0.0,0.0,2026-08-22T14:00:00Z,0,False,13,0,0,0,0,1,0,1373,0,1,0,0.0,0,0,0,0,55,True,0,0,0,0,0,1
Kasey McAteer,MID,Ipswich Town,,a,,,,1.4,162,50,0,0,4,0,1.3,323,0.00,0.00,0.00,0.03,5,0,0,0.3,1.2,2026-08-22T14:00:00Z,24,False,20,0,0,0,0,1,0,130440,0,1,2,0.0,1,0,0,0,45,True,0,0,3,2,1,1
Samuel Iling-Junior,MID,Aston Villa,,u,Has joined Bolton Wanderers on loan for the rest of the season,,0,0.0,589,255,0,0,0,0,0.0,49,0.00,0.00,0.00,0.00,7,0,0,0.0,0.0,2026-08-23T13:00:00Z,0,False,5,0,0,0,0,1,0,394,0,0,4,0.0,0,0,0,0,50,False,0,0,0,0,0,1
Boubacar Kamara,MID,Aston Villa,,a,,,100,0.3,293,97,0,0,9,0,2.8,47,0.00,0.00,0.00,3.77,7,4,0,1.4,11.2,2026-08-23T13:00:00Z,90,False,5,0,0,0,0,1,0,31172,1,0,4,0.0,2,0,0,0,50,False,0,3,7,2,2,1
Max Alleyne,DEF,Man City,,u,Has joined Burnley on loan for the rest of the season,,0,0.0,558,189,0,0,0,0,0.0,394,0.00,0.00,0.00,0.00,8,0,0,0.0,0.0,2026-08-23T13:00:00Z,0,False,3,0,0,0,0,1,0,1089,0,1,2,0.0,0,0,0,0,50,True,0,0,0,0,0,1
Marc Guiu Paz,FWD,Chelsea,,a,,,,0.5,258,45,0,0,0,0,0.0,168,0.00,0.00,0.00,0.00,10,0,0,0.0,0.0,2026-08-24T19:00:00Z,0,False,10,0,0,0,0,1,0,42801,0,3,2,0.0,0,0,0,0,50,False,0,0,0,0,0,1
Dominic Calvert-Lewin,FWD,Leeds,,a,,,,30.3,8,3,0,0,-2,1,0.8,346,0.00,0.13,0.13,0.66,6,0,0,0.7,0.0,2026-08-22T14:00:00Z,90,False,18,0,0,0,0,1,0,2823371,1,1,0,11.0,1,0,0,0,60,False,1,0,2,2,0,1
Aurèle Amenda,DEF,Coventry City,,a,,,,0.8,204,77,0,0,1,0,0.8,182,0.01,0.01,0.00,1.88,1,3,0,3.0,28.8,2026-08-21T19:00:00Z,90,False,1,0,0,0,0,1,0,75420,1,0,3,0.0,1,0,0,0,40,False,0,9,9,4,0,1
Ibrahim Osman,MID,Brighton,0.0,,,,,,,,0,0,7,0,15.4,600,0.05,0.05,0.00,0.00,7,0,0,2.4,4.2,2026-08-23T13:00:00Z,12,False,2,0,0,0,0,1,0,633,0,0,4,4.0,1,0,0,0,50,True,0,0,2,2,0,1
Jayden Lienou,DEF,Leeds,0.0,,,,,,,,0,0,0,0,0.0,603,0.00,0.00,0.00,0.00,6,0,0,0.0,0.0,2026-08-22T14:00:00Z,0,False,18,0,0,0,0,1,0,0,0,1,0,0.0,0,0,0,0,40,False,0,0,0,0,0,1
Bobby Thomas,DEF,Coventry City,,a,,,,7.9,53,21,0,0,11,0,11.2,173,0.01,0.03,0.02,1.88,1,3,0,3.5,23.2,2026-08-21T19:00:00Z,90,False,1,0,0,0,0,1,0,721945,1,0,3,1.0,3,0,0,0,40,False,0,9,10,2,1,1
Antonee Robinson,DEF,Fulham,,a,,,,1.8,131,53,0,0,4,0,25.2,254,0.04,0.17,0.13,2.21,10,3,0,5.0,21.6,2026-08-24T19:00:00Z,81,False,6,0,0,0,0,1,0,148513,1,3,2,3.0,1,0,0,0,45,True,0,4,7,5,3,1
Andrey Nascimento dos Santos,MID,Man Utd,,a,,,,1.1,184,62,0,0,17,0,4.2,162,0.23,0.23,0.00,0.94,4,2,0,1.8,11.4,2026-08-22T11:30:00Z,66,False,11,0,0,0,0,1,0,93940,1,0,2,2.0,2,0,0,0,50,False,0,3,9,5,1,1
Oliver Dovin,GK,Coventry City,,a,,,,1.7,133,20,0,0,0,0,0.0,171,0.00,0.00,0.00,0.00,1,0,0,0.0,0.0,2026-08-21T19:00:00Z,0,False,1,0,0,0,0,1,0,142267,0,0,3,0.0,0,0,0,0,40,False,0,0,0,0,0,1
Ryan Gravenberch,MID,Liverpool,,a,,,,1.9,128,41,1,0,26,0,16.0,371,0.05,0.11,0.06,1.10,9,2,0,4.4,24.4,2026-08-23T15:30:00Z,77,False,17,0,0,0,0,1,0,172067,1,2,2,4.0,5,0,0,0,60,False,0,2,11,8,1,1
Christian Nørgaard,MID,Everton,,d,Unspecified injury - 25% chance of playing,,25,0.2,372,137,0,0,0,0,0.0,21,0.00,0.00,0.00,0.00,3,0,0,0.0,0.0,2026-08-22T14:00:00Z,0,False,8,0,0,0,0,1,0,10920,0,0,2,0.0,0,0,0,0,50,True,0,0,0,0,0,1
Nico Elvedi,DEF,Leeds,,a,,,,0.0,573,194,0,0,0,0,0.0,598,0.00,0.00,0.00,0.00,6,0,0,0.0,0.0,2026-08-22T14:00:00Z,0,False,18,0,0,0,0,1,0,1842,0,1,0,0.0,0,0,0,0,45,False,0,0,0,0,0,1
Matz Sels,GK,Nott'm Forest,,a,,,,1.6,150,23,0,0,11,0,0.0,467,0.00,0.00,0.00,0.47,6,1,0,1.4,14.2,2026-08-22T14:00:00Z,90,False,13,0,0,0,0,1,2,140711,1,1,0,0.0,2,0,0,0,50,True,0,0,0,9,0,1
Daniel James,MID,Leeds,,a,,,,0.1,406,159,0,0,0,0,0.0,343,0.00,0.00,0.00,0.00,6,0,0,0.0,0.0,2026-08-22T14:00:00Z,0,False,18,0,0,0,0,1,0,11272,0,1,0,0.0,0,0,0,0,50,False,0,0,0,0,0,1
Noni Madueke,MID,Arsenal,,a,,,,0.3,290,96,0,0,8,0,43.1,16,0.04,0.04,0.00,0.15,1,0,0,5.3,9.4,2026-08-21T19:00:00Z,22,False,7,0,0,0,0,1,0,30442,0,0,3,0.0,1,0,0,0,65,True,0,0,2,2,0,1
Jahnoah Markelo,FWD,Coventry City,,u,Has joined Shabab Al-Ahli Dubai permanently,,0,0.0,527,70,0,0,0,0,0.0,196,0.00,0.00,0.00,0.00,1,0,0,0.0,0.0,2026-08-21T19:00:00Z,0,False,1,0,0,0,0,1,0,1827,0,0,3,0.0,0,0,0,0,50,False,0,0,0,0,0,1
Curtis Jones,MID,Liverpool,,d,Hip injury - 75% chance of playing,,75,0.1,459,186,0,0,0,0,0.0,373,0.00,0.00,0.00,0.00,9,0,0,0.0,0.0,2026-08-23T15:30:00Z,0,False,17,0,0,0,0,1,0,4822,0,2,2,0.0,0,0,0,0,55,False,0,0,0,0,0,1
Matheus França de Oliveira,MID,Crystal Palace,,a,,,,0.0,504,211,0,0,0,0,0.0,217,0.00,0.00,0.00,0.00,3,0,0,0.0,0.0,2026-08-22T14:00:00Z,0,False,9,0,0,0,0,1,0,3157,0,0,2,0.0,0,0,0,0,50,False,0,0,0,0,0,1
Cristian Romero,DEF,Spurs,,u,Has joined Atletico Madrid permanently,,0,0.4,276,102,0,0,0,0,0.0,500,0.00,0.00,0.00,0.00,2,0,0,0.0,0.0,2026-08-22T16:30:00Z,0,False,4,0,0,0,0,1,0,25814,0,0,3,0.0,0,0,0,0,50,False,0,0,0,0,0,1
Johan Manzambi,MID,Aston Villa,,i,Knee injury - Unknown return date,,0,0.4,269,89,0,0,0,0,0.0,53,0.00,0.00,0.00,0.00,7,0,0,0.0,0.0,2026-08-23T13:00:00Z,0,False,5,0,0,0,0,1,0,26624,0,0,4,0.0,0,0,0,0,60,False,0,0,0,0,0,1
Shea Charles,MID,Fulham,,a,,,,0.1,433,174,0,0,5,0,1.3,580,0.00,0.00,0.00,0.03,10,0,0,0.5,3.4,2026-08-24T19:00:00Z,23,False,6,0,0,0,0,1,0,8110,0,3,2,0.0,1,0,0,0,50,True,0,0,3,2,1,1
Viktor Gyökeres,FWD,Arsenal,,a,,,,9.7,42,8,0,0,0,0,0.0,25,0.00,0.00,0.00,0.00,1,0,0,0.0,0.0,2026-08-21T19:00:00Z,0,False,7,0,0,0,0,1,0,816962,0,0,3,0.0,0,0,0,0,75,True,0,0,0,0,0,1
Jack Rudoni,MID,Coventry City,,a,,,100,0.1,403,158,0,0,3,0,3.8,183,0.00,0.15,0.15,0.29,1,0,0,2.6,5.6,2026-08-21T19:00:00Z,20,False,1,0,0,0,0,1,0,13002,0,0,3,17.0,1,0,0,0,50,False,0,0,5,4,1,1
Anthony Patterson,GK,Sunderland,,u,Has joined Wrexham permanently,,0,0.3,311,38,0,0,0,0,0.0,530,0.00,0.00,0.00,0.00,5,0,0,0.0,0.0,2026-08-22T14:00:00Z,0,False,12,0,0,0,0,1,0,18557,0,1,2,0.0,0,0,0,0,40,False,0,0,0,0,0,1
Lukas Nmecha,FWD,Leeds,,a,,,,0.6,237,40,0,0,0,0,0.0,347,0.00,0.00,0.00,0.00,6,0,0,0.0,0.0,2026-08-22T14:00:00Z,0,False,18,0,0,0,0,1,0,53564,0,1,0,0.0,0,0,0,0,55,False,0,0,0,0,0,1
Gabriel Gudmundsson,DEF,Leeds,,i,Hamstring injury - Unknown return date,,0,0.1,450,159,0,0,0,0,0.0,331,0.00,0.00,0.00,0.00,6,0,0,0.0,0.0,2026-08-22T14:00:00Z,0,False,18,0,0,0,0,1,0,5099,0,1,0,0.0,0,0,0,0,45,False,0,0,0,0,0,1
Bryan Mbeumo,MID,Man Utd,,a,,,,36.5,6,3,0,0,12,0,28.1,427,0.23,0.73,0.50,1.01,4,2,0,8.7,9.6,2026-08-22T11:30:00Z,90,False,11,0,0,0,0,1,0,3492739,1,0,2,49.0,2,0,0,0,80,False,0,0,4,4,0,1
Conor Bradley,DEF,Liverpool,,i,Knee injury - Unknown return date,,0,0.0,571,193,0,0,0,0,0.0,360,0.00,0.00,0.00,0.00,9,0,0,0.0,0.0,2026-08-23T15:30:00Z,0,False,17,0,0,0,0,1,0,957,0,2,2,0.0,0,0,0,0,50,False,0,0,0,0,0,1
Eberechi Eze,MID,Arsenal,,a,,,,2.2,123,39,0,0,4,0,1.8,14,0.00,0.04,0.04,0.15,1,0,0,0.1,0.0,2026-08-21T19:00:00Z,14,False,7,0,0,0,0,1,0,188164,0,0,3,1.0,1,0,0,0,65,True,0,0,2,2,0,1
Emiliano Martínez Romero,GK,Aston Villa,,a,,,,4.5,75,11,0,0,0,0,0.0,28,0.00,0.00,0.00,0.00,7,0,0,0.0,0.0,2026-08-23T13:00:00Z,0,False,5,0,0,0,0,1,0,388040,0,0,4,0.0,0,0,0,0,50,False,0,0,0,0,0,1
Facundo Buonanotte,MID,Brighton,,u,Has joined Elche on loan for the rest of the season,,0,0.0,582,249,0,0,0,0,0.0,128,0.00,0.00,0.00,0.00,7,0,0,0.0,0.0,2026-08-23T13:00:00Z,0,False,2,0,0,0,0,1,0,528,0,0,4,0.0,0,0,0,0,50,True,0,0,0,0,0,1
Mats Wieffer,DEF,Brighton,,a,,,,0.3,314,117,0,1,32,1,26.3,130,0.05,0.14,0.09,0.29,7,0,0,4.9,16.6,2026-08-23T13:00:00Z,77,False,2,0,0,0,0,1,0,22925,1,0,4,6.0,7,0,0,0,50,True,0,4,8,5,4,1
Rodrigo Bentancur,MID,Spurs,,a,,,,0.2,351,124,0,0,8,0,14.7,516,0.01,0.01,0.00,2.18,2,1,0,1.7,2.0,2026-08-22T16:30:00Z,45,False,4,0,0,0,0,1,0,17403,0,0,3,0.0,1,0,0,0,55,False,0,0,5,2,3,1
Semi Ajayi,DEF,Hull City,,a,,,,0.9,195,72,0,2,39,1,0.2,279,0.00,0.52,0.52,0.86,4,0,1,7.9,44.2,2026-08-22T11:30:00Z,63,False,16,0,0,0,0,1,0,83256,1,0,2,35.0,14,0,0,0,40,True,0,7,7,3,0,1
Keane Lewis-Potter,MID,Brentford,,a,,,,0.4,263,84,0,2,37,1,15.9,86,0.12,0.89,0.77,0.57,2,0,1,8.2,47.2,2026-08-22T16:30:00Z,90,False,19,0,0,0,0,1,0,38558,1,0,3,19.0,10,0,0,0,55,True,0,4,10,5,1,1
Levi Samuels Colwill,DEF,Chelsea,,a,,,,1.6,147,61,0,0,6,0,1.6,149,0.03,0.04,0.01,1.33,10,2,0,1.5,6.0,2026-08-24T19:00:00Z,90,False,10,0,0,0,0,1,0,142918,1,3,2,7.0,0,0,0,0,50,False,1,2,4,3,2,1
Junior Kroupi,MID,Bournemouth,,i,Foot injury - Unknown return date,,0,0.7,214,70,0,0,0,0,0.0,78,0.00,0.00,0.00,0.00,8,0,0,0.0,0.0,2026-08-23T13:00:00Z,0,False,15,0,0,0,0,1,0,42378,0,1,2,0.0,0,0,0,0,75,False,0,0,0,0,0,1
Cody Drameh,DEF,Hull City,,i,Hamstring injury - Expected back 29 Aug,,0,0.0,565,191,0,0,4,0,0.0,281,0.00,0.05,0.05,0.67,4,0,0,0.3,2.2,2026-08-22T11:30:00Z,20,False,16,0,0,0,0,1,0,1668,0,0,2,1.0,1,0,0,0,40,True,0,2,3,2,1,1
Andrew Robertson,DEF,Spurs,,a,,,,3.6,83,32,0,0,13,0,19.2,502,0.06,0.06,0.00,3.87,2,3,0,5.3,31.8,2026-08-22T16:30:00Z,90,False,4,0,0,0,0,1,0,350993,1,0,3,2.0,3,0,0,0,45,False,0,9,11,3,2,1
Cameron Humphreys,MID,Ipswich Town,0.0,,,,,,,,0,0,0,0,0.0,602,0.00,0.00,0.00,0.00,5,0,0,0.0,0.0,2026-08-22T14:00:00Z,0,False,20,0,0,0,0,1,0,0,0,1,2,0.0,0,0,0,0,45,True,0,0,0,0,0,1
Chuba Akpom,FWD,Ipswich Town,,a,,,,0.5,250,43,0,0,3,0,0.0,320,0.00,0.00,0.00,0.03,5,0,0,0.3,1.4,2026-08-22T14:00:00Z,24,False,20,0,0,0,0,1,0,47871,0,1,2,2.0,1,0,0,0,50,True,0,0,3,2,1,1
João Victor de Souza Menezes,DEF,Spurs,,a,,,,0.3,301,111,0,0,0,0,0.0,511,0.00,0.00,0.00,0.00,2,0,0,0.0,0.0,2026-08-22T16:30:00Z,0,False,4,0,0,0,0,1,0,27254,0,0,3,0.0,0,0,0,0,40,False,0,0,0,0,0,1
Robert Lynch Sánchez,GK,Chelsea,,a,,,,2.3,119,19,0,0,6,0,0.0,140,0.01,0.01,0.00,1.33,10,2,0,2.1,21.4,2026-08-24T19:00:00Z,90,False,10,0,0,0,0,1,4,207899,1,3,2,0.0,2,0,0,0,50,False,0,1,0,5,0,1
Reece James,DEF,Chelsea,,a,,,,9.4,45,17,0,0,5,0,16.8,142,0.07,0.17,0.10,1.33,10,2,0,5.9,23.4,2026-08-24T19:00:00Z,90,False,10,0,0,0,0,1,0,879361,1,3,2,19.0,0,0,0,0,55,False,1,6,6,4,0,1
Florian Wirtz,MID,Liverpool,,a,,,,13.2,32,10,0,0,16,0,17.9,366,0.04,0.30,0.26,0.51,9,2,0,5.7,9.8,2026-08-23T15:30:00Z,62,False,17,0,0,0,0,1,0,1122658,1,2,2,29.0,2,0,0,0,75,False,0,0,5,4,1,1
Caleb Yirenkyi,MID,Coventry City,,a,,,,0.3,323,110,0,0,2,0,3.1,575,0.00,0.00,0.00,1.56,1,3,0,0.0,0.0,2026-08-21T19:00:00Z,61,False,1,0,0,0,0,1,0,23536,1,0,3,0.0,1,0,0,0,50,False,1,0,3,3,0,1
Emersonn Correia da Silva,FWD,Ipswich Town,,a,,,,0.4,282,48,0,3,41,0,26.3,316,0.06,0.88,0.82,0.63,5,1,1,11.2,45.6,2026-08-22T14:00:00Z,65,False,20,0,0,0,0,1,0,33590,1,1,2,40.0,9,0,0,0,55,True,0,1,3,1,1,1
Fábio Ferreira Vieira,MID,Arsenal,,a,,,,0.0,577,244,0,0,0,0,0.0,23,0.00,0.00,0.00,0.00,1,0,0,0.0,0.0,2026-08-21T19:00:00Z,0,False,7,0,0,0,0,1,0,892,0,0,3,0.0,0,0,0,0,55,True,0,0,0,0,0,1
George Hemmings,MID,Aston Villa,,a,,,,0.6,229,75,0,0,12,0,11.6,51,0.00,0.00,0.00,3.77,7,4,0,2.4,10.6,2026-08-23T13:00:00Z,90,False,5,0,0,0,0,1,0,60759,1,0,4,2.0,2,0,0,0,45,False,0,0,5,2,3,1
Abu Kamara,MID,Hull City,,u,Has joined Portsmouth permanently,,0,0.0,581,248,0,0,0,0,0.0,293,0.00,0.00,0.00,0.00,4,0,0,0.0,0.0,2026-08-22T11:30:00Z,0,False,16,0,0,0,0,1,0,555,0,0,2,0.0,0,0,0,0,50,True,0,0,0,0,0,1
Rio Ngumoha,MID,Liverpool,,a,,,,1.2,176,58,0,0,9,0,6.0,369,0.02,0.06,0.04,0.51,9,2,0,1.3,2.4,2026-08-23T15:30:00Z,62,False,17,0,0,0,0,1,0,104767,1,2,2,5.0,2,0,0,0,60,False,0,0,3,2,1,1
Joe Gomez,DEF,Liverpool,,i,Muscular injury - Unknown return date,,0,0.0,538,182,0,0,0,0,0.0,359,0.00,0.00,0.00,0.00,9,0,0,0.0,0.0,2026-08-23T15:30:00Z,0,False,17,0,0,0,0,1,0,1714,0,2,2,0.0,0,0,0,0,50,False,0,0,0,0,0,1
Zadok Yohanna,MID,Brighton,,a,,,,0.1,447,179,0,0,3,0,1.3,135,0.03,0.03,0.00,0.00,7,0,0,0.2,0.2,2026-08-23T13:00:00Z,12,False,2,0,0,0,0,1,0,6623,0,0,4,0.0,1,0,0,0,50,True,0,0,0,0,0,1
Mark Travers,GK,Everton,,a,,,,0.0,518,59,0,0,0,0,0.0,227,0.00,0.00,0.00,0.00,3,0,0,0.0,0.0,2026-08-22T14:00:00Z,0,False,8,0,0,0,0,1,0,3019,0,0,2,0.0,0,0,0,0,50,True,0,0,0,0,0,1
Alexis Mac Allister,MID,Liverpool,,a,,,,1.7,134,42,0,0,9,0,1.4,372,0.01,0.01,0.00,1.07,9,0,0,0.7,5.8,2026-08-23T15:30:00Z,27,False,17,0,0,0,0,1,0,151941,0,2,2,0.0,1,0,0,0,55,False,0,0,3,1,2,1
Benjamin Lecomte,GK,Fulham,,a,,,,1.3,172,25,0,0,0,0,0.0,251,0.00,0.00,0.00,0.00,10,0,0,0.0,0.0,2026-08-24T19:00:00Z,0,False,6,0,0,0,0,1,0,107540,0,3,2,0.0,0,0,0,0,40,True,0,0,0,0,0,1
Harry Amass,DEF,Man Utd,,a,,,,0.2,341,129,0,0,0,0,0.0,424,0.00,0.00,0.00,0.00,4,0,0,0.0,0.0,2026-08-22T11:30:00Z,0,False,11,0,0,0,0,1,0,18310,0,0,2,0.0,0,0,0,0,40,False,0,0,0,0,0,1
Raphael Borges Rodrigues,MID,Coventry City,,a,,,,0.2,358,127,0,0,0,0,0.0,191,0.00,0.00,0.00,0.00,1,0,0,0.0,0.0,2026-08-21T19:00:00Z,0,False,1,0,0,0,0,1,0,16813,0,0,3,0.0,0,0,0,0,45,False,0,0,0,0,0,1
Luke O'Nien,DEF,Sunderland,,a,,,,3.5,86,33,0,0,1,0,1.4,539,0.01,0.02,0.01,1.69,5,1,0,1.7,11.4,2026-08-22T14:00:00Z,66,False,12,0,0,0,0,1,0,332959,1,1,2,4.0,1,0,0,0,40,False,1,4,5,4,1,1
Axel Disasi,DEF,Chelsea,,a,,,,0.1,477,164,0,0,0,0,0.0,153,0.00,0.00,0.00,0.00,10,0,0,0.0,0.0,2026-08-24T19:00:00Z,0,False,10,0,0,0,0,1,0,5243,0,3,2,0.0,0,0,0,0,45,False,0,0,0,0,0,1
Kiernan Dewsbury-Hall,MID,Everton,,a,,,,3.3,92,31,0,3,40,1,28.3,236,0.17,0.29,0.12,1.92,3,0,1,9.8,42.8,2026-08-22T14:00:00Z,90,False,8,0,0,0,0,1,0,288693,1,0,2,27.0,11,0,0,0,65,True,0,1,8,5,2,1
Estêvão Almeida de Oliveira Gonçalves,MID,Chelsea,,a,,,,1.3,171,55,0,0,3,0,0.4,157,0.00,0.00,0.00,0.09,10,0,0,0.1,0.2,2026-08-24T19:00:00Z,7,False,10,0,0,0,0,1,0,109575,0,3,2,0.0,1,0,0,0,65,False,0,0,1,1,0,1
Kai Andrews,MID,Coventry City,,a,,,,0.7,221,73,0,0,0,0,0.0,192,0.00,0.00,0.00,0.00,1,0,0,0.0,0.0,2026-08-21T19:00:00Z,0,False,1,0,0,0,0,1,0,62690,0,0,3,0.0,0,0,0,0,45,False,0,0,0,0,0,1
Vitezslav Jaros,GK,Liverpool,,i,Knee injury - Unknown return date,,0,0.0,560,66,0,0,0,0,0.0,354,0.00,0.00,0.00,0.00,9,0,0,0.0,0.0,2026-08-23T15:30:00Z,0,False,17,0,0,0,0,1,0,1351,0,2,2,0.0,0,0,0,0,40,False,0,0,0,0,0,1
Victor Munoz,MID,Liverpool,,a,,,,0.6,242,80,1,0,15,0,8.9,377,0.04,0.14,0.10,1.07,9,0,0,2.7,4.0,2026-08-23T15:30:00Z,27,False,17,0,0,0,0,1,0,48042,0,2,2,14.0,4,0,0,0,65,False,0,0,0,0,0,1
Sidiki Cherif,FWD,Coventry City,,a,,,,0.0,490,67,0,0,0,0,0.0,599,0.00,0.00,0.00,0.00,1,0,0,0.0,0.0,2026-08-21T19:00:00Z,0,False,1,0,0,0,0,1,0,7348,0,0,3,0.0,0,0,0,0,50,False,0,0,0,0,0,1
Jack Butland,GK,Hull City,,i,Arm injury - Unknown return date,,0,0.2,379,40,0,0,0,0,0.0,274,0.00,0.00,0.00,0.00,4,0,0,0.0,0.0,2026-08-22T11:30:00Z,0,False,16,0,0,0,0,1,0,11096,0,0,2,0.0,0,0,0,0,45,True,0,0,0,0,0,1
Konstantinos Tzolakis,GK,Hull City,,a,,,,0.5,248,34,0,3,41,1,0.0,572,0.00,0.00,0.00,1.83,4,0,0,3.5,34.6,2026-08-22T11:30:00Z,90,False,16,0,0,0,0,1,5,48305,1,0,2,0.0,10,0,0,0,45,True,0,0,0,22,0,1
Alex Scott,MID,Bournemouth,,a,,,,1.5,154,45,0,0,17,0,4.8,69,0.01,0.01,0.00,2.25,8,2,0,1.6,11.4,2026-08-23T13:00:00Z,90,False,15,0,0,0,0,1,0,134668,1,1,2,0.0,2,0,0,0,60,False,0,1,11,6,4,1
Daniel Jebbison,FWD,Bournemouth,0.0,,,,,,,,0,0,6,0,0.8,608,0.00,0.10,0.10,0.31,8,2,0,2.1,3.4,2026-08-23T13:00:00Z,15,False,15,0,0,0,0,1,0,0,0,1,2,17.0,1,0,0,0,50,False,0,0,1,1,0,1
Oscar Mingueza,DEF,Crystal Palace,,a,,,,0.1,434,150,0,0,0,0,0.0,207,0.00,0.00,0.00,0.00,3,0,0,0.0,0.0,2026-08-22T14:00:00Z,0,False,9,0,0,0,0,1,0,7928,0,0,2,0.0,0,0,0,0,45,False,0,0,0,0,0,1
Ryan Christie,MID,Bournemouth,,s,Suspended until 29 Aug,,0,0.0,569,240,0,0,0,0,0.0,75,0.00,0.00,0.00,0.00,8,0,0,0.0,0.0,2026-08-23T13:00:00Z,0,False,15,0,0,0,0,1,0,1007,0,1,2,0.0,0,0,0,0,50,False,0,0,0,0,0,1
Leo Shahar,DEF,Newcastle,0.0,,,,,,,,0,0,0,0,0.0,609,0.00,0.00,0.00,0.00,9,0,0,0.0,0.0,2026-08-23T15:30:00Z,0,False,14,0,0,0,0,1,0,0,0,2,2,0.0,0,0,0,0,40,True,0,0,0,0,0,1
Joe Gelhardt,MID,Hull City,,i,Ankle injury - Expected back 5 Sep,,0,0.0,544,225,0,0,0,0,0.0,340,0.00,0.00,0.00,0.00,4,0,0,0.0,0.0,2026-08-22T11:30:00Z,0,False,16,0,0,0,0,1,0,1365,0,0,2,0.0,0,0,0,0,50,True,0,0,0,0,0,1
Kaine Kesler-Hayden,DEF,Coventry City,,a,,,,0.1,461,161,0,0,0,0,0.0,177,0.00,0.00,0.00,0.00,1,0,0,0.0,0.0,2026-08-21T19:00:00Z,0,False,1,0,0,0,0,1,0,6032,0,0,3,0.0,0,0,0,0,40,False,0,0,0,0,0,1
Antoni Milambo,MID,Brentford,,i,Knee injury - Unknown return date,,0,0.0,595,259,0,0,0,0,0.0,99,0.00,0.00,0.00,0.00,2,0,0,0.0,0.0,2026-08-22T16:30:00Z,0,False,19,0,0,0,0,1,0,187,0,0,3,0.0,0,0,0,0,50,True,0,0,0,0,0,1
Ben Johnson,DEF,Ipswich Town,,a,,,,0.1,417,146,0,0,0,0,0.0,307,0.00,0.00,0.00,0.00,5,0,0,0.0,0.0,2026-08-22T14:00:00Z,0,False,20,0,0,0,0,1,0,10016,0,1,2,0.0,0,0,0,0,40,True,0,0,0,0,0,1
Abdul Fatawu,MID,Ipswich Town,,a,,,,0.2,324,111,0,0,22,0,28.4,315,0.41,0.41,0.00,0.63,5,1,0,5.5,18.6,2026-08-22T14:00:00Z,65,False,20,0,0,0,0,1,0,21235,1,1,2,8.0,2,0,0,0,55,True,0,1,7,2,4,1
Marcos Senesi Barón,DEF,Spurs,,a,,,,8.5,49,20,0,0,10,0,2.2,498,0.02,0.02,0.00,3.87,2,3,0,3.9,36.6,2026-08-22T16:30:00Z,90,False,4,0,0,0,0,1,0,724252,1,0,3,0.0,3,0,0,0,60,False,0,11,16,2,5,1
James Garner,MID,Everton,,i,Groin injury - Unknown return date,,0,0.2,382,142,0,0,6,0,11.8,239,0.03,0.03,0.00,0.34,3,0,0,1.9,4.8,2026-08-22T14:00:00Z,11,False,8,0,0,0,0,1,0,11659,0,0,2,2.0,1,0,0,0,60,True,0,0,1,0,1,1
Iliman Ndiaye,MID,Everton,,a,,,,15.9,27,8,1,1,36,1,39.8,237,0.32,0.56,0.24,1.96,3,0,0,12.9,40.8,2026-08-22T14:00:00Z,90,False,8,0,0,0,0,1,0,1434152,1,0,2,48.0,9,0,0,0,60,True,0,0,12,8,4,1
Eliot Matazo,MID,Hull City,,i,Knee injury - Unknown return date,,0,0.0,584,250,0,0,0,0,0.0,291,0.00,0.00,0.00,0.00,4,0,0,0.0,0.0,2026-08-22T11:30:00Z,0,False,16,0,0,0,0,1,0,600,0,0,2,0.0,0,0,0,0,45,True,0,0,0,0,0,1
Ismaïla Sarr,MID,Crystal Palace,,a,,,,5.2,67,22,0,0,0,0,0.0,208,0.00,0.00,0.00,0.00,3,0,0,0.0,0.0,2026-08-22T14:00:00Z,0,False,9,0,0,0,0,1,0,424225,0,0,2,0.0,0,0,0,0,65,False,0,0,0,0,0,1
Shumaira Mheuka,FWD,Chelsea,,a,,,,0.3,288,51,0,0,0,0,0.0,169,0.00,0.00,0.00,0.00,10,0,0,0.0,0.0,2026-08-24T19:00:00Z,0,False,10,0,0,0,0,1,0,30422,0,3,2,0.0,0,0,0,0,45,False,0,0,0,0,0,1
Carlos Alcaraz Durán,MID,Everton,,a,,,,0.1,438,176,0,0,7,0,0.3,243,0.00,0.02,0.02,0.04,3,0,0,2.2,5.0,2026-08-22T14:00:00Z,1,False,8,0,0,0,0,1,0,8329,0,0,2,17.0,1,0,0,0,50,True,0,0,3,2,1,1
Jack Grealish,MID,Man City,,a,,,100,0.2,376,139,0,0,2,0,0.6,238,0.00,0.00,0.00,0.00,8,0,0,0.2,1.0,2026-08-23T13:00:00Z,8,False,3,0,0,0,0,1,0,16005,0,1,2,0.0,1,0,0,0,65,True,0,0,1,0,1,1
Kostas Tsimikas,DEF,Liverpool,,a,,,,0.1,448,157,0,0,0,0,0.0,364,0.00,0.00,0.00,0.00,9,0,0,0.0,0.0,2026-08-23T15:30:00Z,0,False,17,0,0,0,0,1,0,6683,0,2,2,0.0,0,0,0,0,50,False,0,0,0,0,0,1
Virgil van Dijk,DEF,Liverpool,,a,,,,18.6,19,6,0,0,8,0,1.6,356,0.01,0.26,0.25,1.58,9,2,0,5.1,25.6,2026-08-23T15:30:00Z,90,False,17,0,0,0,0,1,0,1670280,1,2,2,24.0,2,0,0,0,65,False,1,9,11,6,2,1
Jacob Greaves,DEF,Ipswich Town,,a,,,,1.4,165,67,0,0,12,0,1.3,306,0.00,0.00,0.00,0.66,5,1,0,1.8,16.4,2026-08-22T14:00:00Z,90,False,20,0,0,0,0,1,0,134129,1,1,2,0.0,2,0,0,0,40,True,0,4,7,1,3,1
Jeremy Monga,MID,Man City,,a,,,,0.0,554,233,0,0,0,0,0.0,410,0.00,0.00,0.00,0.00,8,0,0,0.0,0.0,2026-08-23T13:00:00Z,0,False,3,0,0,0,0,1,0,1505,0,1,2,0.0,0,0,0,0,50,True,0,0,0,0,0,1
Jean-Philippe Mateta,FWD,Crystal Palace,,a,,,,5.8,64,10,0,0,-3,0,12.3,223,0.02,0.72,0.70,0.98,3,2,0,2.5,1.4,2026-08-22T14:00:00Z,62,False,9,0,0,0,0,1,0,504100,1,0,2,11.0,2,0,0,0,65,False,0,1,5,2,2,1
Amar Dedic,DEF,Newcastle,,a,,,,0.2,377,143,0,0,-1,0,1.2,593,0.00,0.03,0.03,2.98,9,2,0,2.3,16.4,2026-08-23T15:30:00Z,90,False,14,0,0,0,0,1,0,20712,1,2,2,5.0,1,0,0,0,45,True,0,7,9,2,2,1
Vitaly Janelt,MID,Brentford,,a,,,,0.1,426,170,0,0,35,1,38.8,98,0.17,0.56,0.39,0.57,2,0,1,11.6,53.2,2026-08-22T16:30:00Z,90,False,19,0,0,0,0,1,0,9018,1,0,3,24.0,9,0,0,0,50,True,1,6,13,3,4,1
Darnell Furlong,DEF,Ipswich Town,,a,,,,0.6,232,89,0,0,0,0,0.0,308,0.00,0.00,0.00,0.00,5,0,0,0.0,0.0,2026-08-22T14:00:00Z,0,False,20,0,0,0,0,1,0,56130,0,1,2,0.0,0,0,0,0,40,True,0,0,0,0,0,1
Martin Dubravka,GK,Spurs,,a,,,,20.4,18,4,0,0,0,0,0.0,497,0.00,0.00,0.00,0.00,2,0,0,0.0,0.0,2026-08-22T16:30:00Z,0,False,4,0,0,0,0,1,0,1778139,0,0,3,0.0,0,0,0,0,40,False,0,0,0,0,0,1
Yankuba Minteh,MID,Brighton,,i,Leg injury - Expected back 28 Nov,,0,0.1,389,145,0,0,0,0,0.0,122,0.00,0.00,0.00,0.00,7,0,0,0.0,0.0,2026-08-23T13:00:00Z,0,False,2,0,0,0,0,1,0,9337,0,0,4,0.0,0,0,0,0,60,True,0,0,0,0,0,1
Piero Hincapié,DEF,Arsenal,,a,,,,2.1,124,50,0,0,3,0,0.5,9,0.00,0.00,0.00,0.15,1,0,0,0.1,0.4,2026-08-21T19:00:00Z,9,False,7,0,0,0,0,1,0,165924,0,0,3,0.0,1,0,0,0,55,True,0,0,0,0,0,1
Pedro Porro Sauceda,DEF,Spurs,,a,,,,22.5,13,3,0,0,0,0,0.0,499,0.00,0.00,0.00,0.00,2,0,0,0.0,0.0,2026-08-22T16:30:00Z,0,False,4,0,0,0,0,1,0,1595087,0,0,3,0.0,0,0,0,0,55,False,0,0,0,0,0,1
Yéremy Pino Santos,MID,Crystal Palace,,a,,,,0.2,342,120,0,0,4,0,6.3,211,0.02,0.08,0.06,0.27,3,0,0,1.4,2.0,2026-08-22T14:00:00Z,35,False,9,0,0,0,0,1,0,18106,0,0,2,6.0,1,0,0,0,55,False,0,0,5,3,2,1
Emmanuel Emegha,FWD,Chelsea,,a,,,100,0.1,423,61,0,0,0,0,0.0,170,0.00,0.00,0.00,0.00,10,0,0,0.0,0.0,2026-08-24T19:00:00Z,0,False,10,0,0,0,0,1,0,11724,0,3,2,0.0,0,0,0,0,50,False,0,0,0,0,0,1
Mason Burstow,FWD,Hull City,,u,Has joined Sheffield Wednesday on loan for the rest of the season,,0,0.1,424,62,0,0,0,0,0.0,299,0.00,0.00,0.00,0.00,4,0,0,0.0,0.0,2026-08-22T11:30:00Z,0,False,16,0,0,0,0,1,0,6401,0,0,2,0.0,0,0,0,0,45,True,0,0,0,0,0,1
Bukayo Saka,MID,Arsenal,,a,,,,9.2,46,16,0,1,36,1,26.1,12,0.08,0.72,0.64,0.06,1,0,1,10.2,42.8,2026-08-21T19:00:00Z,67,False,7,0,0,0,0,1,0,819914,1,0,3,33.0,9,0,0,0,95,True,0,2,7,4,1,1
Stefanos Tzimas,FWD,Brighton,,d,Knee injury - 75% chance of playing,,75,0.0,566,71,0,0,0,0,0.0,137,0.00,0.00,0.00,0.00,7,0,0,0.0,0.0,2026-08-23T13:00:00Z,0,False,2,0,0,0,0,1,0,879,0,0,4,0.0,0,0,0,0,55,True,0,0,0,0,0,1
Chris Rigg,MID,Sunderland,,a,,,,0.1,458,185,0,0,3,0,0.3,548,0.00,0.00,0.00,0.10,5,1,0,0.0,0.0,2026-08-22T14:00:00Z,10,False,12,0,0,0,0,1,0,6214,0,1,2,0.0,1,0,0,0,50,False,0,0,1,1,0,1
Liam Millar,MID,Hull City,,a,,,,0.1,457,184,0,0,2,0,0.3,287,0.00,0.00,0.00,0.67,4,0,0,0.4,2.0,2026-08-22T11:30:00Z,19,False,16,0,0,0,0,1,0,6086,0,0,2,2.0,0,0,0,0,50,True,1,1,3,1,1,1
Phil Foden,MID,Man City,,a,,,,4.3,76,25,0,0,15,0,49.6,398,0.40,0.52,0.12,0.65,8,1,0,7.5,10.4,2026-08-23T13:00:00Z,81,False,3,0,0,0,0,1,0,387178,1,1,2,15.0,1,0,0,0,70,True,1,0,6,3,3,1
Matheus Nunes,DEF,Man City,,d,Knock - 75% chance of playing,,75,1.5,158,65,0,0,4,0,1.5,389,0.04,0.04,0.00,0.10,8,0,0,0.9,3.8,2026-08-23T13:00:00Z,33,False,3,0,0,0,0,1,0,123928,0,1,2,4.0,1,0,0,0,60,True,0,1,1,2,0,1
Ezri Konsa Ngoyo,DEF,Arsenal,,a,,,,15.0,28,10,0,0,0,0,0.0,31,0.00,0.00,0.00,0.00,1,0,0,0.0,0.0,2026-08-21T19:00:00Z,0,False,7,0,0,0,0,1,0,1206127,0,0,3,0.0,0,0,0,0,45,True,0,0,0,0,0,1
Rodrigo Muniz Carvalho,FWD,Fulham,,a,,,,0.6,240,41,0,0,6,0,11.5,271,0.00,0.02,0.02,0.03,10,0,0,2.5,6.0,2026-08-24T19:00:00Z,8,False,6,0,0,0,0,1,0,52452,0,3,2,7.0,1,0,0,0,55,True,0,1,1,0,0,1
Marco Palestra,DEF,Chelsea,,a,,,,2.8,108,41,0,0,0,0,0.0,152,0.00,0.00,0.00,0.00,10,0,0,0.0,0.0,2026-08-24T19:00:00Z,0,False,10,0,0,0,0,1,0,263643,0,3,2,0.0,0,0,0,0,55,False,0,0,0,0,0,1
Lamare Bogarde,MID,Aston Villa,,a,,,,0.1,466,190,0,0,3,0,0.5,35,0.00,0.00,0.00,0.22,7,0,0,0.3,2.2,2026-08-23T13:00:00Z,16,False,5,0,0,0,0,1,0,5822,0,0,4,0.0,1,0,0,0,50,False,0,1,1,0,0,1
Ferdi Kadıoğlu,DEF,Brighton,,a,,,,3.0,103,40,0,0,0,0,0.0,113,0.00,0.00,0.00,0.00,7,0,0,0.0,0.0,2026-08-23T13:00:00Z,0,False,2,0,0,0,0,1,0,265528,0,0,4,0.0,0,0,0,0,45,True,0,0,0,0,0,1
Jurriën Timber,DEF,Arsenal,,i,Groin injury - Unknown return date,,0,0.2,386,144,0,0,0,0,0.0,5,0.00,0.00,0.00,0.00,1,0,0,0.0,0.0,2026-08-21T19:00:00Z,0,False,7,0,0,0,0,1,0,11200,0,0,3,0.0,0,0,0,0,65,True,0,0,0,0,0,1
Maxence Lacroix,DEF,Chelsea,,a,,,,9.5,43,15,1,0,25,0,11.2,200,0.20,0.20,0.00,1.33,10,2,0,5.7,44.2,2026-08-24T19:00:00Z,90,False,10,0,0,0,0,1,0,792478,1,3,2,2.0,6,0,0,0,60,False,0,7,12,2,5,1
James Hill,DEF,Bournemouth,,a,,,,0.9,198,75,0,0,0,0,0.3,60,0.00,0.00,0.00,2.25,8,2,0,1.2,11.6,2026-08-23T13:00:00Z,90,False,15,0,0,0,0,1,0,72436,1,1,2,0.0,1,0,0,0,55,False,0,5,6,1,1,1
Loum Tchaouna,MID,Coventry City,,a,,,,0.1,396,151,0,0,11,0,6.0,190,0.02,0.06,0.04,1.76,1,3,0,1.1,1.8,2026-08-21T19:00:00Z,81,False,1,0,0,0,0,1,0,12321,1,0,3,3.0,2,0,0,0,55,False,0,3,8,5,0,1
Tyler Dibling,MID,Everton,,a,,,,0.0,500,208,0,0,0,0,0.0,245,0.00,0.00,0.00,0.00,3,0,0,0.0,0.0,2026-08-22T14:00:00Z,0,False,8,0,0,0,0,1,0,3592,0,0,2,0.0,0,0,0,0,55,True,0,0,0,0,0,1
James Tarkowski,DEF,Everton,,a,,,,9.0,47,18,0,0,25,1,0.8,229,0.00,0.05,0.05,1.96,3,0,0,2.0,15.2,2026-08-22T14:00:00Z,90,False,8,0,0,0,0,1,0,765229,1,0,2,4.0,6,0,0,0,60,True,0,8,9,4,1,1
Omar Richards,DEF,Nott'm Forest,,a,,,,0.2,326,122,0,0,0,0,0.0,476,0.00,0.00,0.00,0.00,6,0,0,0.0,0.0,2026-08-22T14:00:00Z,0,False,13,0,0,0,0,1,0,23191,0,1,0,0.0,0,0,0,0,40,True,0,0,0,0,0,1
Sávio Moreira de Oliveira,MID,Man City,,a,,,,0.2,352,125,0,0,0,0,0.0,403,0.00,0.00,0.00,0.00,8,0,0,0.0,0.0,2026-08-23T13:00:00Z,0,False,3,0,0,0,0,1,0,23783,0,1,2,0.0,0,0,0,0,65,True,0,0,0,0,0,1
Amad Diallo,MID,Man Utd,,a,,,,1.6,149,44,0,0,0,0,0.0,431,0.00,0.00,0.00,0.00,4,0,0,0.0,0.0,2026-08-22T11:30:00Z,0,False,11,0,0,0,0,1,0,145627,0,0,2,0.0,0,0,0,0,60,False,0,0,0,0,0,1
Mitoma Kaoru,MID,Brighton,,i,Hamstring injury - Unknown return date,,0,0.1,474,196,0,0,0,0,0.0,121,0.00,0.00,0.00,0.00,7,0,0,0.0,0.0,2026-08-23T13:00:00Z,0,False,2,0,0,0,0,1,0,4360,0,0,4,0.0,0,0,0,0,60,True,0,0,0,0,0,1
Ousmane Diomande,DEF,Nott'm Forest,,a,,,,0.7,220,84,0,0,0,0,0.0,581,0.00,0.00,0.00,0.00,6,0,0,0.0,0.0,2026-08-22T14:00:00Z,0,False,13,0,0,0,0,1,0,67092,0,1,0,0.0,0,0,0,0,55,True,0,0,0,0,0,1
Arnaud Kalimuendo,FWD,Nott'm Forest,,a,,,,0.0,489,66,0,0,3,0,0.0,493,0.00,0.00,0.00,0.00,6,0,0,0.0,0.0,2026-08-22T14:00:00Z,1,False,13,0,0,0,0,1,0,4138,0,1,0,0.0,1,0,0,0,55,True,0,0,0,0,0,1
Lewis Cook,MID,Bournemouth,,a,,,,0.1,397,152,0,0,8,1,2.1,71,0.00,0.00,0.00,1.94,8,0,0,0.7,4.6,2026-08-23T13:00:00Z,75,False,15,0,0,0,0,1,0,13065,1,1,2,0.0,3,0,0,0,50,False,0,3,7,3,1,1
Morgan Rogers,MID,Chelsea,,a,,,,25.2,11,5,0,1,37,0,53.5,40,0.10,1.06,0.96,1.24,10,2,1,13.1,48.8,2026-08-24T19:00:00Z,81,False,10,0,0,0,0,1,0,2178086,1,3,2,29.0,8,0,0,0,75,False,0,0,7,5,2,1
Jesurun Rak-Sakyi,MID,Crystal Palace,,a,,,,0.0,588,254,0,0,0,0,0.0,219,0.00,0.00,0.00,0.00,3,0,0,0.0,0.0,2026-08-22T14:00:00Z,0,False,9,0,0,0,0,1,0,550,0,0,2,0.0,0,0,0,0,50,False,0,0,0,0,0,1
Wes Burns,MID,Ipswich Town,,u,Has joined Leicester City permanently,,0,0.0,580,247,0,0,0,0,0.0,311,0.00,0.00,0.00,0.00,5,0,0,0.0,0.0,2026-08-22T14:00:00Z,0,False,20,0,0,0,0,1,0,562,0,1,2,0.0,0,0,0,0,50,True,0,0,0,0,0,1
Nick Woltemade,FWD,Newcastle,,a,,,,1.7,137,19,0,0,0,0,0.0,463,0.00,0.00,0.00,0.00,9,0,0,0.0,0.0,2026-08-23T15:30:00Z,0,False,14,0,0,0,0,1,0,151424,0,2,2,0.0,0,0,0,0,60,True,0,0,0,0,0,1
Adrien Truffert,DEF,Bournemouth,,a,,,,4.6,71,28,0,0,0,0,1.3,61,0.00,0.00,0.00,2.25,8,2,0,1.7,15.4,2026-08-23T13:00:00Z,90,False,15,0,0,0,0,1,0,392050,1,1,2,0.0,1,0,0,0,55,False,0,5,7,7,2,1
Dominik Szoboszlai,MID,Liverpool,,a,,,,41.7,4,2,0,1,29,0,47.1,368,0.27,1.12,0.85,1.58,9,2,1,11.9,50.4,2026-08-23T15:30:00Z,90,False,17,0,0,0,0,1,0,3733259,1,2,2,21.0,8,0,0,0,70,False,0,2,7,4,1,1
Declan Rice,MID,Arsenal,,a,,,,18.6,20,7,0,0,10,1,6.4,13,0.08,0.15,0.07,0.06,1,0,0,1.5,6.8,2026-08-21T19:00:00Z,67,False,7,0,0,0,0,1,0,1604406,1,0,3,2.0,3,0,0,0,75,True,0,3,6,3,0,1
Gustavo Hamer,MID,Coventry City,,a,,,,0.1,393,148,0,0,3,0,0.3,584,0.00,0.00,0.00,0.13,1,0,0,0.1,0.4,2026-08-21T19:00:00Z,8,False,1,0,0,0,0,1,0,12932,0,0,3,0.0,1,0,0,0,55,False,0,0,1,1,0,1
Leny Yoro,DEF,Man Utd,,a,,,,0.7,216,82,0,0,0,0,0.0,420,0.00,0.00,0.00,0.00,4,0,0,0.0,0.0,2026-08-22T11:30:00Z,0,False,11,0,0,0,0,1,0,62047,0,0,2,0.0,0,0,0,0,50,False,0,0,0,0,0,1
Harrison Reed,MID,Fulham,,a,,,,1.4,161,49,0,0,0,0,0.0,270,0.00,0.00,0.00,0.00,10,0,0,0.0,0.0,2026-08-24T19:00:00Z,0,False,6,0,0,0,0,1,0,139875,0,3,2,0.0,0,0,0,0,45,True,0,0,0,0,0,1
Adam Wharton,MID,Crystal Palace,,a,,,100,0.8,208,68,0,0,20,0,30.9,210,0.24,0.24,0.00,1.12,3,2,0,4.8,16.8,2026-08-22T14:00:00Z,90,False,9,0,0,0,0,1,0,75177,1,0,2,0.0,4,0,0,0,55,False,0,4,14,8,2,1
Matt Targett,DEF,Hull City,,a,,,,2.6,113,45,0,0,3,0,0.0,556,0.00,0.00,0.00,0.07,4,0,0,0.0,0.4,2026-08-22T11:30:00Z,5,False,16,0,0,0,0,1,0,218902,0,0,2,0.0,1,0,0,0,40,True,0,0,0,1,0,1
Ian Maatsen,DEF,Aston Villa,,a,,,,0.9,200,76,0,0,-9,0,0.8,36,0.00,0.03,0.03,3.62,7,4,0,1.3,9.2,2026-08-23T13:00:00Z,81,False,5,0,0,0,0,1,0,71952,1,0,4,3.0,0,0,0,0,45,False,0,7,9,2,2,1
Gabriel dos Santos Magalhães,DEF,Arsenal,,a,,,,29.7,9,2,0,0,21,1,1.8,4,0.01,0.06,0.05,0.20,1,0,0,0.9,6.6,2026-08-21T19:00:00Z,90,False,7,0,0,0,0,1,0,2647984,1,0,3,1.0,5,0,0,0,80,True,1,4,4,2,0,1
Bernd Leno,GK,Fulham,,a,,,,3.1,100,16,0,0,11,0,0.0,250,0.00,0.00,0.00,2.24,10,3,0,3.0,29.6,2026-08-24T19:00:00Z,90,False,6,0,0,0,0,1,3,272035,1,3,2,0.0,2,0,0,0,45,True,0,1,0,9,0,1
Joshua Zirkzee,FWD,Man Utd,,a,,,,0.6,228,38,0,0,0,0,0.0,440,0.00,0.00,0.00,0.00,4,0,0,0.0,0.0,2026-08-22T11:30:00Z,0,False,11,0,0,0,0,1,0,56060,0,0,2,0.0,0,0,0,0,55,False,0,0,0,0,0,1
Takehiro Tomiyasu,DEF,Crystal Palace,,a,,,,0.3,289,106,0,0,3,0,2.4,577,0.01,0.01,0.00,0.14,3,0,0,0.5,2.4,2026-08-22T14:00:00Z,18,False,9,0,0,0,0,1,0,31543,0,0,2,0.0,1,0,0,0,45,False,0,1,1,1,0,1
Callum Wilson,FWD,Brentford,,a,,,,0.3,287,50,0,0,4,0,10.3,108,0.04,0.07,0.03,0.07,2,0,0,1.8,2.2,2026-08-22T16:30:00Z,7,False,19,0,0,0,0,1,0,30450,0,0,3,5.0,1,0,0,0,55,True,0,0,0,0,0,1
Milan van Ewijk,DEF,Coventry City,,a,,,,14.1,30,11,0,0,-8,0,2.0,175,0.01,0.01,0.00,1.88,1,3,0,1.5,10.6,2026-08-21T19:00:00Z,90,False,1,0,0,0,0,1,0,1257228,1,0,3,2.0,1,0,0,0,40,False,0,6,7,3,1,1
Álvaro Rodríguez,FWD,Bournemouth,,d,Unspecified injury - 75% chance of playing,,75,0.1,404,60,0,0,0,0,0.0,81,0.00,0.00,0.00,0.00,8,0,0,0.0,0.0,2026-08-23T13:00:00Z,0,False,15,0,0,0,0,1,0,9051,0,1,2,0.0,0,0,0,0,60,False,0,0,0,0,0,1
Norberto Bercique Gomes Betuncal,FWD,Everton,,a,,,,2.9,106,14,0,0,3,0,0.0,248,0.00,0.05,0.05,0.34,3,0,0,0.2,0.0,2026-08-22T14:00:00Z,11,False,8,0,0,0,0,1,0,249740,0,0,2,2.0,1,0,0,0,55,True,0,0,0,0,0,1
Enzo Fernández,MID,Chelsea,,a,,,,5.1,68,23,0,0,6,0,12.0,155,0.02,0.02,0.00,0.28,10,0,0,1.5,3.4,2026-08-24T19:00:00Z,25,False,10,0,0,0,0,1,0,442051,0,3,2,0.0,1,0,0,0,70,False,0,0,3,3,0,1
Emile Smith Rowe,MID,Fulham,,a,,,,0.4,274,91,0,0,0,0,0.0,262,0.00,0.00,0.00,0.00,10,0,0,0.0,0.0,2026-08-24T19:00:00Z,0,False,6,0,0,0,0,1,0,35036,0,3,2,0.0,0,0,0,0,55,True,0,0,0,0,0,1
Marc Guéhi,DEF,Man City,,a,,,,18.0,22,8,0,2,31,0,17.5,388,0.32,1.21,0.89,0.65,8,1,1,8.9,43.6,2026-08-23T13:00:00Z,90,False,3,0,0,0,0,1,0,1521853,1,1,2,28.0,10,0,0,0,60,True,0,1,4,4,3,1
Romaine Mundle,MID,Sunderland,,a,,,,0.0,579,246,0,0,0,0,0.0,547,0.00,0.00,0.00,0.00,5,0,0,0.0,0.0,2026-08-22T14:00:00Z,0,False,12,0,0,0,0,1,0,801,0,1,2,0.0,0,0,0,0,50,False,0,0,0,0,0,1
Karl Darlow,GK,Man Utd,,d,Unspecified injury - 75% chance of playing,,75,0.0,515,57,0,0,0,0,0.0,325,0.00,0.00,0.00,0.00,4,0,0,0.0,0.0,2026-08-22T11:30:00Z,0,False,11,0,0,0,0,1,0,3043,0,0,2,0.0,0,0,0,0,45,False,0,0,0,0,0,1
Arthur Masuaku,DEF,Sunderland,,u,Has joined Konyaspor permanently,,0,0.4,279,104,0,0,0,0,0.0,540,0.00,0.00,0.00,0.00,5,0,0,0.0,0.0,2026-08-22T14:00:00Z,0,False,12,0,0,0,0,1,0,25578,0,1,2,0.0,0,0,0,0,40,False,0,0,0,0,0,1
Chido Obi,FWD,Man Utd,,a,,,,1.1,178,27,0,0,0,0,0.0,441,0.00,0.00,0.00,0.00,4,0,0,0.0,0.0,2026-08-22T11:30:00Z,0,False,11,0,0,0,0,1,0,100521,0,0,2,0.0,0,0,0,0,45,False,0,0,0,0,0,1
Marcus Bettinelli,GK,Man City,,a,,,,0.0,528,63,0,0,0,0,0.0,386,0.00,0.00,0.00,0.00,8,0,0,0.0,0.0,2026-08-23T13:00:00Z,0,False,3,0,0,0,0,1,0,2479,0,1,2,0.0,0,0,0,0,45,True,0,0,0,0,0,1
Kai Havertz,FWD,Arsenal,,a,,,,4.9,70,11,0,0,34,1,13.2,26,0.03,0.29,0.26,0.20,1,0,1,7.5,37.2,2026-08-21T19:00:00Z,90,False,7,0,0,0,0,1,0,468616,1,0,3,25.0,6,0,0,0,75,True,0,2,2,0,0,1
Gabriel Fernando de Jesus,FWD,Arsenal,,a,,,,0.4,285,49,0,0,0,0,0.0,27,0.00,0.00,0.00,0.00,1,0,0,0.0,0.0,2026-08-21T19:00:00Z,0,False,7,0,0,0,0,1,0,31403,0,0,3,0.0,0,0,0,0,60,True,0,0,0,0,0,1
Aladji Bamba,MID,Newcastle,,a,,,,0.1,394,149,0,0,5,0,0.0,559,0.00,0.00,0.00,1.04,9,1,0,0.4,4.0,2026-08-23T15:30:00Z,14,False,14,0,0,0,0,1,0,12608,0,2,2,0.0,1,0,0,0,50,True,0,1,2,0,1,1
Ashley Phillips,DEF,Spurs,,u,Has joined Middlesbrough permanently,,0,0.0,511,174,0,0,0,0,0.0,507,0.00,0.00,0.00,0.00,2,0,0,0.0,0.0,2026-08-22T16:30:00Z,0,False,4,0,0,0,0,1,0,2583,0,0,3,0.0,0,0,0,0,45,False,0,0,0,0,0,1
David Brooks,MID,Bournemouth,,d,Unspecified injury - 75% chance of playing,,75,0.1,465,189,0,0,0,0,0.0,74,0.00,0.00,0.00,0.00,8,0,0,0.0,0.0,2026-08-23T13:00:00Z,0,False,15,0,0,0,0,1,0,4610,0,1,2,0.0,0,0,0,0,50,False,0,0,0,0,0,1
Michael Keane,DEF,Everton,,a,,,,1.7,139,57,0,0,0,0,0.0,231,0.00,0.00,0.00,0.00,3,0,0,0.0,0.0,2026-08-22T14:00:00Z,0,False,8,0,0,0,0,1,0,151116,0,0,2,0.0,0,0,0,0,50,True,0,0,0,0,0,1
Hidemasa Morita,MID,Hull City,,d,Calf injury - 50% chance of playing,,50,0.0,526,219,0,0,0,0,0.0,563,0.00,0.00,0.00,0.00,4,0,0,0.0,0.0,2026-08-22T11:30:00Z,0,False,16,0,0,0,0,1,0,2175,0,0,2,0.0,0,0,0,0,50,True,0,0,0,0,0,1
Issa Diop,DEF,Ipswich Town,,a,,,,18.1,21,7,0,0,7,0,0.8,259,0.01,0.01,0.00,0.66,5,1,0,1.0,7.2,2026-08-22T14:00:00Z,90,False,20,0,0,0,0,1,0,1668644,1,1,2,2.0,2,0,0,0,40,True,0,4,5,6,1,1
Victor Lindelöf,DEF,Aston Villa,,a,,,,0.3,321,120,0,0,-13,0,0.1,37,0.00,0.00,0.00,3.77,7,4,0,0.2,1.8,2026-08-23T13:00:00Z,90,False,5,1,0,0,0,1,0,24630,1,0,4,0.0,-2,0,0,0,45,False,0,3,3,1,0,1
Martin Ødegaard,MID,Arsenal,,a,,,,7.3,57,19,0,3,41,1,41.5,15,0.10,0.31,0.21,0.06,1,0,1,12.3,50.6,2026-08-21T19:00:00Z,75,False,7,0,0,0,0,1,0,717252,1,0,3,31.0,11,0,0,0,65,True,0,1,8,4,3,1
Bafodé Diakité,DEF,Bournemouth,,a,,,,0.2,371,140,0,0,0,0,0.0,62,0.00,0.00,0.00,0.00,8,0,0,0.0,0.0,2026-08-23T13:00:00Z,0,False,15,0,0,0,0,1,0,15573,0,1,2,0.0,0,0,0,0,50,False,0,0,0,0,0,1
Lucas Bergvall,MID,Spurs,,a,,,,0.2,340,119,0,0,2,0,2.0,520,0.01,0.01,0.00,1.70,2,2,0,0.0,0.0,2026-08-22T16:30:00Z,45,False,4,0,0,0,0,1,0,18443,1,0,3,2.0,1,0,0,0,55,False,0,0,8,7,1,1
Riccardo Calafiori,DEF,Arsenal,,a,,,,35.6,7,1,1,0,31,1,12.2,8,0.09,0.13,0.04,0.06,1,0,0,4.2,26.0,2026-08-21T19:00:00Z,80,False,7,0,0,0,0,1,0,3542684,1,0,3,4.0,9,0,0,0,55,True,0,4,5,1,1,1
Mason Mount,MID,Man Utd,,d,Foot injury - 50% chance of playing,,50,0.0,492,202,0,0,0,0,0.0,430,0.00,0.00,0.00,0.00,4,0,0,0.0,0.0,2026-08-22T11:30:00Z,0,False,11,0,0,0,0,1,0,3202,0,0,2,0.0,0,0,0,0,55,False,0,0,0,0,0,1
Josh Dasilva,MID,Brentford,,a,,,,0.0,533,220,0,0,0,0,0.0,103,0.00,0.00,0.00,0.00,2,0,0,0.0,0.0,2026-08-22T16:30:00Z,0,False,19,0,0,0,0,1,0,2396,0,0,3,0.0,0,0,0,0,50,True,0,0,0,0,0,1
Olivier Boscagli,DEF,Brighton,,a,,,,0.2,337,127,0,0,29,1,7.3,114,0.04,0.04,0.00,0.29,7,0,0,2.9,15.2,2026-08-23T13:00:00Z,90,False,2,0,0,0,0,1,0,19109,1,0,4,6.0,6,0,0,0,45,True,0,5,6,4,1,1
Lucas Gourna-Douath,MID,Hull City,,a,,,,0.0,537,222,0,0,0,0,0.0,589,0.00,0.00,0.00,0.00,4,0,0,0.0,0.0,2026-08-22T11:30:00Z,0,False,16,0,0,0,0,1,0,2352,0,0,2,0.0,0,0,0,0,50,True,0,0,0,0,0,1
Lukás Hornícek,GK,Newcastle,,a,,,,0.6,230,29,0,0,12,0,0.0,567,0.00,0.00,0.00,2.98,9,2,0,4.1,41.2,2026-08-23T15:30:00Z,90,False,14,0,0,0,0,1,5,55382,1,2,2,0.0,1,0,0,0,50,True,1,3,0,5,0,1
Habib Diarra,MID,Sunderland,,a,,,,0.1,455,182,0,0,3,0,0.6,543,0.00,0.03,0.03,0.10,5,1,0,0.3,0.4,2026-08-22T14:00:00Z,10,False,12,0,0,0,0,1,0,6286,0,1,2,2.0,1,0,0,0,55,False,0,0,0,0,0,1
Geovany Quenda,MID,Chelsea,,a,,,100,0.0,493,203,0,0,2,0,0.3,164,0.00,0.00,0.00,0.09,10,0,0,0.4,1.2,2026-08-24T19:00:00Z,8,False,10,0,0,0,0,1,0,3758,0,3,2,2.0,1,0,0,0,55,False,0,1,1,0,0,1
Stefan Bajčetić Maquieira,MID,Liverpool,,i,Hamstring injury - Expected back 23 Aug,,0,0.0,597,261,0,0,0,0,0.0,376,0.00,0.00,0.00,0.00,9,0,0,0.0,0.0,2026-08-23T15:30:00Z,0,False,17,0,0,0,0,1,0,157,0,2,2,0.0,0,0,0,0,50,False,0,0,0,0,0,1
Matt Crooks,MID,Hull City,,a,,,,0.6,233,77,0,0,9,1,2.4,289,0.00,0.00,0.00,1.83,4,0,0,2.1,19.0,2026-08-22T11:30:00Z,90,False,16,0,0,0,0,1,0,57929,1,0,2,0.0,2,0,0,0,45,True,1,4,9,1,4,1
James Justin,DEF,Leeds,,a,,,,0.6,238,90,0,2,28,1,2.3,332,0.01,0.01,0.00,0.66,6,0,0,2.9,24.6,2026-08-22T14:00:00Z,90,False,18,0,0,0,0,1,0,52732,1,1,0,2.0,10,0,0,0,45,False,0,6,12,4,6,1
Bruno Borges Fernandes,MID,Man Utd,,a,,,,51.1,3,1,0,0,18,0,55.4,426,0.26,0.34,0.08,1.01,4,2,0,9.3,20.2,2026-08-22T11:30:00Z,90,False,11,0,0,0,0,1,0,4653303,1,0,2,17.0,2,0,0,0,120,False,0,1,6,5,0,1
Joško Gvardiol,DEF,Man City,,a,,,,11.0,35,12,0,1,28,0,13.3,391,0.05,0.24,0.19,0.65,8,1,1,7.8,47.6,2026-08-23T13:00:00Z,90,False,3,0,0,0,0,1,0,980214,1,1,2,17.0,9,0,0,0,55,True,0,5,7,5,2,1
Neco Williams,DEF,Nott'm Forest,,a,,,,10.5,38,13,0,0,13,0,5.8,469,0.02,0.02,0.00,0.47,6,1,0,2.7,15.2,2026-08-22T14:00:00Z,90,False,13,0,0,0,0,1,0,924685,1,1,0,6.0,2,0,0,0,50,True,0,3,6,10,3,1
Nicolò Savona,DEF,Nott'm Forest,,i,Knee injury - Unknown return date,,0,0.0,594,198,0,0,0,0,0.0,475,0.00,0.00,0.00,0.00,6,0,0,0.0,0.0,2026-08-22T14:00:00Z,0,False,13,0,0,0,0,1,0,209,0,1,0,0.0,0,0,0,0,45,True,0,0,0,0,0,1
Julio Soler Barreto,DEF,Bournemouth,,d,Hamstring injury - 75% chance of playing,,75,0.3,315,118,0,0,0,0,0.0,66,0.00,0.00,0.00,0.00,8,0,0,0.0,0.0,2026-08-23T13:00:00Z,0,False,15,0,0,0,0,1,0,19739,0,1,2,0.0,0,0,0,0,40,False,0,0,0,0,0,1
Anan Khalaili,DEF,Crystal Palace,,a,,,,0.1,439,152,0,0,12,0,26.5,588,0.16,0.16,0.00,0.27,3,0,0,5.5,24.0,2026-08-22T14:00:00Z,35,False,9,0,0,0,0,1,0,8418,0,0,2,4.0,1,0,0,0,50,False,0,5,9,3,4,1
Gerónimo Rulli,GK,Man City,,a,,,,0.0,557,65,0,0,0,0,0.0,587,0.00,0.00,0.00,0.00,8,0,0,0.0,0.0,2026-08-23T13:00:00Z,0,False,3,0,0,0,0,1,0,1589,0,1,2,0.0,0,0,0,0,50,True,0,0,0,0,0,1
Sepp van den Berg,DEF,Brentford,,i,Unspecified injury - Unknown return date,,0,0.2,335,126,0,0,0,0,0.0,85,0.00,0.00,0.00,0.00,2,0,0,0.0,0.0,2026-08-22T16:30:00Z,0,False,19,0,0,0,0,1,0,14391,0,0,3,0.0,0,0,0,0,50,True,0,0,0,0,0,1
Jeremie Frimpong,DEF,Liverpool,,a,,,,3.3,94,37,0,0,3,0,37.8,357,0.09,0.10,0.01,1.58,9,2,0,6.1,13.6,2026-08-23T15:30:00Z,90,False,17,0,0,0,0,1,0,302241,1,2,2,10.0,0,0,0,0,55,False,1,1,2,3,1,1
Brennan Johnson,MID,Everton,,a,,,,0.2,368,134,0,0,3,0,0.3,209,0.00,0.00,0.00,0.29,3,0,0,0.4,4.0,2026-08-22T14:00:00Z,6,False,8,0,0,0,0,1,0,15299,0,0,2,0.0,1,0,0,0,60,True,0,2,2,0,0,1
Martín Zubimendi Ibáñez,MID,Arsenal,,a,,,,1.2,175,57,0,0,3,0,2.3,19,0.02,0.02,0.00,0.15,1,0,0,0.6,3.8,2026-08-21T19:00:00Z,22,False,7,0,0,0,0,1,0,107568,0,0,3,0.0,1,0,0,0,55,True,0,0,3,2,1,1
Mike Penders,GK,Chelsea,,a,,,,0.1,460,50,0,0,0,0,0.0,560,0.00,0.00,0.00,0.00,10,0,0,0.0,0.0,2026-08-24T19:00:00Z,0,False,10,0,0,0,0,1,0,6087,0,3,2,0.0,0,0,0,0,45,False,0,0,0,0,0,1
Enes Ünal,FWD,Bournemouth,,u,Has joined Getafe permanently,,0,0.1,476,65,0,0,0,0,0.0,80,0.00,0.00,0.00,0.00,8,0,0,0.0,0.0,2026-08-23T13:00:00Z,0,False,15,0,0,0,0,1,0,3581,0,1,2,0.0,0,0,0,0,55,False,0,0,0,0,0,1
Omari Hutchinson,MID,Nott'm Forest,,a,,,,0.2,366,132,0,0,0,0,0.0,484,0.00,0.00,0.00,0.00,6,0,0,0.0,0.0,2026-08-22T14:00:00Z,0,False,13,0,0,0,0,1,0,15797,0,1,0,0.0,0,0,0,0,55,True,0,0,0,0,0,1
Joél Drakes-Thomas,MID,Crystal Palace,,a,,,,0.1,435,175,0,0,0,0,0.0,221,0.00,0.00,0.00,0.00,3,0,0,0.0,0.0,2026-08-22T14:00:00Z,0,False,9,0,0,0,0,1,0,8076,0,0,2,0.0,0,0,0,0,45,False,0,0,0,0,0,1
Max Dowman,MID,Arsenal,,a,,,,0.1,420,168,0,0,0,0,0.0,20,0.00,0.00,0.00,0.00,1,0,0,0.0,0.0,2026-08-21T19:00:00Z,0,False,7,0,0,0,0,1,0,8920,0,0,3,0.0,0,0,0,0,55,True,0,0,0,0,0,1
Wellity Lucky,DEF,Liverpool,,a,,,,0.1,409,145,0,0,0,0,0.0,361,0.00,0.00,0.00,0.00,9,0,0,0.0,0.0,2026-08-23T15:30:00Z,0,False,17,0,0,0,0,1,0,10838,0,2,2,0.0,0,0,0,0,40,False,0,0,0,0,0,1
Ryan Giles,DEF,Hull City,,a,,,,0.8,209,79,0,0,24,1,18.8,282,0.07,0.09,0.02,1.76,4,0,0,3.7,13.8,2026-08-22T11:30:00Z,84,False,16,0,0,0,0,1,0,67208,1,0,2,4.0,6,0,0,0,40,True,0,5,6,1,1,1
Gianluigi Donnarumma,GK,Man City,,a,,,,8.5,50,6,0,0,12,0,0.0,384,0.00,0.00,0.00,0.65,8,1,0,2.7,26.8,2026-08-23T13:00:00Z,90,False,3,0,0,0,0,1,3,722204,1,1,2,0.0,3,0,0,0,55,True,0,1,0,4,0,1
Will Hughes,MID,Crystal Palace,,a,,,,11.9,33,11,0,0,0,0,0.0,212,0.00,0.00,0.00,0.00,3,0,0,0.0,0.0,2026-08-22T14:00:00Z,0,False,9,0,0,0,0,1,0,1093674,0,0,2,0.0,0,0,0,0,45,False,0,0,0,0,0,1
Patrick Dorgu,MID,Man Utd,,a,,,,1.4,160,48,0,0,-11,0,1.2,415,0.03,0.50,0.47,0.92,4,2,0,0.7,0.0,2026-08-22T11:30:00Z,45,False,11,0,0,0,0,1,0,121744,1,0,2,16.0,0,0,0,0,60,False,1,1,1,0,0,1
Dejan Kulusevski,MID,Spurs,,i,Knee injury - Unknown return date,,0,0.0,572,241,0,0,0,0,0.0,521,0.00,0.00,0.00,0.00,2,0,0,0.0,0.0,2026-08-22T16:30:00Z,0,False,4,0,0,0,0,1,0,949,0,0,3,0.0,0,0,0,0,65,False,0,0,0,0,0,1
Aaron Hickey,DEF,Brentford,,a,,,,0.1,470,163,0,0,2,0,0.3,90,0.00,0.00,0.00,0.10,2,0,0,0.0,0.0,2026-08-22T16:30:00Z,14,False,19,0,0,0,0,1,0,5416,0,0,3,0.0,1,0,0,0,45,True,0,0,0,2,0,1
Rayan Aït-Nouri,DEF,Man City,,a,,,,0.9,196,73,0,0,0,0,0.0,392,0.00,0.00,0.00,0.00,8,0,0,0.0,0.0,2026-08-23T13:00:00Z,0,False,3,0,0,0,0,1,0,79425,0,1,2,0.0,0,0,0,0,55,True,0,0,0,0,0,1
Victor Torp,MID,Coventry City,,a,,,,0.2,364,130,0,0,8,0,16.4,188,0.11,0.11,0.00,0.32,1,0,0,2.3,6.8,2026-08-21T19:00:00Z,28,False,1,0,0,0,0,1,0,15509,0,0,3,0.0,1,0,0,0,55,False,0,1,1,0,0,1
Rúben dos Santos Gato Alves Dias,DEF,Man City,,a,,,,1.6,144,60,0,0,11,0,17.9,390,0.14,0.14,0.00,0.65,8,1,0,4.4,24.4,2026-08-23T13:00:00Z,90,False,3,0,0,0,0,1,0,148709,1,1,2,2.0,2,0,0,0,55,True,0,6,6,8,0,1
John McGinn,MID,Aston Villa,,a,,,,3.3,95,32,0,0,8,0,2.4,45,0.01,0.05,0.04,3.62,7,4,0,0.5,1.6,2026-08-23T13:00:00Z,81,False,5,0,0,0,0,1,0,290994,1,0,4,1.0,1,0,0,0,55,False,1,2,6,3,1,1
Jaydee Canvot,DEF,Crystal Palace,,a,,,,0.4,272,100,0,0,9,0,5.7,203,0.01,0.06,0.05,1.12,3,2,0,3.8,27.4,2026-08-22T14:00:00Z,90,False,9,0,0,0,0,1,0,30748,1,0,2,5.0,1,0,0,0,50,False,0,4,8,3,4,1
Tijjani Reijnders,MID,Man City,,u,Has joined Al Qadsiah permanently,,0,0.2,362,129,0,0,0,0,0.0,404,0.00,0.00,0.00,0.00,8,0,0,0.0,0.0,2026-08-23T13:00:00Z,0,False,3,0,0,0,0,1,0,11692,0,1,2,0.0,0,0,0,0,60,True,0,0,0,0,0,1
Micky van de Ven,DEF,Spurs,,a,,,,7.2,58,23,0,0,0,0,0.0,503,0.00,0.00,0.00,0.00,2,0,0,0.0,0.0,2026-08-22T16:30:00Z,0,False,4,0,0,0,0,1,0,522301,0,0,3,0.0,0,0,0,0,50,False,0,0,0,0,0,1
Joe Rodon,DEF,Leeds,,a,,,,3.1,101,39,0,0,21,1,14.4,329,0.06,0.09,0.03,0.66,6,0,0,3.4,14.4,2026-08-22T14:00:00Z,90,False,18,0,0,0,0,1,0,330772,1,1,0,5.0,6,0,0,0,45,False,0,6,7,1,1,1
Rodrigo 'Rodri' Hernandez Cascante,MID,Man City,,u,Has joined Barcelona permanently,,0,0.0,522,218,0,0,0,0,0.0,402,0.00,0.00,0.00,0.00,8,0,0,0.0,0.0,2026-08-23T13:00:00Z,0,False,3,0,0,0,0,1,0,2341,0,1,2,0.0,0,0,0,0,65,True,0,0,0,0,0,1
Pascal Struijk,DEF,Brighton,,a,,,100,0.2,349,133,0,0,0,0,0.0,328,0.00,0.00,0.00,0.00,7,0,0,0.0,0.0,2026-08-23T13:00:00Z,0,False,2,0,0,0,0,1,0,19933,0,0,4,0.0,0,0,0,0,50,True,0,0,0,0,0,1
Wilson Odobert,MID,Spurs,,i,Knee injury - Unknown return date,,0,0.0,598,262,0,0,0,0,0.0,517,0.00,0.00,0.00,0.00,2,0,0,0.0,0.0,2026-08-22T16:30:00Z,0,False,4,0,0,0,0,1,0,100,0,0,3,0.0,0,0,0,0,55,False,0,0,0,0,0,1
Liam Delap,FWD,Chelsea,,a,,,,0.5,261,46,0,0,0,0,0.0,167,0.00,0.00,0.00,0.00,10,0,0,0.0,0.0,2026-08-24T19:00:00Z,0,False,10,0,0,0,0,1,0,40156,0,3,2,0.0,0,0,0,0,55,False,0,0,0,0,0,1
Matty Jacob,DEF,Hull City,,d,Hip injury - 75% chance of playing,,75,0.0,555,188,0,0,0,0,0.0,283,0.00,0.00,0.00,0.00,4,0,0,0.0,0.0,2026-08-22T11:30:00Z,0,False,16,0,0,0,0,1,0,1251,0,0,2,0.0,0,0,0,0,40,True,0,0,0,0,0,1
Antonín Kinský,GK,Spurs,,a,,,,23.4,12,2,0,0,15,0,0.0,496,0.00,0.00,0.00,3.87,2,3,0,4.4,43.6,2026-08-22T16:30:00Z,90,False,4,0,0,0,0,1,5,2208330,1,0,3,0.0,2,0,0,0,45,False,0,4,0,12,0,1
Calvin Ramsay,DEF,Liverpool,,a,,,,0.2,339,128,0,0,0,0,0.0,365,0.00,0.00,0.00,0.00,9,0,0,0.0,0.0,2026-08-23T15:30:00Z,0,False,17,0,0,0,0,1,0,19328,0,2,2,0.0,0,0,0,0,40,False,0,0,0,0,0,1
Nathan Patterson,DEF,Everton,,a,,,,0.0,521,175,0,0,0,0,0.0,234,0.00,0.00,0.00,0.00,3,0,0,0.0,0.0,2026-08-22T14:00:00Z,0,False,8,0,0,0,0,1,0,2948,0,0,2,0.0,0,0,0,0,45,True,0,0,0,0,0,1
Ben Wilson,GK,Coventry City,,a,,,,0.5,251,35,0,0,0,0,0.0,172,0.00,0.00,0.00,0.00,1,0,0,0.0,0.0,2026-08-21T19:00:00Z,0,False,1,0,0,0,0,1,0,42690,0,0,3,0.0,0,0,0,0,45,False,0,0,0,0,0,1
Rio Cardines,DEF,Crystal Palace,,u,Has joined Bristol City on loan for the rest of the season,,0,0.0,591,197,0,0,0,0,0.0,220,0.00,0.00,0.00,0.00,3,0,0,0.0,0.0,2026-08-22T14:00:00Z,0,False,9,0,0,0,0,1,0,255,0,0,2,0.0,0,0,0,0,45,False,0,0,0,0,0,1
Walter Benítez,GK,Crystal Palace,,a,,,,0.1,414,46,0,0,0,0,0.0,199,0.00,0.00,0.00,0.00,3,0,0,0.0,0.0,2026-08-22T14:00:00Z,0,False,9,0,0,0,0,1,0,10987,0,0,2,0.0,0,0,0,0,45,False,0,0,0,0,0,1
João Pedro Junqueira de Jesus,FWD,Chelsea,,a,,,,63.4,2,2,1,2,45,0,23.0,165,0.06,0.69,0.63,1.33,10,2,1,11.1,51.2,2026-08-24T19:00:00Z,90,False,10,0,0,0,0,1,0,5764207,1,3,2,37.0,11,0,0,0,75,False,0,1,3,2,0,1
Lisandro Martínez,DEF,Man Utd,,a,,,100,1.2,177,68,0,0,0,0,0.0,419,0.00,0.00,0.00,0.00,4,0,0,0.0,0.0,2026-08-22T11:30:00Z,0,False,11,0,0,0,0,1,0,115360,0,0,2,0.0,0,0,0,0,50,False,0,0,0,0,0,1
Vitor de Oliveira Nunes dos Reis,DEF,Man City,,a,,,,0.0,539,183,0,0,0,0,0.0,396,0.00,0.00,0.00,0.00,8,0,0,0.0,0.0,2026-08-23T13:00:00Z,0,False,3,0,0,0,0,1,0,1856,0,1,2,0.0,0,0,0,0,45,True,0,0,0,0,0,1
Paddy McNair,DEF,Hull City,,a,,,,0.1,425,147,0,0,3,0,0.0,285,0.00,0.00,0.00,0.96,4,0,0,0.4,4.2,2026-08-22T11:30:00Z,26,False,16,0,0,0,0,1,0,8697,0,0,2,0.0,1,0,0,0,40,True,0,2,2,1,0,1
Taiwo Awoniyi,FWD,Coventry City,,a,,,,0.8,207,34,0,0,4,0,1.4,492,0.00,0.00,0.00,0.29,1,0,0,0.1,0.0,2026-08-21T19:00:00Z,20,False,1,0,0,0,0,1,0,76129,0,0,3,0.0,1,0,0,0,55,False,0,0,1,1,0,1
Đorđe Petrović,GK,Bournemouth,,a,,,,3.4,91,14,0,0,13,0,0.0,57,0.00,0.00,0.00,2.25,8,2,0,3.7,36.8,2026-08-23T13:00:00Z,90,False,15,0,0,0,0,1,4,288326,1,1,2,0.0,2,0,0,0,45,False,0,2,0,5,0,1
Marcus Rashford,MID,Man Utd,,a,,,,1.5,157,47,0,0,9,0,48.6,429,0.10,0.10,0.00,0.09,4,0,0,6.4,11.6,2026-08-22T11:30:00Z,45,False,11,0,0,0,0,1,0,134653,0,0,2,4.0,1,0,0,0,70,False,0,0,1,1,0,1
Ethan Nwaneri,MID,Arsenal,,a,,,,0.0,564,237,0,0,0,0,0.0,22,0.00,0.00,0.00,0.00,1,0,0,0.0,0.0,2026-08-21T19:00:00Z,0,False,7,0,0,0,0,1,0,1260,0,0,3,0.0,0,0,0,0,55,True,0,0,0,0,0,1
Jarrad Branthwaite,DEF,Everton,,a,,,,1.7,141,59,0,0,27,1,0.8,230,0.01,0.01,0.00,1.96,3,0,0,2.5,18.6,2026-08-22T14:00:00Z,90,False,8,0,0,0,0,1,0,141420,1,0,2,6.0,6,0,0,0,55,True,0,6,8,2,2,1
Matt Grimes,MID,Coventry City,,a,,,,0.2,346,122,0,0,14,0,3.7,184,0.01,0.01,0.00,1.88,1,3,0,1.7,13.4,2026-08-21T19:00:00Z,90,False,1,0,0,0,0,1,0,17412,1,0,3,0.0,2,0,0,0,50,False,0,4,7,3,0,1
Senne Lammens,GK,Man Utd,,a,,,,17.2,24,5,0,0,7,0,0.0,412,0.00,0.00,0.00,1.01,4,2,0,2.0,20.2,2026-08-22T11:30:00Z,90,False,11,0,0,0,0,1,2,1497029,1,0,2,0.0,1,0,0,0,50,False,0,2,0,8,0,1
Nobel Mendy,DEF,Hull City,,a,,,,0.9,197,74,0,1,35,1,0.6,586,0.00,0.28,0.28,0.86,4,0,1,8.5,51.8,2026-08-22T11:30:00Z,63,False,16,0,0,0,0,1,0,92688,1,0,2,33.0,15,0,0,0,40,True,0,13,13,2,0,1
Wesley Fofana,DEF,Chelsea,,s,Suspended until 6 Sep,,0,0.0,570,192,0,0,0,0,0.0,145,0.00,0.00,0.00,0.00,10,0,0,0.0,0.0,2026-08-24T19:00:00Z,0,False,10,0,0,0,0,1,0,1057,0,3,2,0.0,0,0,0,0,50,False,0,0,0,0,0,1
Frank Onyeka,MID,Coventry City,,a,,,,0.1,388,144,0,0,8,0,1.6,104,0.01,0.01,0.00,1.88,1,3,0,0.5,3.6,2026-08-21T19:00:00Z,90,False,1,0,0,0,0,1,0,13188,1,0,3,0.0,2,0,0,0,50,False,0,3,9,5,1,1
Christian Walton,GK,Ipswich Town,,a,,,,0.6,247,33,0,0,0,0,0.0,300,0.00,0.00,0.00,0.00,5,0,0,0.0,0.0,2026-08-22T14:00:00Z,0,False,20,0,0,0,0,1,0,47085,0,1,2,0.0,0,0,0,0,45,True,0,0,0,0,0,1
Nordi Mukiele,DEF,Sunderland,,a,,,100,2.4,115,46,0,0,0,0,0.0,533,0.00,0.00,0.00,0.00,5,0,0,0.0,0.0,2026-08-22T14:00:00Z,0,False,12,0,0,0,0,1,0,257772,0,1,2,0.0,0,0,0,0,55,False,0,0,0,0,0,1
Cody Gakpo,MID,Liverpool,,a,,,,3.6,84,28,0,3,33,0,34.0,367,0.15,0.45,0.30,1.58,9,2,1,11.5,44.0,2026-08-23T15:30:00Z,90,False,17,0,0,0,0,1,0,310403,1,2,2,37.0,12,0,0,0,70,False,0,4,12,5,3,1
Matty Cash,DEF,Aston Villa,,a,,,,8.5,48,19,0,0,-8,0,1.1,32,0.00,0.00,0.00,3.77,7,4,0,1.3,12.0,2026-08-23T13:00:00Z,90,False,5,0,0,0,0,1,0,789072,1,0,4,0.0,-1,0,0,0,45,False,1,5,7,0,2,1
Kevin Santos Lopes de Macedo,MID,Fulham,,a,,,,0.1,468,192,0,0,2,0,1.9,263,0.01,0.01,0.00,0.03,10,0,0,0.7,5.2,2026-08-24T19:00:00Z,17,False,6,0,0,0,0,1,0,5144,0,3,2,0.0,1,0,0,0,55,True,0,0,3,1,2,1
George Shepherd,MID,Coventry City,,a,,,,0.3,298,99,0,0,0,0,0.0,189,0.00,0.00,0.00,0.00,1,0,0,0.0,0.0,2026-08-21T19:00:00Z,0,False,1,0,0,0,0,1,0,28435,0,0,3,0.0,0,0,0,0,45,False,0,0,0,0,0,1
Trai Hume,DEF,Sunderland,,a,,,,6.6,60,24,0,0,14,0,39.4,534,0.27,0.31,0.04,1.69,5,1,0,6.2,9.4,2026-08-22T14:00:00Z,79,False,12,0,0,0,0,1,0,641436,1,1,2,13.0,2,0,0,0,45,False,0,1,4,6,3,1
Sven Botman,DEF,Newcastle,,a,,,,0.4,275,101,0,0,4,0,0.3,447,0.01,0.01,0.00,2.98,9,2,0,3.3,32.4,2026-08-23T15:30:00Z,90,False,14,0,0,0,0,1,0,34765,1,2,2,0.0,3,0,0,0,50,True,0,10,10,2,0,1
Benjamin Sesko,FWD,Man Utd,,d,Shin injury - 75% chance of playing,,75,1.4,166,24,0,0,2,0,0.5,439,0.00,0.04,0.04,0.07,4,0,0,0.9,0.0,2026-08-22T11:30:00Z,23,False,11,0,0,0,0,1,0,114788,0,0,2,9.0,1,0,0,0,70,False,0,0,0,0,0,1
Carlos Baleba,MID,Brighton,,i,Ankle injury - Expected back 23 Aug,,0,0.2,336,117,0,0,0,0,0.0,131,0.00,0.00,0.00,0.00,7,0,0,0.0,0.0,2026-08-23T13:00:00Z,0,False,2,0,0,0,0,1,0,17798,0,0,4,0.0,0,0,0,0,50,True,0,0,0,0,0,1
Granit Xhaka,MID,Sunderland,,a,,,,4.5,74,24,1,2,31,0,31.4,544,0.09,0.09,0.00,1.80,5,2,0,5.0,18.8,2026-08-22T14:00:00Z,90,False,12,0,0,0,0,1,0,392611,1,1,2,0.0,9,0,0,0,55,False,0,2,13,8,3,1
Marco Bizot,GK,Aston Villa,,a,,,,0.1,412,45,0,0,1,0,0.0,29,0.00,0.00,0.00,3.77,7,4,0,2.8,28.2,2026-08-23T13:00:00Z,90,False,5,0,0,0,0,1,3,10183,1,0,4,0.0,1,0,0,0,45,False,0,2,0,6,0,1
Chris Richards,DEF,Crystal Palace,,a,,,,0.8,210,80,0,0,13,0,0.7,202,0.00,0.00,0.00,1.12,3,2,0,4.3,42.6,2026-08-22T14:00:00Z,90,False,9,0,0,0,0,1,0,66477,1,0,2,0.0,3,0,0,0,50,False,0,14,16,1,2,1
Zavier Gozo,MID,Crystal Palace,,a,,,,0.0,575,243,0,0,0,0,0.0,595,0.00,0.00,0.00,0.00,3,0,0,0.0,0.0,2026-08-22T14:00:00Z,0,False,9,0,0,0,0,1,0,1214,0,0,2,0.0,0,0,0,0,50,False,0,0,0,0,0,1
Ethan Pinnock,DEF,Brentford,,a,,,,0.1,444,155,0,0,0,0,0.0,91,0.00,0.00,0.00,0.00,2,0,0,0.0,0.0,2026-08-22T16:30:00Z,0,False,19,0,0,0,0,1,0,7000,0,0,3,0.0,0,0,0,0,45,True,0,0,0,0,0,1
Luke Shaw,DEF,Man Utd,,a,,,,21.5,15,4,0,0,13,0,59.2,423,0.26,0.26,0.00,1.01,4,2,0,9.0,25.2,2026-08-22T11:30:00Z,90,False,11,0,0,0,0,1,0,1947696,1,0,2,6.0,1,0,0,0,45,False,0,3,4,3,1,1
Tanaka Ao,MID,Leeds,,a,,,,0.3,318,108,0,0,0,0,0.0,345,0.00,0.00,0.00,0.00,6,0,0,0.0,0.0,2026-08-22T14:00:00Z,0,False,18,0,0,0,0,1,0,23052,0,1,0,0.0,0,0,0,0,50,False,0,0,0,0,0,1
Leo Fuhr Hjelde,DEF,Sunderland,,u,Has joined KV Mechelen on loan for the rest of the season,,0,0.1,432,149,0,0,0,0,0.0,538,0.00,0.00,0.00,0.00,5,0,0,0.0,0.0,2026-08-22T14:00:00Z,0,False,12,0,0,0,0,1,0,6220,0,1,2,0.0,0,0,0,0,40,False,0,0,0,0,0,1
Callum Hudson-Odoi,MID,Nott'm Forest,,a,,,100,0.2,325,112,0,0,0,0,0.0,482,0.00,0.00,0.00,0.00,6,0,0,0.0,0.0,2026-08-22T14:00:00Z,0,False,13,0,0,0,0,1,0,23579,0,1,0,0.0,0,0,0,0,60,True,0,0,0,0,0,1
Ryan Sessegnon,DEF,Fulham,,a,,,,0.4,264,98,0,0,7,0,0.5,269,0.00,0.03,0.03,0.03,10,0,0,2.6,6.6,2026-08-24T19:00:00Z,17,False,6,0,0,0,0,1,0,39784,0,3,2,19.0,1,0,0,0,45,True,0,1,1,1,0,1
Matt O'Riley,MID,Brighton,,a,,,,0.1,431,173,0,0,0,0,0.0,126,0.00,0.00,0.00,0.00,7,0,0,0.0,0.0,2026-08-23T13:00:00Z,0,False,2,0,0,0,0,1,0,8249,0,0,4,0.0,0,0,0,0,55,True,0,0,0,0,0,1
Sandro Tonali,MID,Spurs,,a,,,,4.2,78,26,0,0,14,0,6.4,455,0.06,0.10,0.04,3.87,2,3,0,2.1,6.2,2026-08-22T16:30:00Z,90,False,4,0,0,0,0,1,0,376914,1,0,3,8.0,2,0,0,0,55,False,0,0,4,3,1,1
Jaden Philogene,MID,Ipswich Town,,a,,,,0.2,370,136,0,0,0,0,0.0,318,0.00,0.00,0.00,0.00,5,0,0,0.0,0.0,2026-08-22T14:00:00Z,0,False,20,0,0,0,0,1,0,14821,0,1,2,0.0,0,0,0,0,55,True,0,0,0,0,0,1
Luc De Fougerolles,DEF,Fulham,0.0,,,,,,,,0,0,0,0,0.0,610,0.00,0.00,0.00,0.00,10,0,0,0.0,0.0,2026-08-24T19:00:00Z,0,False,6,0,0,0,0,1,0,0,0,3,2,0.0,0,0,0,0,40,True,0,0,0,0,0,1
Alisson Becker,GK,Liverpool,,a,,,,3.6,85,13,0,0,7,0,0.0,350,0.00,0.00,0.00,1.58,9,2,0,1.8,17.8,2026-08-23T15:30:00Z,90,False,17,0,0,0,0,1,3,302846,1,2,2,0.0,2,0,0,0,55,False,0,2,0,6,0,1
Matteo Ruggeri,DEF,Aston Villa,,a,,,,0.1,482,166,0,0,3,0,0.0,596,0.00,0.00,0.00,0.14,7,0,0,0.4,4.0,2026-08-23T13:00:00Z,8,False,5,0,0,0,0,1,0,7884,0,0,4,0.0,1,0,0,0,45,False,0,0,2,0,2,1
Brandon Thomas-Asante,FWD,Coventry City,,a,,,,0.8,211,35,0,0,9,0,1.1,194,0.02,0.02,0.00,1.60,1,3,0,0.6,4.6,2026-08-21T19:00:00Z,69,False,1,0,0,0,0,1,0,66198,1,0,3,0.0,2,0,0,0,50,False,0,5,6,1,0,1
Jefferson Lerma Solís,MID,Crystal Palace,,a,,,,0.1,413,163,0,0,0,0,0.0,213,0.00,0.00,0.00,0.00,3,0,0,0.0,0.0,2026-08-22T14:00:00Z,0,False,9,0,0,0,0,1,0,10665,0,0,2,0.0,0,0,0,0,50,False,0,0,0,0,0,1
Alex Iwobi,MID,Fulham,,a,,,,1.0,189,64,0,0,17,0,11.3,261,0.04,0.04,0.00,2.24,10,3,0,2.4,12.4,2026-08-24T19:00:00Z,90,False,6,0,0,0,0,1,0,88413,1,3,2,0.0,2,0,0,0,55,True,0,3,10,6,1,1
Harry Howell,MID,Brighton,,u,Has joined Leicester City on loan for the rest of the season,,0,0.1,422,169,0,0,0,0,0.0,132,0.00,0.00,0.00,0.00,7,0,0,0.0,0.0,2026-08-23T13:00:00Z,0,False,2,0,0,0,0,1,0,6770,0,0,4,0.0,0,0,0,0,45,True,0,0,0,0,0,1
Felipe Rodrigues da Silva,DEF,Nott'm Forest,,a,,,,0.0,485,168,0,0,0,0,0.0,470,0.00,0.00,0.00,0.00,6,0,0,0.0,0.0,2026-08-22T14:00:00Z,0,False,13,0,0,0,0,1,0,4345,0,1,0,0.0,0,0,0,0,50,True,0,0,0,0,0,1
Dean Henderson,GK,Crystal Palace,,d,Ankle injury - 75% chance of playing,,75,2.5,114,18,0,0,14,0,0.0,198,0.00,0.00,0.00,1.12,3,2,0,2.8,28.2,2026-08-22T14:00:00Z,90,False,9,0,0,0,0,1,3,171144,1,0,2,0.0,2,0,0,0,50,False,0,3,0,13,0,1
Ibrahim Sangaré,MID,Nott'm Forest,,a,,,,1.1,179,59,0,0,10,0,13.0,488,0.01,0.04,0.03,0.47,6,1,0,3.4,17.8,2026-08-22T14:00:00Z,90,False,13,0,0,0,0,1,0,100536,1,1,0,3.0,2,0,0,0,50,True,0,3,6,3,0,1
Jaidon Anthony,MID,Brentford,,a,,,,0.2,381,141,0,0,9,0,34.9,105,0.35,0.38,0.03,0.10,2,0,0,4.7,10.6,2026-08-22T16:30:00Z,23,False,19,0,0,0,0,1,0,14244,0,0,3,1.0,1,0,0,0,60,True,0,0,8,6,2,1
William Saliba,DEF,Arsenal,,i,Back injury - Unknown return date,,0,0.3,294,108,0,0,0,0,0.0,6,0.00,0.00,0.00,0.00,1,0,0,0.0,0.0,2026-08-21T19:00:00Z,0,False,7,0,0,0,0,1,0,26559,0,0,3,0.0,0,0,0,0,60,True,0,0,0,0,0,1
David Akintola,MID,Hull City,,a,,,,0.0,512,214,0,0,0,0,0.0,296,0.00,0.00,0.00,0.00,4,0,0,0.0,0.0,2026-08-22T11:30:00Z,0,False,16,0,0,0,0,1,0,3400,0,0,2,0.0,0,0,0,0,50,True,0,0,0,0,0,1
Luca Netz,DEF,Nott'm Forest,,a,,,,0.0,530,178,0,0,-2,0,0.9,478,0.00,0.00,0.00,0.13,6,1,0,0.1,0.0,2026-08-22T14:00:00Z,16,False,13,0,0,0,0,1,0,2322,0,1,0,0.0,1,0,0,0,45,True,0,0,0,1,0,1
Georginio Rutter,FWD,Brighton,,a,,,,0.9,194,30,1,0,22,1,11.4,125,0.44,0.52,0.08,0.29,7,0,0,4.6,19.8,2026-08-23T13:00:00Z,90,False,2,0,0,0,0,1,0,78765,1,0,4,15.0,5,0,0,0,55,True,0,1,7,4,2,1
Darko Gyabi,MID,Hull City,,i,Thigh injury - Unknown return date,,0,0.0,507,212,0,0,0,0,0.0,297,0.00,0.00,0.00,0.00,4,0,0,0.0,0.0,2026-08-22T11:30:00Z,0,False,16,0,0,0,0,1,0,2774,0,0,2,0.0,0,0,0,0,45,True,0,0,0,0,0,1
Nick Pope,GK,Newcastle,,a,,,,1.3,170,24,0,0,0,0,0.0,442,0.00,0.00,0.00,0.00,9,0,0,0.0,0.0,2026-08-23T15:30:00Z,0,False,14,0,0,0,0,1,0,113822,0,2,2,0.0,0,0,0,0,50,True,0,0,0,0,0,1
Kevin Danso,DEF,Spurs,,a,,,,0.2,374,142,0,0,0,0,0.0,501,0.00,0.00,0.00,0.00,2,0,0,0.0,0.0,2026-08-22T16:30:00Z,0,False,4,0,0,0,0,1,0,15516,0,0,3,0.0,0,0,0,0,50,False,0,0,0,0,0,1
Malick Thiaw,DEF,Newcastle,,a,,,,1.7,136,56,0,0,0,0,0.2,445,0.00,0.00,0.00,2.98,9,2,0,3.8,37.8,2026-08-23T15:30:00Z,90,False,14,0,0,0,0,1,0,146838,1,2,2,0.0,3,0,0,0,50,True,0,15,15,2,0,1
Elliot Anderson,MID,Man City,,a,,,,8.4,51,17,0,0,14,0,20.8,481,0.25,0.25,0.00,0.55,8,1,0,2.8,7.2,2026-08-23T13:00:00Z,62,False,3,0,0,0,0,1,0,707651,1,1,2,0.0,2,0,0,0,65,True,0,1,6,3,2,1
Mark Gillespie,GK,Newcastle,,a,,,,0.0,520,61,0,0,0,0,0.0,443,0.00,0.00,0.00,0.00,9,0,0,0.0,0.0,2026-08-23T15:30:00Z,0,False,14,0,0,0,0,1,0,2989,0,2,2,0.0,0,0,0,0,45,True,0,0,0,0,0,1
Hugo Ekitiké,FWD,Liverpool,,i,Achilles injury - Unknown return date,,0,0.2,378,57,0,0,0,0,0.0,380,0.00,0.00,0.00,0.00,9,0,0,0.0,0.0,2026-08-23T15:30:00Z,0,False,17,0,0,0,0,1,0,14410,0,2,2,0.0,0,0,0,0,75,False,0,0,0,0,0,1
Rico Henry,DEF,Brentford,,a,,,,0.3,319,119,0,0,0,0,0.0,89,0.00,0.00,0.00,0.00,2,0,0,0.0,0.0,2026-08-22T16:30:00Z,0,False,19,0,0,0,0,1,0,22322,0,0,3,0.0,0,0,0,0,45,True,0,0,0,0,0,1
Jørgen Strand Larsen,FWD,Crystal Palace,,a,,,,0.6,245,42,0,0,3,0,3.5,222,0.01,0.26,0.25,0.14,3,0,0,2.2,1.0,2026-08-22T14:00:00Z,27,False,9,0,0,0,0,1,0,50940,0,0,2,17.0,1,0,0,0,60,False,0,0,0,0,0,1
Harvey Elliott,MID,Liverpool,,a,,,,0.1,452,180,0,0,0,0,0.0,383,0.00,0.00,0.00,0.00,9,0,0,0.0,0.0,2026-08-23T15:30:00Z,0,False,17,0,0,0,0,1,0,6399,0,2,2,0.0,0,0,0,0,55,False,0,0,0,0,0,1
Joachim Andersen,DEF,Fulham,,s,Suspended until 30 Aug,,0,0.0,506,172,0,0,0,0,0.0,253,0.00,0.00,0.00,0.00,10,0,0,0.0,0.0,2026-08-24T19:00:00Z,0,False,6,0,0,0,0,1,0,3342,0,3,2,0.0,0,0,0,0,50,True,0,0,0,0,0,1
Dário Luís Essugo,MID,Chelsea,,a,,,,0.2,347,123,0,0,0,0,0.0,163,0.00,0.00,0.00,0.00,10,0,0,0.0,0.0,2026-08-24T19:00:00Z,0,False,10,0,0,0,0,1,0,18298,0,3,2,0.0,0,0,0,0,45,False,0,0,0,0,0,1
Tim Iroegbunam,MID,Everton,,i,Groin injury - Unknown return date,,0,0.0,540,223,0,0,0,0,0.0,240,0.00,0.00,0.00,0.00,3,0,0,0.0,0.0,2026-08-22T14:00:00Z,0,False,8,0,0,0,0,1,0,1417,0,0,2,0.0,0,0,0,0,50,True,0,0,0,0,0,1
Diego Gómez Amarilla,MID,Brighton,,a,,,,3.4,90,30,1,0,27,1,25.1,127,0.48,0.66,0.18,0.29,7,0,0,9.9,33.0,2026-08-23T13:00:00Z,85,False,2,0,0,0,0,1,0,355972,1,0,4,41.0,6,0,0,0,50,True,0,2,6,1,3,1
Tarik Muharemović,DEF,Leeds,,a,,,,3.3,93,36,0,0,25,1,0.6,334,0.00,0.09,0.09,0.66,6,0,0,3.3,15.6,2026-08-22T14:00:00Z,90,False,18,0,0,0,0,1,0,306283,1,1,0,17.0,6,0,0,0,50,False,0,7,7,1,0,1
Vitalii Mykolenko,DEF,Everton,,a,,,,1.5,153,64,0,0,27,1,13.8,233,0.05,0.05,0.00,1.96,3,0,0,2.9,12.8,2026-08-22T14:00:00Z,90,False,8,0,0,0,0,1,0,134687,1,0,2,2.0,6,0,0,0,45,True,0,4,4,4,0,1
Alex Murphy,DEF,Newcastle,,u,Has joined FC Kaiserslautern on loan for the rest of the season,,0,0.2,353,135,0,0,0,0,0.0,451,0.00,0.00,0.00,0.00,9,0,0,0.0,0.0,2026-08-23T15:30:00Z,0,False,14,0,0,0,0,1,0,12873,0,2,2,0.0,0,0,0,0,40,True,0,0,0,0,0,1
Dillon Phillips,GK,Hull City,,a,,,,1.6,143,22,0,0,0,0,0.0,273,0.00,0.00,0.00,0.00,4,0,0,0.0,0.0,2026-08-22T11:30:00Z,0,False,16,0,0,0,0,1,0,138196,0,0,2,0.0,0,0,0,0,40,True,0,0,0,0,0,1
Cole Palmer,MID,Chelsea,,a,,,,10.4,39,14,1,3,60,0,41.3,154,0.19,0.47,0.28,1.24,10,2,1,16.1,65.2,2026-08-24T19:00:00Z,82,False,10,0,0,0,0,1,0,919516,1,3,2,54.0,13,0,0,0,95,False,0,0,9,7,2,1
Romain Esse,MID,Crystal Palace,,a,,,,0.0,499,207,0,0,0,0,0.0,216,0.00,0.00,0.00,0.00,3,0,0,0.0,0.0,2026-08-22T14:00:00Z,0,False,9,0,0,0,0,1,0,3728,0,0,2,0.0,0,0,0,0,50,False,0,0,0,0,0,1
Mamadou Sarr,DEF,Chelsea,,a,,,,0.1,451,160,0,0,0,0,0.0,150,0.00,0.00,0.00,0.00,10,0,0,0.0,0.0,2026-08-24T19:00:00Z,0,False,10,0,0,0,0,1,0,6689,0,3,2,0.0,0,0,0,0,45,False,0,0,0,0,0,1
Jake O'Brien,DEF,Everton,,a,,,,0.5,253,93,0,0,0,0,0.0,232,0.00,0.00,0.00,0.00,3,0,0,0.0,0.0,2026-08-22T14:00:00Z,0,False,8,0,0,0,0,1,0,44689,0,0,2,0.0,0,0,0,0,50,True,0,0,0,0,0,1
Jacob Ramsey,MID,Newcastle,,a,,,,0.4,280,92,0,0,1,0,1.3,456,0.01,0.07,0.06,1.50,9,1,0,1.3,7.8,2026-08-23T15:30:00Z,34,False,14,0,0,0,0,1,0,34032,0,2,2,4.0,0,0,0,0,50,True,1,3,6,1,2,1
Ephron Mason-Clark,MID,Coventry City,,a,,,100,0.1,411,162,0,0,0,0,0.0,186,0.00,0.00,0.00,0.00,1,0,0,0.0,0.0,2026-08-21T19:00:00Z,0,False,1,0,0,0,0,1,0,11314,0,0,3,0.0,0,0,0,0,55,False,0,0,0,0,0,1
Gonzalo García,FWD,Fulham,,a,,,,2.1,126,17,0,0,33,0,4.3,569,0.01,0.74,0.73,2.24,10,3,1,8.2,37.2,2026-08-24T19:00:00Z,90,False,6,0,0,0,0,1,0,180799,1,3,2,40.0,6,0,0,0,60,True,0,0,2,1,1,1
Brian Madjo,FWD,Aston Villa,,i,Unspecified injury - Unknown return date,,0,0.6,234,39,0,0,0,0,0.0,582,0.00,0.00,0.00,0.00,7,0,0,0.0,0.0,2026-08-23T13:00:00Z,0,False,5,0,0,0,0,1,0,46241,0,0,4,0.0,0,0,0,0,55,False,0,0,0,0,0,1
Remi Matthews,GK,Crystal Palace,,a,,,,1.7,138,21,0,0,0,0,0.0,555,0.00,0.00,0.00,0.00,3,0,0,0.0,0.0,2026-08-22T14:00:00Z,0,False,9,0,0,0,0,1,0,156141,0,0,2,0.0,0,0,0,0,40,False,0,0,0,0,0,1
Ola Aina,DEF,Nott'm Forest,,a,,,,3.8,82,31,0,0,24,1,35.6,473,0.17,0.21,0.04,0.34,6,0,0,6.3,16.0,2026-08-22T14:00:00Z,73,False,13,0,0,0,0,1,0,328883,1,1,0,11.0,5,0,0,0,45,True,1,2,2,4,0,1
Kieran Dowell,MID,Hull City,,a,,,,0.4,271,90,0,0,0,0,0.0,288,0.00,0.00,0.00,0.00,4,0,0,0.0,0.0,2026-08-22T11:30:00Z,0,False,16,0,0,0,0,1,0,35457,0,0,2,0.0,0,0,0,0,45,True,0,0,0,0,0,1
Jordan Henderson,MID,Chelsea,,d,Wrist injury - 75% chance of playing,,75,0.0,502,209,0,0,0,0,0.0,101,0.00,0.00,0.00,0.00,10,0,0,0.0,0.0,2026-08-24T19:00:00Z,0,False,10,0,0,0,0,1,0,3629,0,3,2,0.0,0,0,0,0,50,False,0,0,0,0,0,1
Bart Verbruggen,GK,Brighton,,a,,,,21.0,17,3,0,0,25,1,0.0,109,0.00,0.00,0.00,0.29,7,0,0,0.7,6.6,2026-08-23T13:00:00Z,90,False,2,0,0,0,0,1,0,1987586,1,0,4,0.0,6,0,0,0,45,True,0,0,0,4,0,1
Yehor Yarmoliuk,MID,Brentford,,a,,,,1.4,164,52,0,0,7,0,0.8,102,0.00,0.04,0.04,0.10,2,0,0,0.6,2.2,2026-08-22T16:30:00Z,23,False,19,0,0,0,0,1,0,123741,0,0,3,3.0,1,0,0,0,50,True,0,1,6,3,2,1
Marcus Tavernier,MID,Bournemouth,,a,,,,1.6,146,43,0,3,32,0,17.2,68,0.08,0.48,0.40,2.25,8,2,1,7.5,40.0,2026-08-23T13:00:00Z,90,False,15,0,0,0,0,1,0,139421,1,1,2,18.0,10,0,0,0,60,False,0,2,8,4,2,1
Daichi Kamada,MID,Crystal Palace,,a,,,,0.3,312,105,0,0,25,0,29.3,214,0.27,0.27,0.00,1.12,3,2,0,5.0,20.4,2026-08-22T14:00:00Z,90,False,9,0,0,0,0,1,0,24728,1,0,2,0.0,3,0,0,0,50,False,1,3,14,8,3,1
Kalvin Phillips,MID,Man City,,u,Has joined Sheffield United on loan for the rest of the season,,0,0.0,561,236,0,0,0,0,0.0,408,0.00,0.00,0.00,0.00,8,0,0,0.0,0.0,2026-08-23T13:00:00Z,0,False,3,0,0,0,0,1,0,1073,0,1,2,0.0,0,0,0,0,50,True,0,0,0,0,0,1
Ali Al-Hamadi,FWD,Ipswich Town,,a,,,,0.1,391,59,0,0,0,0,0.0,322,0.00,0.00,0.00,0.00,5,0,0,0.0,0.0,2026-08-22T14:00:00Z,0,False,20,0,0,0,0,1,0,13332,0,1,2,0.0,0,0,0,0,50,True,0,0,0,0,0,1
Alejandro Garnacho Ferreyra,MID,Aston Villa,,a,,,,0.6,231,76,0,0,2,0,0.0,160,0.00,0.00,0.00,0.14,7,0,0,0.0,0.0,2026-08-23T13:00:00Z,4,False,5,0,0,0,0,1,0,54802,0,0,4,0.0,1,0,0,0,60,False,0,0,0,0,0,1
Robin Roefs,GK,Sunderland,,a,,,,4.5,73,10,0,0,7,0,0.0,529,0.00,0.00,0.00,1.80,5,2,0,1.5,15.2,2026-08-22T14:00:00Z,90,False,12,0,0,0,0,1,1,397315,1,1,2,0.0,1,0,0,0,50,False,0,1,0,8,0,1
Pape Matar Sarr,MID,Spurs,,a,,,,0.4,284,94,0,0,0,0,0.0,518,0.00,0.00,0.00,0.00,2,0,0,0.0,0.0,2026-08-22T16:30:00Z,0,False,4,0,0,0,0,1,0,25576,0,0,3,0.0,0,0,0,0,50,False,0,0,0,0,0,1
Steven Benda,GK,Nott'm Forest,,a,,,,0.0,488,53,0,0,0,0,0.0,590,0.00,0.00,0.00,0.00,6,0,0,0.0,0.0,2026-08-22T14:00:00Z,0,False,13,0,0,0,0,1,0,5245,0,1,0,0.0,0,0,0,0,45,True,0,0,0,0,0,1
Ryan Yates,MID,Nott'm Forest,,i,Unspecified injury - Unknown return date,,0,2.9,105,35,0,0,0,0,0.0,489,0.00,0.00,0.00,0.00,6,0,0,0.0,0.0,2026-08-22T14:00:00Z,0,False,13,0,0,0,0,1,0,177323,0,1,0,0.0,0,0,0,0,45,True,0,0,0,0,0,1
William Osula,FWD,Newcastle,,a,,,,1.0,190,29,1,0,18,0,13.7,465,0.14,0.20,0.06,1.48,9,1,0,5.0,28.2,2026-08-23T15:30:00Z,55,False,14,0,0,0,0,1,0,83021,1,2,2,8.0,4,0,0,0,60,True,0,2,5,2,1,1
Promise David,FWD,Brighton,,a,,,,0.2,354,56,0,0,0,0,0.0,594,0.00,0.00,0.00,0.00,7,0,0,0.0,0.0,2026-08-23T13:00:00Z,0,False,2,0,0,0,0,1,0,20944,0,0,4,0.0,0,0,0,0,60,True,0,0,0,0,0,1
Joelinton Cássio Apolinário de Lira,MID,Newcastle,,i,Unspecified injury - Unknown return date,,0,0.1,478,197,0,0,0,0,0.0,458,0.00,0.00,0.00,0.00,9,0,0,0.0,0.0,2026-08-23T15:30:00Z,0,False,14,0,0,0,0,1,0,3620,0,2,2,0.0,0,0,0,0,55,True,0,0,0,0,0,1
James Rowswell,DEF,Spurs,,a,,,,0.1,446,156,0,0,0,0,0.0,510,0.00,0.00,0.00,0.00,2,0,0,0.0,0.0,2026-08-22T16:30:00Z,0,False,4,0,0,0,0,1,0,7021,0,0,3,0.0,0,0,0,0,40,False,0,0,0,0,0,1
Pascal Groß,MID,Brighton,,a,,,,14.1,31,9,0,0,18,1,56.9,124,0.27,0.27,0.00,0.29,7,0,0,8.6,21.0,2026-08-23T13:00:00Z,90,False,2,0,0,0,0,1,0,1308033,1,0,4,8.0,2,0,0,0,55,True,1,0,5,2,3,1
Azor Matusiwa,MID,Ipswich Town,,i,Muscular injury - Unknown return date,,0,0.0,587,253,0,0,0,0,0.0,310,0.00,0.00,0.00,0.00,5,0,0,0.0,0.0,2026-08-22T14:00:00Z,0,False,20,0,0,0,0,1,0,430,0,1,2,0.0,0,0,0,0,50,True,0,0,0,0,0,1
Lewis Koumas,MID,Liverpool,,a,,,,0.0,550,230,0,0,4,0,0.5,381,0.00,0.03,0.03,0.48,9,0,0,0.9,1.2,2026-08-23T15:30:00Z,12,False,17,0,0,0,0,1,0,1626,0,2,2,7.0,1,0,0,0,50,False,0,0,1,1,0,1
Óscar Zambrano,MID,Hull City,,i,Thigh injury - Unknown return date,,0,0.1,392,147,0,0,0,0,0.0,294,0.00,0.00,0.00,0.00,4,0,0,0.0,0.0,2026-08-22T11:30:00Z,0,False,16,0,0,0,0,1,0,10995,0,0,2,0.0,0,0,0,0,45,True,0,0,0,0,0,1
Luka Vušković,DEF,Brighton,,a,,,,2.7,112,44,0,0,19,1,4.5,504,0.03,0.16,0.13,0.29,7,0,0,2.9,12.4,2026-08-23T13:00:00Z,90,False,2,0,0,0,0,1,0,221596,1,0,4,12.0,6,0,0,0,50,True,0,4,4,2,0,1
Jack Hinshelwood,MID,Brighton,,a,,,,0.4,266,86,0,3,54,1,13.4,123,0.02,1.43,1.41,0.19,7,0,2,14.5,72.8,2026-08-23T13:00:00Z,63,False,2,0,0,0,0,1,0,39219,1,0,4,59.0,16,0,0,0,60,True,0,0,3,1,2,1
Christos Tzolis,MID,Arsenal,,a,,,,22.1,14,6,1,0,30,1,39.8,557,0.14,0.33,0.19,0.06,1,0,0,8.7,17.0,2026-08-21T19:00:00Z,75,False,7,0,0,0,0,1,0,2247384,1,0,3,30.0,6,0,0,0,65,True,0,2,6,3,1,1
Rayan Vitor Simplício Rocha,MID,Bournemouth,,a,,,,2.8,107,36,0,0,9,0,11.3,67,0.03,0.07,0.04,2.06,8,1,0,3.5,6.2,2026-08-23T13:00:00Z,88,False,15,0,0,0,0,1,0,242374,1,1,2,17.0,2,0,0,0,65,False,0,1,1,0,0,1
Mateus Fernandes,MID,Spurs,,a,,,,2.1,125,40,0,0,16,0,27.2,525,0.06,0.06,0.00,2.18,2,1,0,3.6,7.2,2026-08-22T16:30:00Z,45,False,4,0,0,0,0,1,0,178624,0,0,3,2.0,1,0,0,0,60,False,0,0,2,1,1,1
Djed Spence,DEF,Spurs,,u,Has joined Internazionale permanently,,0,1.6,152,63,0,0,0,0,0.0,505,0.00,0.00,0.00,0.00,2,0,0,0.0,0.0,2026-08-22T16:30:00Z,0,False,4,0,0,0,0,1,0,93085,0,0,3,0.0,0,0,0,0,45,False,0,0,0,0,0,1
Evan Ferguson,FWD,Brighton,,i,Ankle injury - Expected back 10 Oct,,0,0.0,524,69,0,0,0,0,0.0,139,0.00,0.00,0.00,0.00,7,0,0,0.0,0.0,2026-08-23T13:00:00Z,0,False,2,0,0,0,0,1,0,2877,0,0,4,0.0,0,0,0,0,50,True,0,0,0,0,0,1
João Pedro Loureiro da Costa,DEF,Brighton,,a,,,,0.0,536,181,0,0,7,0,1.9,119,0.00,0.12,0.12,0.10,7,0,0,2.8,8.2,2026-08-23T13:00:00Z,26,False,2,0,0,0,0,1,0,2148,0,0,4,18.0,1,0,0,0,45,True,0,3,4,0,1,1
Julián Araujo Zúñiga,DEF,Bournemouth,,i,Thigh injury - Unknown return date,,0,0.0,534,180,0,0,0,0,0.0,65,0.00,0.00,0.00,0.00,8,0,0,0.0,0.0,2026-08-23T13:00:00Z,0,False,15,0,0,0,0,1,0,1775,0,1,2,0.0,0,0,0,0,45,False,0,0,0,0,0,1
James Maddison,MID,Spurs,,a,,,,1.4,163,51,0,0,6,0,8.3,515,0.01,0.01,0.00,0.85,2,0,0,2.1,4.4,2026-08-22T16:30:00Z,22,False,4,0,0,0,0,1,0,119410,0,0,3,8.0,1,0,0,0,65,False,0,1,2,1,0,1
Tyler Bindon,DEF,Nott'm Forest,,a,,,,0.2,350,134,0,0,0,0,0.0,479,0.00,0.00,0.00,0.00,6,0,0,0.0,0.0,2026-08-22T14:00:00Z,0,False,13,0,0,0,0,1,0,18342,0,1,0,0.0,0,0,0,0,40,True,0,0,0,0,0,1
Juanlu Sánchez,DEF,Bournemouth,,a,,,,0.2,348,132,0,0,0,0,0.0,573,0.00,0.00,0.00,0.00,8,0,0,0.0,0.0,2026-08-23T13:00:00Z,0,False,15,0,0,0,0,1,0,18342,0,1,2,0.0,0,0,0,0,45,False,0,0,0,0,0,1
Alex Palmer,GK,Ipswich Town,,a,,,,4.9,69,9,0,0,0,0,0.0,301,0.00,0.00,0.00,0.00,5,0,0,0.0,0.0,2026-08-22T14:00:00Z,0,False,20,0,0,0,0,1,0,426453,0,1,2,0.0,0,0,0,0,40,True,0,0,0,0,0,1
Joe Willock,MID,Newcastle,,a,,,,0.1,418,166,0,0,28,0,13.9,460,0.17,0.26,0.09,1.50,9,1,1,6.1,38.4,2026-08-23T15:30:00Z,34,False,14,0,0,0,0,1,0,10181,0,2,2,9.0,6,0,0,0,50,True,0,0,3,1,2,1
Charlie Hughes,DEF,Hull City,,i,Groin injury - Unknown return date,,0,0.2,360,138,0,0,0,0,0.0,278,0.00,0.00,0.00,0.00,4,0,0,0.0,0.0,2026-08-22T11:30:00Z,0,False,16,0,0,0,0,1,0,12660,0,0,2,0.0,0,0,0,0,40,True,0,0,0,0,0,1
Ewen Jaouen,GK,Newcastle,,a,,,,0.0,523,62,0,0,0,0,0.0,444,0.00,0.00,0.00,0.00,9,0,0,0.0,0.0,2026-08-23T15:30:00Z,0,False,14,0,0,0,0,1,0,2666,0,2,2,0.0,0,0,0,0,45,True,0,0,0,0,0,1
Christantus Uche,FWD,Crystal Palace,,u,has returned to Getafe CF,,0,0.0,599,72,0,0,0,0,0.0,225,0.00,0.00,0.00,0.00,3,0,0,0.0,0.0,2026-08-22T14:00:00Z,0,False,9,0,0,0,0,1,0,0,0,0,2,0.0,0,0,0,0,50,False,0,0,0,0,0,1
Luke Woolfenden,DEF,Coventry City,,a,,,,0.2,357,137,0,0,0,0,0.0,180,0.00,0.00,0.00,0.00,1,0,0,0.0,0.0,2026-08-21T19:00:00Z,0,False,1,0,0,0,0,1,0,16501,0,0,3,0.0,0,0,0,0,40,False,0,0,0,0,0,1
Mohamed Belloumi,MID,Hull City,,a,,,,0.4,265,85,0,0,8,1,2.2,286,0.03,0.08,0.05,1.83,4,0,0,2.0,10.6,2026-08-22T11:30:00Z,90,False,16,0,0,0,0,1,0,40446,1,0,2,7.0,3,0,0,0,50,True,0,3,10,3,4,1
Lewis Dunk,DEF,Brighton,,a,,,,1.0,192,71,0,0,24,1,6.4,116,0.04,0.04,0.00,0.29,7,0,0,2.0,13.4,2026-08-23T13:00:00Z,90,False,2,0,0,0,0,1,0,88762,1,0,4,0.0,6,0,0,0,45,True,0,1,2,2,1,1
Will Dennis,GK,Bournemouth,,a,,,,0.2,359,39,0,0,0,0,0.0,59,0.00,0.00,0.00,0.00,8,0,0,0.0,0.0,2026-08-23T13:00:00Z,0,False,15,0,0,0,0,1,0,16822,0,1,2,0.0,0,0,0,0,40,False,0,0,0,0,0,1
Reiss Nelson,MID,Arsenal,,a,,,,0.0,578,245,0,0,0,0,0.0,24,0.00,0.00,0.00,0.00,1,0,0,0.0,0.0,2026-08-21T19:00:00Z,0,False,7,0,0,0,0,1,0,853,0,0,3,0.0,0,0,0,0,55,True,0,0,0,0,0,1
Callum Olusesi,MID,Spurs,,a,,,,0.9,199,67,0,0,0,0,0.0,524,0.00,0.00,0.00,0.00,2,0,0,0.0,0.0,2026-08-22T16:30:00Z,0,False,4,0,0,0,0,1,0,79913,0,0,3,0.0,0,0,0,0,45,False,0,0,0,0,0,1
Harrison Armstrong,MID,Everton,,a,,,,0.1,453,181,1,0,25,1,14.7,244,0.04,0.04,0.00,1.96,3,0,0,4.8,28.8,2026-08-22T14:00:00Z,90,False,8,0,0,0,0,1,0,6793,1,0,2,4.0,8,0,0,0,50,True,0,3,16,11,2,1
Anton Stach,MID,Leeds,,a,,,,0.9,193,66,0,3,37,1,2.3,335,0.05,0.15,0.10,0.66,6,0,1,6.6,47.8,2026-08-22T14:00:00Z,90,False,18,0,0,0,0,1,0,80326,1,1,0,16.0,13,0,0,0,60,False,0,8,16,5,3,1
Nehemiah Oriola,MID,Brighton,,a,,,,0.3,317,107,0,0,0,0,0.0,134,0.00,0.00,0.00,0.00,7,0,0,0.0,0.0,2026-08-23T13:00:00Z,0,False,2,0,0,0,0,1,0,24725,0,0,4,0.0,0,0,0,0,45,True,0,0,0,0,0,1
Zach Abbott,DEF,Nott'm Forest,,a,,,,0.3,322,121,0,0,0,0,0.0,477,0.00,0.00,0.00,0.00,6,0,0,0.0,0.0,2026-08-22T14:00:00Z,0,False,13,0,0,0,0,1,0,23851,0,1,0,0.0,0,0,0,0,40,True,0,0,0,0,0,1
Diego Coppola,DEF,Brighton,,a,,,,0.0,551,187,0,0,0,0,0.0,117,0.00,0.00,0.00,0.00,7,0,0,0.0,0.0,2026-08-23T13:00:00Z,0,False,2,0,0,0,0,1,0,1583,0,0,4,0.0,0,0,0,0,45,True,0,0,0,0,0,1
Veljko Milosavljevic,DEF,Bournemouth,,i,Unspecified injury - Unknown return date,,0,0.0,562,190,0,0,0,0,0.0,63,0.00,0.00,0.00,0.00,8,0,0,0.0,0.0,2026-08-23T13:00:00Z,0,False,15,0,0,0,0,1,0,1122,0,1,2,0.0,0,0,0,0,50,False,0,0,0,0,0,1
Mykhailo Mudryk,MID,Chelsea,,a,,,,0.0,503,210,0,0,0,0,0.0,578,0.00,0.00,0.00,0.00,10,0,0,0.0,0.0,2026-08-24T19:00:00Z,0,False,10,0,0,0,0,1,0,3847,0,3,2,0.0,0,0,0,0,55,False,0,0,0,0,0,1
Francisco Evanilson de Lima Barbosa,FWD,Bournemouth,,a,,,,2.2,120,15,1,0,17,1,11.9,79,0.21,0.21,0.00,1.94,8,0,0,3.3,19.4,2026-08-23T13:00:00Z,74,False,15,0,0,0,0,1,0,200122,1,1,2,2.0,4,0,0,0,60,False,1,4,8,3,1,1
Justin Kluivert,MID,Bournemouth,,a,,,,1.1,180,60,0,0,15,1,14.3,70,0.00,0.11,0.11,1.94,8,0,0,4.2,11.0,2026-08-23T13:00:00Z,74,False,15,0,0,0,0,1,0,96045,1,1,2,17.0,3,0,0,0,60,False,0,1,9,5,3,1
Haji Wright,FWD,Coventry City,,i,Thigh injury - Unknown return date,,0,0.3,296,53,0,0,0,0,0.0,193,0.00,0.00,0.00,0.00,1,0,0,0.0,0.0,2026-08-21T19:00:00Z,0,False,1,0,0,0,0,1,0,18871,0,0,3,0.0,0,0,0,0,55,False,0,0,0,0,0,1
Antoine Semenyo,MID,Man City,,a,,,,26.3,10,4,0,0,16,0,8.9,397,0.02,0.08,0.06,0.65,8,1,0,4.6,5.8,2026-08-23T13:00:00Z,90,False,3,0,0,0,0,1,0,2354040,1,1,2,31.0,2,0,0,0,85,True,0,0,5,4,1,1
Jeremy Jacquet,DEF,Liverpool,,a,,,100,2.3,118,48,0,0,9,0,11.9,362,0.02,0.02,0.00,1.04,9,2,0,2.4,12.4,2026-08-23T15:30:00Z,69,False,17,0,0,0,0,1,0,205604,1,2,2,0.0,1,0,0,0,50,False,0,2,3,3,1,1
Gabriel Martinelli Silva,MID,Arsenal,,a,,,,0.2,329,114,0,0,0,0,0.0,18,0.00,0.00,0.00,0.00,1,0,0,0.0,0.0,2026-08-21T19:00:00Z,0,False,7,0,0,0,0,1,0,21290,0,0,3,0.0,0,0,0,0,65,True,0,0,0,0,0,1
James McConnell,MID,Liverpool,,a,,,,0.3,320,109,0,0,0,0,0.0,378,0.00,0.00,0.00,0.00,9,0,0,0.0,0.0,2026-08-23T15:30:00Z,0,False,17,0,0,0,0,1,0,24189,0,2,2,0.0,0,0,0,0,45,False,0,0,0,0,0,1
Leon Bailey,MID,Aston Villa,,a,,,,0.1,395,150,0,0,0,0,0.0,44,0.00,0.00,0.00,0.00,7,0,0,0.0,0.0,2026-08-23T13:00:00Z,0,False,5,0,0,0,0,1,0,12940,0,0,4,0.0,0,0,0,0,55,False,0,0,0,0,0,1
Jack Fletcher,MID,Man Utd,,a,,,,0.0,574,242,0,0,0,0,0.0,434,0.00,0.00,0.00,0.00,4,0,0,0.0,0.0,2026-08-22T11:30:00Z,0,False,11,0,0,0,0,1,0,1008,0,0,2,0.0,0,0,0,0,50,False,0,0,0,0,0,1
Yasin Ayari,MID,Brighton,,a,,,,0.7,219,72,0,0,8,1,15.0,129,0.03,0.14,0.11,0.19,7,0,0,1.7,0.0,2026-08-23T13:00:00Z,63,False,2,0,0,0,0,1,0,61091,1,0,4,6.0,2,0,0,0,55,True,1,1,4,3,0,1
Noussair Mazraoui,DEF,Man Utd,,a,,,,0.7,226,87,0,0,8,0,29.4,422,0.05,0.27,0.22,1.01,4,2,0,5.6,17.4,2026-08-22T11:30:00Z,79,False,11,0,0,0,0,1,0,56217,1,0,2,9.0,1,0,0,0,45,False,0,4,5,3,1,1
Sean Steur,MID,Newcastle,,a,,,,0.1,415,164,0,0,3,0,1.2,462,0.00,0.00,0.00,1.48,9,1,0,0.2,0.4,2026-08-23T15:30:00Z,55,False,14,0,0,0,0,1,0,9830,1,2,2,0.0,1,0,0,0,50,True,0,0,2,2,0,1
Armin Pecsi,GK,Liverpool,,u,Has joined TSV Hartberg on loan for the rest of the season,,0,0.0,495,54,0,0,0,0,0.0,353,0.00,0.00,0.00,0.00,9,0,0,0.0,0.0,2026-08-23T15:30:00Z,0,False,17,0,0,0,0,1,0,2936,0,2,2,0.0,0,0,0,0,40,False,0,0,0,0,0,1
Lucas Herrington,DEF,Hull City,,a,,,,0.6,246,91,0,0,4,0,0.0,585,0.00,0.00,0.00,0.96,4,0,0,0.8,8.0,2026-08-22T11:30:00Z,26,False,16,0,0,0,0,1,0,53978,0,0,2,0.0,1,0,0,0,40,True,0,4,4,0,0,1
Freddie Woodman,GK,Liverpool,,a,,,,1.1,181,26,0,0,0,0,0.0,352,0.00,0.00,0.00,0.00,9,0,0,0.0,0.0,2026-08-23T15:30:00Z,0,False,17,0,0,0,0,1,0,97477,0,2,2,0.0,0,0,0,0,40,False,0,0,0,0,0,1
Michael Kayode,DEF,Brentford,,a,,,,3.3,96,38,0,1,36,1,1.5,88,0.00,0.50,0.50,0.47,2,0,1,8.1,33.8,2026-08-22T16:30:00Z,75,False,19,0,0,0,0,1,0,282611,1,0,3,46.0,13,0,0,0,45,True,0,4,4,5,0,1
Dane Scarlett,FWD,Spurs,,a,,,,1.7,142,20,0,0,0,0,0.0,528,0.00,0.00,0.00,0.00,2,0,0,0.0,0.0,2026-08-22T16:30:00Z,0,False,4,0,0,0,0,1,0,149807,0,0,3,0.0,0,0,0,0,45,False,0,0,0,0,0,1
Harvey Barnes,MID,Newcastle,,a,,,,1.1,183,61,0,0,12,0,2.4,453,0.02,0.09,0.07,2.98,9,2,0,1.7,5.2,2026-08-23T15:30:00Z,90,False,14,0,0,0,0,1,0,95531,1,2,2,9.0,2,0,0,0,60,True,0,3,8,4,1,1
Nilson Angulo,MID,Sunderland,,a,,,,0.1,473,195,0,0,23,0,3.3,551,0.01,0.16,0.15,1.66,5,1,1,5.2,32.8,2026-08-22T14:00:00Z,58,False,12,0,0,0,0,1,0,5260,1,1,2,16.0,5,0,0,0,50,False,1,1,7,5,1,1
Nicolás Domínguez,MID,Nott'm Forest,,a,,,,0.1,440,177,0,0,0,0,0.0,487,0.00,0.00,0.00,0.00,6,0,0,0.0,0.0,2026-08-22T14:00:00Z,0,False,13,0,0,0,0,1,0,7576,0,1,0,0.0,0,0,0,0,50,True,0,0,0,0,0,1
Omar Alderete,DEF,Sunderland,,a,,,100,0.4,278,103,0,0,2,0,0.6,535,0.01,0.01,0.00,0.10,5,1,0,0.0,0.0,2026-08-22T14:00:00Z,23,False,12,0,0,0,0,1,0,41929,0,1,2,0.0,1,0,0,0,50,False,0,0,0,2,0,1
Mateo Joseph Fernández-Regatillo,FWD,Leeds,,i,Knee injury - Unknown return date,,0,0.1,445,63,0,0,0,0,0.0,349,0.00,0.00,0.00,0.00,6,0,0,0.0,0.0,2026-08-22T14:00:00Z,0,False,18,0,0,0,0,1,0,5936,0,1,0,0.0,0,0,0,0,45,False,0,0,0,0,0,1
Miguel Brau,DEF,Coventry City,,a,,,,0.0,501,171,0,0,0,0,0.0,181,0.00,0.00,0.00,0.00,1,0,0,0.0,0.0,2026-08-21T19:00:00Z,0,False,1,0,0,0,0,1,0,3736,0,0,3,0.0,0,0,0,0,40,False,0,0,0,0,0,1
Jason Steele,GK,Brighton,,a,,,,4.2,77,12,0,0,0,0,0.0,111,0.00,0.00,0.00,0.00,7,0,0,0.0,0.0,2026-08-23T13:00:00Z,0,False,2,0,0,0,0,1,0,369830,0,0,4,0.0,0,0,0,0,40,True,0,0,0,0,0,1
Brian Brobbey,FWD,Sunderland,,a,,,,14.5,29,6,0,0,1,0,1.5,552,0.00,0.30,0.30,1.69,5,1,0,1.1,0.0,2026-08-22T14:00:00Z,66,False,12,0,0,0,0,1,0,1279847,1,1,2,9.0,2,0,0,0,60,False,0,0,0,0,0,1
Eddie Nketiah,FWD,Crystal Palace,,a,,,,0.5,256,44,0,0,12,0,24.5,224,0.58,1.18,0.60,0.84,3,2,0,5.8,10.4,2026-08-22T14:00:00Z,55,False,9,0,0,0,0,1,0,43148,1,0,2,23.0,1,0,0,0,55,False,0,1,3,1,1,1
Jordan Pickford,GK,Everton,,a,,,,8.0,52,7,0,0,34,1,0.0,226,0.02,0.02,0.00,1.96,3,0,0,3.2,31.8,2026-08-22T14:00:00Z,90,False,8,0,0,0,0,1,4,698199,1,0,2,0.0,7,0,0,0,55,True,0,0,0,12,0,1
Tyler Adams,MID,Bournemouth,,d,Unspecified injury - 75% chance of playing,,75,0.3,310,104,0,0,4,0,0.6,73,0.00,0.00,0.00,0.31,8,2,0,0.4,3.6,2026-08-23T13:00:00Z,15,False,15,0,0,0,0,1,0,19512,0,1,2,0.0,1,0,0,0,50,False,0,3,3,0,0,1
Endo Wataru,MID,Liverpool,,a,,,100,0.1,480,198,0,0,0,0,0.0,374,0.00,0.00,0.00,0.00,9,0,0,0.0,0.0,2026-08-23T15:30:00Z,0,False,17,0,0,0,0,1,0,5090,0,2,2,0.0,0,0,0,0,50,False,0,0,0,0,0,1
John Victor Maciel Furtado,GK,Nott'm Forest,,a,,,,0.1,463,51,0,0,0,0,0.0,468,0.00,0.00,0.00,0.00,6,0,0,0.0,0.0,2026-08-22T14:00:00Z,0,False,13,0,0,0,0,1,0,5970,0,1,0,0.0,0,0,0,0,45,True,0,0,0,0,0,1
Jorge Cuenca Barreno,DEF,Fulham,,a,,,,0.0,542,184,0,0,7,0,21.3,255,0.03,0.03,0.00,2.24,10,3,0,5.4,32.8,2026-08-24T19:00:00Z,90,False,6,0,0,0,0,1,0,1787,1,3,2,0.0,3,0,0,0,45,True,0,9,10,3,1,1
Carl Rushworth,GK,Coventry City,,a,,,,1.1,185,27,0,0,0,0,0.0,110,0.01,0.01,0.00,1.88,1,3,0,1.4,14.2,2026-08-21T19:00:00Z,90,False,1,0,0,0,0,1,2,100521,1,0,3,0.0,1,0,0,0,45,False,0,1,0,7,0,1
Kepa Arrizabalaga Revuelta,GK,Arsenal,,a,,,,0.1,436,49,0,0,0,0,0.0,2,0.00,0.00,0.00,0.00,1,0,0,0.0,0.0,2026-08-21T19:00:00Z,0,False,7,0,0,0,0,1,0,7415,0,0,3,0.0,0,0,0,0,50,True,0,0,0,0,0,1
Fraser Forster,GK,Bournemouth,,a,,,,3.2,97,15,0,0,0,0,0.0,58,0.00,0.00,0.00,0.00,8,0,0,0.0,0.0,2026-08-23T13:00:00Z,0,False,15,0,0,0,0,1,0,283903,0,1,2,0.0,0,0,0,0,40,False,0,0,0,0,0,1
Ronald Araujo,DEF,Liverpool,,a,,,,2.2,122,49,0,0,3,0,1.2,579,0.03,0.03,0.00,0.54,9,0,0,1.4,13.2,2026-08-23T15:30:00Z,20,False,17,0,0,0,0,1,0,211388,0,2,2,0.0,1,0,0,0,55,False,0,3,4,1,1,1
Jenson Seelt,DEF,Sunderland,,a,,,,0.0,576,195,0,0,0,0,0.0,537,0.00,0.00,0.00,0.00,5,0,0,0.0,0.0,2026-08-22T14:00:00Z,0,False,12,0,0,0,0,1,0,941,0,1,2,0.0,0,0,0,0,45,False,0,0,0,0,0,1
Adam Smith,DEF,Bournemouth,,a,,,,0.1,429,148,0,0,4,0,0.6,64,0.00,0.00,0.00,2.25,8,2,0,0.8,7.0,2026-08-23T13:00:00Z,90,False,15,0,0,0,0,1,0,8561,1,1,2,0.0,1,0,0,0,45,False,0,4,5,3,1,1
Ben Gannon-Doak,MID,Bournemouth,,a,,,,0.1,430,172,0,0,3,0,0.1,72,0.00,0.00,0.00,0.19,8,1,0,0.2,0.2,2026-08-23T13:00:00Z,1,False,15,0,0,0,0,1,0,7889,0,1,2,2.0,1,0,0,0,50,False,0,0,1,1,0,1
Nathan Collins,DEF,Brentford,,a,,,,1.9,129,52,0,0,21,1,21.5,84,0.04,0.38,0.34,0.57,2,0,0,5.0,11.6,2026-08-22T16:30:00Z,90,False,19,0,0,0,0,1,0,156847,1,0,3,17.0,6,0,0,0,55,True,0,3,3,3,0,1
James Trafford,GK,Leeds,,a,,,,3.0,104,17,0,2,28,1,0.0,385,0.00,0.00,0.00,0.66,6,0,0,1.9,19.4,2026-08-22T14:00:00Z,90,False,18,0,0,0,0,1,3,265439,1,1,0,0.0,9,0,0,0,50,False,0,0,0,9,0,1
Luka Lynch,MID,Aston Villa,0.0,,,,,,,,0,0,0,0,0.0,607,0.00,0.00,0.00,0.00,7,0,0,0.0,0.0,2026-08-23T13:00:00Z,0,False,5,0,0,0,0,1,0,0,0,0,4,0.0,0,0,0,0,45,False,0,0,0,0,0,1
Sean Longstaff,MID,Leeds,,a,,,,0.1,390,146,0,0,3,0,0.2,339,0.00,0.00,0.00,0.07,6,0,0,0.0,0.0,2026-08-22T14:00:00Z,8,False,18,0,0,0,0,1,0,12582,0,1,0,0.0,1,0,0,0,50,False,0,0,0,0,0,1
Josh King,MID,Fulham,,a,,,,0.2,383,143,0,0,34,0,15.6,268,0.04,0.21,0.17,2.24,10,3,1,9.8,41.6,2026-08-24T19:00:00Z,90,False,6,0,0,0,0,1,0,14215,1,3,2,41.0,7,0,0,0,55,True,0,2,8,4,2,1
Richarlison de Andrade,FWD,Spurs,,a,,,,3.0,102,13,0,0,6,0,2.2,527,0.00,0.00,0.00,3.02,2,3,0,0.2,0.0,2026-08-22T16:30:00Z,67,False,4,0,0,0,0,1,0,283639,1,0,3,0.0,2,0,0,0,60,False,0,1,1,0,0,1
Diogo Dalot Teixeira,DEF,Man Utd,,a,,,,2.8,109,42,0,0,6,0,11.3,417,0.00,0.00,0.00,0.00,4,0,0,1.9,7.6,2026-08-22T11:30:00Z,10,False,11,0,0,0,0,1,0,246316,0,0,2,0.0,1,0,0,0,50,False,0,1,3,1,2,1
Cathal McCarthy,DEF,Hull City,,a,,,,0.1,437,151,0,0,0,0,0.0,284,0.00,0.00,0.00,0.00,4,0,0,0.0,0.0,2026-08-22T11:30:00Z,0,False,16,0,0,0,0,1,0,7616,0,0,2,0.0,0,0,0,0,40,True,0,0,0,0,0,1
Tino Livramento,DEF,Newcastle,,i,Calf injury - Unknown return date,,0,0.1,469,162,0,0,0,0,0.0,450,0.00,0.00,0.00,0.00,9,0,0,0.0,0.0,2026-08-23T15:30:00Z,0,False,14,0,0,0,0,1,0,4326,0,2,2,0.0,0,0,0,0,50,True,0,0,0,0,0,1
Jack Taylor,MID,Ipswich Town,,i,Knee injury - Unknown return date,,0,0.1,467,191,0,0,0,0,0.0,312,0.00,0.00,0.00,0.00,5,0,0,0.0,0.0,2026-08-22T14:00:00Z,0,False,20,0,0,0,0,1,0,4505,0,1,2,0.0,0,0,0,0,45,True,0,0,0,0,0,1
Igor Thiago Nascimento Rodrigues,FWD,Brentford,,a,,,,17.4,23,4,0,0,-3,1,4.0,106,0.08,1.08,1.00,0.50,2,0,0,1.4,2.2,2026-08-22T16:30:00Z,82,False,19,0,1,0,0,1,0,1509299,1,0,3,8.0,0,0,0,0,80,True,0,1,5,4,0,1
Alfie Cresswell,MID,Leeds,0.0,,,,,,,,0,0,0,0,0.0,604,0.00,0.00,0.00,0.00,6,0,0,0.0,0.0,2026-08-22T14:00:00Z,0,False,18,0,0,0,0,1,0,0,0,1,0,0.0,0,0,0,0,45,False,0,0,0,0,0,1
Danny Welbeck,FWD,Chelsea,,d,Unspecified injury - 75% chance of playing,,75,1.6,145,21,0,0,0,0,0.0,136,0.00,0.00,0.00,0.00,10,0,0,0.0,0.0,2026-08-24T19:00:00Z,0,False,10,0,0,0,0,1,0,112037,0,3,2,0.0,0,0,0,0,60,False,0,0,0,0,0,1
Tammy Abraham,FWD,Aston Villa,,d,Knock - 75% chance of playing,,75,0.1,387,58,0,0,0,0,0.0,56,0.00,0.00,0.00,0.00,7,0,0,0.0,0.0,2026-08-23T13:00:00Z,0,False,5,0,0,0,0,1,0,11764,0,0,4,0.0,0,0,0,0,55,False,0,0,0,0,0,1
Jannik Schuster,DEF,Brentford,,a,,,,0.2,373,141,0,0,0,0,0.0,93,0.00,0.00,0.00,0.00,2,0,0,0.0,0.0,2026-08-22T16:30:00Z,0,False,19,0,0,0,0,1,0,15125,0,0,3,0.0,0,0,0,0,45,True,0,0,0,0,0,1
Caoimhín Kelleher,GK,Brentford,,a,,,,5.8,63,8,0,0,34,1,0.0,82,0.01,0.01,0.00,0.57,2,0,0,3.1,31.4,2026-08-22T16:30:00Z,90,False,19,0,0,0,0,1,4,513912,1,0,3,0.0,7,0,0,0,50,True,0,0,0,5,0,1
Tom Cairney,MID,Fulham,,i,Knee injury - Expected back 10 Oct,,0,0.0,585,251,0,0,0,0,0.0,266,0.00,0.00,0.00,0.00,10,0,0,0.0,0.0,2026-08-24T19:00:00Z,0,False,6,0,0,0,0,1,0,464,0,3,2,0.0,0,0,0,0,50,True,0,0,0,0,0,1
Kayne van Oevelen,GK,Ipswich Town,,a,,,,0.0,497,55,0,0,0,0,0.0,554,0.00,0.00,0.00,0.00,5,0,0,0.0,0.0,2026-08-22T14:00:00Z,0,False,20,0,0,0,0,1,0,3509,0,1,2,0.0,0,0,0,0,45,True,0,0,0,0,0,1
Abdukodir Khusanov,DEF,Man City,,a,,,,1.7,132,54,0,0,14,0,3.4,393,0.02,0.02,0.00,0.65,8,1,0,2.0,17.0,2026-08-23T13:00:00Z,90,False,3,0,0,0,0,1,0,147622,1,1,2,0.0,2,0,0,0,55,True,0,2,4,6,2,1
Mamadou Sangaré,MID,Brentford,,a,,,,3.2,98,33,2,3,41,1,21.8,565,0.33,0.38,0.05,0.47,2,0,0,7.4,31.6,2026-08-22T16:30:00Z,75,False,19,0,0,0,0,1,0,294770,1,0,3,21.0,14,0,0,0,55,True,0,4,13,7,2,1
Anthony Elanga,MID,Newcastle,,a,,,,0.7,217,71,0,2,31,0,3.5,454,0.01,0.23,0.22,1.94,9,1,1,6.9,37.4,2026-08-23T15:30:00Z,75,False,14,0,0,0,0,1,0,64591,1,2,2,28.0,9,0,0,0,60,True,0,1,2,1,0,1
Enzo Le Fée,MID,Sunderland,,a,,,,10.9,36,13,0,0,13,0,9.9,542,0.03,0.03,0.00,1.69,5,1,0,1.5,4.6,2026-08-22T14:00:00Z,79,False,12,0,0,0,0,1,0,942702,1,1,2,0.0,2,0,0,0,60,False,0,0,2,1,1,1
Jun'ai Byfield,DEF,Spurs,,a,,,,0.1,479,165,0,0,0,0,0.0,509,0.00,0.00,0.00,0.00,2,0,0,0.0,0.0,2026-08-22T16:30:00Z,0,False,4,0,0,0,0,1,0,4794,0,0,3,0.0,0,0,0,0,40,False,0,0,0,0,0,1
Benoît Badiashile Mukinayi,DEF,Chelsea,,a,,,,0.0,532,179,0,0,0,0,0.0,146,0.00,0.00,0.00,0.00,10,0,0,0.0,0.0,2026-08-24T19:00:00Z,0,False,10,0,0,0,0,1,0,2313,0,3,2,0.0,0,0,0,0,45,False,0,0,0,0,0,1
Abdoul Ouattara,DEF,Ipswich Town,,a,,,,0.7,215,81,0,0,4,0,10.0,592,0.00,0.00,0.00,0.03,5,0,0,1.5,5.2,2026-08-22T14:00:00Z,10,False,20,0,0,0,0,1,0,86218,0,1,2,0.0,1,0,0,0,40,True,0,2,2,0,0,1
Justin Devenny,MID,Crystal Palace,,a,,,,0.0,568,239,0,0,0,0,0.0,215,0.00,0.00,0.00,0.00,3,0,0,0.0,0.0,2026-08-22T14:00:00Z,0,False,9,0,0,0,0,1,0,1134,0,0,2,0.0,0,0,0,0,50,False,0,0,0,0,0,1
Nico O'Reilly,DEF,Man City,,a,,,,21.2,16,5,0,0,5,0,30.4,387,0.41,0.48,0.07,0.55,8,1,0,5.0,8.8,2026-08-23T13:00:00Z,62,False,3,0,0,0,0,1,0,1877660,1,1,2,11.0,2,0,0,0,65,True,0,1,2,5,1,1
Nikola Milenković,DEF,Nott'm Forest,,a,,,,2.0,127,51,0,0,4,0,0.6,471,0.02,0.13,0.11,0.47,6,1,0,2.2,7.6,2026-08-22T14:00:00Z,90,False,13,0,0,0,0,1,0,173511,1,1,0,14.0,2,0,0,0,55,True,0,7,7,6,0,1
Adam Aznou,DEF,Everton,,a,,,,0.2,363,139,0,0,0,0,0.0,235,0.00,0.00,0.00,0.00,3,0,0,0.0,0.0,2026-08-22T14:00:00Z,0,False,8,0,0,0,0,1,0,16732,0,0,2,0.0,0,0,0,0,40,True,0,0,0,0,0,1
Yoane Wissa,FWD,Newcastle,,a,,,,1.6,148,22,1,0,7,0,16.3,464,0.02,1.02,1.00,2.19,9,1,0,6.4,20.0,2026-08-23T15:30:00Z,90,False,14,0,0,0,0,1,0,142989,1,2,2,28.0,4,0,0,0,60,True,1,1,8,3,4,1
Dan Burn,DEF,Newcastle,,a,,,,2.4,117,47,0,0,0,0,0.0,448,0.00,0.00,0.00,0.00,9,0,0,0.0,0.0,2026-08-23T15:30:00Z,0,False,14,0,0,0,0,1,0,213973,0,2,2,0.0,0,0,0,0,50,True,0,0,0,0,0,1
Filip Jörgensen,GK,Chelsea,,u,Has joined RC Strasbourg on loan for the rest of the season,,0,0.0,531,64,0,0,0,0,0.0,141,0.00,0.00,0.00,0.00,10,0,0,0.0,0.0,2026-08-24T19:00:00Z,0,False,10,0,0,0,0,1,0,1796,0,3,2,0.0,0,0,0,0,50,False,0,0,0,0,0,1
Kim Ji-soo,DEF,Brentford,,a,,,,0.0,547,186,0,0,0,0,0.0,92,0.00,0.00,0.00,0.00,2,0,0,0.0,0.0,2026-08-22T16:30:00Z,0,False,19,0,0,0,0,1,0,1635,0,0,3,0.0,0,0,0,0,45,True,0,0,0,0,0,1
Dwight McNeil,MID,Crystal Palace,,a,,,,0.2,365,131,0,0,11,0,4.7,241,0.02,0.07,0.05,0.98,3,2,0,1.6,9.6,2026-08-22T14:00:00Z,62,False,9,0,0,0,0,1,0,15735,1,0,2,2.0,2,0,0,0,55,False,0,3,5,2,0,1
Mathys Tel,MID,Spurs,,a,,,,0.6,243,81,0,0,17,0,26.0,514,0.06,0.12,0.06,3.87,2,3,0,4.5,10.4,2026-08-22T16:30:00Z,90,False,4,0,0,0,0,1,0,50995,1,0,3,9.0,2,0,0,0,60,False,0,1,8,7,0,1
Norman Bassette,FWD,Coventry City,,u,Has joined KVC Westerlo on loan for the rest of the season,,0,0.1,454,64,0,0,0,0,0.0,197,0.00,0.00,0.00,0.00,1,0,0,0.0,0.0,2026-08-21T19:00:00Z,0,False,1,0,0,0,0,1,0,4620,0,0,3,0.0,0,0,0,0,45,False,0,0,0,0,0,1
Djiamgone Jocelin Ta Bi,MID,Sunderland,,a,,,,0.0,590,256,0,0,0,0,0.0,550,0.00,0.00,0.00,0.00,5,0,0,0.0,0.0,2026-08-22T14:00:00Z,0,False,12,0,0,0,0,1,0,501,0,1,2,0.0,0,0,0,0,50,False,0,0,0,0,0,1
Ross Barkley,MID,Aston Villa,,a,,,,0.2,338,118,0,0,11,0,21.4,46,0.02,0.12,0.10,3.55,7,4,0,3.8,9.4,2026-08-23T13:00:00Z,73,False,5,0,0,0,0,1,0,20508,1,0,4,7.0,2,0,0,0,50,False,0,1,1,0,0,1
Jayden Danns,FWD,Liverpool,,i,Unspecified injury - Unknown return date,,0,0.0,509,68,0,0,0,0,0.0,382,0.00,0.00,0.00,0.00,9,0,0,0.0,0.0,2026-08-23T15:30:00Z,0,False,17,0,0,0,0,1,0,3221,0,2,2,0.0,0,0,0,0,45,False,0,0,0,0,0,1
Lewie Coyle,DEF,Hull City,,a,,,,0.7,225,86,0,0,23,1,11.3,280,0.01,0.01,0.00,1.16,4,0,0,1.7,5.8,2026-08-22T11:30:00Z,69,False,16,0,0,0,0,1,0,59278,1,0,2,0.0,6,0,0,0,40,True,0,1,2,3,1,1
Noah Sadiki,MID,Sunderland,,a,,,,0.4,283,93,0,0,18,0,32.1,545,0.03,0.09,0.06,1.80,5,2,0,7.2,14.6,2026-08-22T14:00:00Z,90,False,12,0,0,0,0,1,0,32634,1,1,2,25.0,2,0,0,0,50,False,0,0,2,2,0,1
Jaka Bijol,DEF,Leeds,,a,,,,0.3,295,109,0,2,28,1,0.4,327,0.00,0.11,0.11,0.66,6,0,0,3.9,23.6,2026-08-22T14:00:00Z,90,False,18,0,0,0,0,1,0,27043,1,1,0,15.0,10,0,0,0,50,False,0,11,12,5,1,1
Daizen Maeda,MID,Ipswich Town,,a,,,,0.4,267,87,0,0,7,0,1.4,562,0.00,0.61,0.61,0.63,5,1,0,2.1,12.6,2026-08-22T14:00:00Z,79,False,20,0,0,0,0,1,0,37656,1,1,2,7.0,2,0,0,0,55,True,0,3,9,2,4,1
Federico Chiesa,MID,Liverpool,,a,,,,0.1,398,153,0,0,0,0,0.0,370,0.00,0.00,0.00,0.00,9,0,0,0.0,0.0,2026-08-23T15:30:00Z,0,False,17,0,0,0,0,1,0,11756,0,2,2,0.0,0,0,0,0,55,False,0,0,0,0,0,1
Altay Bayındır,GK,Man Utd,,u,Has joined Celta Vigo on loan for the rest of the season,,0,0.0,519,60,0,0,0,0,0.0,413,0.00,0.00,0.00,0.00,4,0,0,0.0,0.0,2026-08-22T11:30:00Z,0,False,11,0,0,0,0,1,0,2353,0,0,2,0.0,0,0,0,0,45,False,0,0,0,0,0,1
Matheus Santos Carneiro da Cunha,MID,Man Utd,,a,,,,10.4,40,15,0,0,14,0,28.2,428,0.21,0.45,0.24,1.01,4,2,0,6.9,5.4,2026-08-22T11:30:00Z,79,False,11,0,0,0,0,1,0,901042,1,0,2,35.0,2,0,0,0,80,False,0,0,3,3,0,1
Kristoffer Ajer,DEF,Brentford,,a,,,,2.8,111,43,0,0,29,1,0.9,87,0.02,0.13,0.11,0.57,2,0,0,5.6,20.0,2026-08-22T16:30:00Z,90,False,19,0,0,0,0,1,0,318142,1,0,3,35.0,8,0,0,0,45,True,0,8,10,3,2,1
Sander Berge,MID,Fulham,,a,,,,0.4,268,88,0,0,14,0,23.1,265,0.03,0.06,0.03,2.21,10,3,0,4.4,13.6,2026-08-24T19:00:00Z,72,False,6,0,0,0,0,1,0,38470,1,3,2,7.0,2,0,0,0,50,True,0,1,4,2,1,1
Luca Williams-Barnett,MID,Spurs,0.0,,,,,,,,0,0,0,0,0.0,601,0.00,0.00,0.00,0.00,2,0,0,0.0,0.0,2026-08-22T16:30:00Z,0,False,4,0,0,0,0,1,0,0,0,0,3,0.0,0,0,0,0,45,False,0,0,0,0,0,1
Malo Gusto,DEF,Chelsea,,a,,,,1.1,182,69,0,0,2,0,9.8,144,0.03,0.03,0.00,1.11,10,2,0,2.3,7.2,2026-08-24T19:00:00Z,75,False,10,0,0,0,0,1,0,98423,1,3,2,6.0,1,0,0,0,50,False,0,2,3,4,1,1
Hayden Hackney,MID,Everton,,a,,,,0.3,304,102,0,0,16,1,12.2,247,0.01,0.02,0.01,1.62,3,0,0,2.6,8.6,2026-08-22T14:00:00Z,78,False,8,0,0,0,0,1,0,24410,1,0,2,5.0,3,0,0,0,55,True,0,1,7,4,2,1
Kenny Tete,DEF,Fulham,,a,,,,0.3,305,113,0,0,0,0,0.0,256,0.00,0.00,0.00,0.00,10,0,0,0.0,0.0,2026-08-24T19:00:00Z,0,False,6,0,0,0,0,1,0,24681,0,3,2,0.0,0,0,0,0,45,True,0,0,0,0,0,1
Sebastiaan Bornauw,DEF,Leeds,,u,Has joined Hamburg SV on loan for the rest of the season,,0,0.0,583,196,0,0,0,0,0.0,333,0.00,0.00,0.00,0.00,6,0,0,0.0,0.0,2026-08-22T14:00:00Z,0,False,18,0,0,0,0,1,0,512,0,1,0,0.0,0,0,0,0,45,False,0,0,0,0,0,1
Giovanni Leoni,DEF,Liverpool,,i,Knee injury - Unknown return date,,0,0.0,484,167,0,0,0,0,0.0,363,0.00,0.00,0.00,0.00,9,0,0,0.0,0.0,2026-08-23T15:30:00Z,0,False,17,0,0,0,0,1,0,4082,0,2,2,0.0,0,0,0,0,40,False,0,0,0,0,0,1
David Button,GK,Ipswich Town,,a,,,,0.4,262,36,0,0,0,0,0.0,302,0.00,0.00,0.00,0.00,5,0,0,0.0,0.0,2026-08-22T14:00:00Z,0,False,20,0,0,0,0,1,0,40566,0,1,2,0.0,0,0,0,0,40,True,0,0,0,0,0,1
Enis Destan,FWD,Hull City,,u,Has joined Konyaspor permanently,,0,0.7,224,37,0,0,0,0,0.0,298,0.00,0.00,0.00,0.00,4,0,0,0.0,0.0,2026-08-22T11:30:00Z,0,False,16,0,0,0,0,1,0,40958,0,0,2,0.0,0,0,0,0,45,True,0,0,0,0,0,1
Harvey Davies,GK,Liverpool,,a,,,,0.1,405,43,0,0,0,0,0.0,355,0.00,0.00,0.00,0.00,9,0,0,0.0,0.0,2026-08-23T15:30:00Z,0,False,17,0,0,0,0,1,0,11845,0,2,2,0.0,0,0,0,0,40,False,0,0,0,0,0,1
Josh Eccles,MID,Coventry City,,a,,,,0.0,545,226,0,0,0,0,0.0,187,0.00,0.00,0.00,0.00,1,0,0,0.0,0.0,2026-08-21T19:00:00Z,0,False,1,0,0,0,0,1,0,1503,0,0,3,0.0,0,0,0,0,50,False,0,0,0,0,0,1
Tyrique George,MID,Everton,,a,,,,0.3,303,101,0,0,13,1,23.4,242,0.08,0.26,0.18,1.67,3,0,0,5.5,7.0,2026-08-22T14:00:00Z,83,False,8,0,0,0,0,1,0,24527,1,0,2,25.0,3,0,0,0,55,True,0,3,7,4,0,1
Amine Adli,MID,Bournemouth,,i,Unspecified injury - Unknown return date,,0,0.0,487,201,0,0,0,0,0.0,77,0.00,0.00,0.00,0.00,8,0,0,0.0,0.0,2026-08-23T13:00:00Z,0,False,15,0,0,0,0,1,0,3087,0,1,2,0.0,0,0,0,0,50,False,0,0,0,0,0,1
Harry Wilson,MID,Leeds,,a,,,,6.7,59,20,0,0,8,1,15.3,260,0.02,0.02,0.00,0.53,6,0,0,2.6,6.2,2026-08-22T14:00:00Z,65,False,18,0,0,0,0,1,0,577649,1,1,0,4.0,3,0,0,0,65,False,0,0,2,0,2,1
Jamie Bynoe-Gittens,MID,Chelsea,,a,,,,0.0,508,213,0,0,0,0,0.0,158,0.00,0.00,0.00,0.00,10,0,0,0.0,0.0,2026-08-24T19:00:00Z,0,False,10,0,0,0,0,1,0,3231,0,3,2,0.0,0,0,0,0,60,False,0,0,0,0,0,1
Mikkel Damsgaard,MID,Brentford,,a,,,,0.6,239,78,0,0,6,0,26.3,96,0.11,0.11,0.00,0.10,2,0,0,3.4,7.6,2026-08-22T16:30:00Z,14,False,19,0,0,0,0,1,0,52929,0,0,3,0.0,1,0,0,0,55,True,0,0,4,3,1,1
Jens Hjertø-Dahl,MID,Hull City,,a,,,,0.1,442,178,0,0,0,0,0.0,574,0.00,0.00,0.00,0.00,4,0,0,0.0,0.0,2026-08-22T11:30:00Z,0,False,16,0,0,0,0,1,0,7500,0,0,2,0.0,0,0,0,0,50,True,0,0,0,0,0,1
Giorgi Mamardashvili,GK,Liverpool,,a,,,,0.2,384,41,0,0,0,0,0.0,351,0.00,0.00,0.00,0.00,9,0,0,0.0,0.0,2026-08-23T15:30:00Z,0,False,17,0,0,0,0,1,0,13503,0,2,2,0.0,0,0,0,0,50,False,0,0,0,0,0,1
Igor Julio dos Santos de Paulo,DEF,Brighton,,a,,,,0.1,443,154,0,0,0,0,0.0,118,0.00,0.00,0.00,0.00,7,0,0,0.0,0.0,2026-08-23T13:00:00Z,0,False,2,0,0,0,0,1,0,7195,0,0,4,0.0,0,0,0,0,45,True,0,0,0,0,0,1
Myles Lewis-Skelly,MID,Arsenal,,a,,,,0.6,241,79,0,0,15,1,22.9,7,0.11,0.17,0.06,0.20,1,0,0,4.1,11.0,2026-08-21T19:00:00Z,90,False,7,0,0,0,0,1,0,55656,1,0,3,7.0,3,0,0,0,55,True,0,1,7,5,1,1
Aaron Anselmino,DEF,Chelsea,,a,,,,0.0,543,185,0,0,0,0,0.0,561,0.00,0.00,0.00,0.00,10,0,0,0.0,0.0,2026-08-24T19:00:00Z,0,False,10,0,0,0,0,1,0,1770,0,3,2,0.0,0,0,0,0,45,False,0,0,0,0,0,1
Dara O'Shea,DEF,Ipswich Town,,a,,,,3.4,89,35,0,0,16,0,24.5,304,0.16,0.16,0.00,0.66,5,1,0,7.5,48.0,2026-08-22T14:00:00Z,90,False,20,0,0,0,0,1,0,313565,1,1,2,2.0,4,0,0,0,40,True,0,16,18,6,2,1
Bendito Mantato,MID,Man Utd,,a,,,,0.2,367,133,0,0,0,0,0.0,437,0.00,0.00,0.00,0.00,4,0,0,0.0,0.0,2026-08-22T11:30:00Z,0,False,11,0,0,0,0,1,0,16079,0,0,2,0.0,0,0,0,0,45,False,0,0,0,0,0,1
Ilia Gruev,MID,Leeds,,i,Knee injury - Unknown return date,,0,0.0,586,252,0,0,0,0,0.0,344,0.00,0.00,0.00,0.00,6,0,0,0.0,0.0,2026-08-22T14:00:00Z,0,False,18,0,0,0,0,1,0,461,0,1,0,0.0,0,0,0,0,50,False,0,0,0,0,0,1
Tom Heaton,GK,Man Utd,,i,Hamstring injury - Unknown return date,,0,0.1,408,44,0,0,0,0,0.0,414,0.00,0.00,0.00,0.00,4,0,0,0.0,0.0,2026-08-22T11:30:00Z,0,False,11,0,0,0,0,1,0,9078,0,0,2,0.0,0,0,0,0,40,False,0,0,0,0,0,1
Toby Collyer,MID,Man Utd,,a,,,,0.0,546,227,0,0,0,0,0.0,436,0.00,0.00,0.00,0.00,4,0,0,0.0,0.0,2026-08-22T11:30:00Z,0,False,11,0,0,0,0,1,0,1568,0,0,2,0.0,0,0,0,0,50,False,0,0,0,0,0,1
Hákon Rafn Valdimarsson,GK,Brentford,,a,,,,0.1,421,47,0,0,0,0,0.0,83,0.00,0.00,0.00,0.00,2,0,0,0.0,0.0,2026-08-22T16:30:00Z,0,False,19,0,0,0,0,1,0,9667,0,0,3,0.0,0,0,0,0,45,True,0,0,0,0,0,1
Joel Latibeaudiere,DEF,Coventry City,,a,,,,0.0,486,169,0,0,0,0,0.0,179,0.00,0.00,0.00,0.00,1,0,0,0.0,0.0,2026-08-21T19:00:00Z,0,False,1,0,0,0,0,1,0,3977,0,0,3,0.0,0,0,0,0,40,False,0,0,0,0,0,1
Dominic Solanke-Mitchell,FWD,Spurs,,a,,,,1.5,156,23,0,0,3,0,0.0,526,0.00,0.07,0.07,0.85,2,0,0,0.5,0.0,2026-08-22T16:30:00Z,22,False,4,0,0,0,0,1,0,126667,0,0,3,5.0,1,0,0,0,60,False,0,0,0,0,0,1
Chemsdine Talbi,MID,Sunderland,,a,,,,0.2,328,113,0,0,1,0,0.9,549,0.00,0.00,0.00,0.14,5,1,0,0.0,0.0,2026-08-22T14:00:00Z,31,False,12,0,0,0,0,1,0,20822,0,1,2,0.0,1,0,0,0,55,False,0,0,2,2,0,1
Mathias Jensen,MID,Brentford,,a,,,,0.2,361,128,1,0,22,1,46.2,97,0.34,0.42,0.08,0.47,2,0,0,7.2,12.6,2026-08-22T16:30:00Z,66,False,19,0,0,0,0,1,0,16245,1,0,3,13.0,6,0,0,0,55,True,0,0,5,3,2,1
Alysson Edward Franco da Rocha dos Santos,MID,Aston Villa,,a,,,,0.0,498,206,0,0,5,0,0.0,52,0.00,0.00,0.00,0.14,7,0,0,0.4,4.0,2026-08-23T13:00:00Z,8,False,5,0,0,0,0,1,0,3792,0,0,4,0.0,1,0,0,0,50,False,0,1,3,1,1,1
Bazoumana Touré,MID,Newcastle,,a,,,,0.3,316,106,0,0,0,0,0.0,461,0.00,0.00,0.00,0.00,9,0,0,0.0,0.0,2026-08-23T15:30:00Z,0,False,14,0,0,0,0,1,0,22780,0,2,2,0.0,0,0,0,0,60,True,0,0,0,0,0,1
Lewis Miley,MID,Newcastle,,a,,,100,0.0,496,205,0,0,13,0,21.4,459,0.01,0.06,0.05,1.94,9,1,0,4.0,15.6,2026-08-23T15:30:00Z,75,False,14,0,0,0,0,1,0,4093,1,2,2,3.0,3,0,0,0,55,True,1,6,13,6,1,1
Emiliano Buendía Stati,MID,Aston Villa,,a,,,,1.4,168,53,0,0,4,0,16.3,41,0.09,0.22,0.13,3.62,7,4,0,2.2,0.0,2026-08-23T13:00:00Z,85,False,5,0,0,0,0,1,0,120830,1,0,4,8.0,2,0,0,0,60,False,0,3,7,3,1,1
Jacob Murphy,MID,Newcastle,,a,,,,0.2,380,140,0,0,-1,0,0.1,457,0.00,0.00,0.00,1.04,9,1,0,0.1,0.0,2026-08-23T15:30:00Z,14,False,14,0,0,0,0,1,0,14816,0,2,2,2.0,0,0,0,0,60,True,1,1,2,1,0,1
Manuel Ugarte Ribeiro,MID,Man Utd,,i,Knee injury - Unknown return date,,0,0.0,592,257,0,0,0,0,0.0,433,0.00,0.00,0.00,0.00,4,0,0,0.0,0.0,2026-08-22T11:30:00Z,0,False,11,0,0,0,0,1,0,333,0,0,2,0.0,0,0,0,0,50,False,0,0,0,0,0,1
Lewis Hall,DEF,Newcastle,,a,,,,3.5,88,34,0,0,8,0,15.2,449,0.35,0.35,0.00,2.98,9,2,0,3.7,22.0,2026-08-23T15:30:00Z,90,False,14,0,0,0,0,1,0,310247,1,2,2,0.0,3,0,0,0,50,True,0,6,11,8,5,1
Conor Gallagher,MID,Spurs,,a,,,,0.3,300,100,0,0,1,0,5.5,519,0.06,0.08,0.02,1.70,2,2,0,0.5,0.0,2026-08-22T16:30:00Z,45,False,4,0,0,0,0,1,0,26860,1,0,3,1.0,0,0,0,0,55,False,1,0,3,2,1,1
Cédric Kipré,DEF,Ipswich Town,,a,,,,0.6,227,88,0,0,0,0,0.0,303,0.00,0.00,0.00,0.00,5,0,0,0.0,0.0,2026-08-22T14:00:00Z,0,False,20,0,0,0,0,1,0,57775,0,1,2,0.0,0,0,0,0,40,True,0,0,0,0,0,1
Harry Maguire,DEF,Man Utd,,a,,,,16.5,25,9,0,0,15,0,28.6,418,0.40,0.44,0.04,1.01,4,2,0,7.3,25.4,2026-08-22T11:30:00Z,90,False,11,0,0,0,0,1,0,1650905,1,0,2,19.0,1,0,0,0,50,False,0,4,4,5,0,1
Dango Ouattara,MID,Brentford,,a,,,,1.3,174,56,0,0,6,1,30.8,95,0.29,0.34,0.05,0.47,2,0,0,4.7,1.0,2026-08-22T16:30:00Z,66,False,19,0,0,0,0,1,0,105835,1,0,3,15.0,3,0,0,0,65,True,0,2,6,4,0,1
Nicolas Jackson,FWD,Chelsea,,a,,,,0.3,292,52,0,0,0,0,0.0,166,0.00,0.00,0.00,0.00,10,0,0,0.0,0.0,2026-08-24T19:00:00Z,0,False,10,0,0,0,0,1,0,29435,0,3,2,0.0,0,0,0,0,65,False,0,0,0,0,0,1
Pep Chavarría,DEF,Chelsea,,a,,,,0.2,356,136,0,0,3,0,0.2,583,0.00,0.00,0.00,0.28,10,0,0,0.5,2.4,2026-08-24T19:00:00Z,25,False,10,0,0,0,0,1,0,17073,0,3,2,2.0,1,0,0,0,50,False,0,1,1,1,0,1
Triston Rowe,DEF,Aston Villa,0.0,,,,,,,,0,0,0,0,0.0,606,0.00,0.00,0.00,0.00,7,0,0,0.0,0.0,2026-08-23T13:00:00Z,0,False,5,0,0,0,0,1,0,0,0,0,4,0.0,0,0,0,0,40,False,0,0,0,0,0,1
Jayden Bogle,DEF,Leeds,,a,,,,0.5,252,92,0,0,24,1,1.1,330,0.00,0.00,0.00,0.66,6,0,0,0.8,7.0,2026-08-22T14:00:00Z,90,False,18,0,0,0,0,1,0,45674,1,1,0,0.0,6,0,0,0,45,False,0,2,3,3,1,1
Matthijs de Ligt,DEF,Man Utd,,i,Back injury - Unknown return date,,0,0.0,529,177,0,0,0,0,0.0,416,0.00,0.00,0.00,0.00,4,0,0,0.0,0.0,2026-08-22T11:30:00Z,0,False,11,0,0,0,0,1,0,2274,0,0,2,0.0,0,0,0,0,50,False,0,0,0,0,0,1
Tosin Adarabioyo,DEF,Chelsea,,a,,,,0.2,344,130,0,0,0,0,0.0,147,0.00,0.00,0.00,0.00,10,0,0,0.0,0.0,2026-08-24T19:00:00Z,0,False,10,0,0,0,0,1,0,18070,0,3,2,0.0,0,0,0,0,45,False,0,0,0,0,0,1
Youri Tielemans,MID,Man Utd,,a,,,100,2.4,116,38,0,0,13,0,11.3,43,0.11,0.15,0.04,0.94,4,2,0,2.0,5.0,2026-08-22T11:30:00Z,66,False,11,0,0,0,0,1,0,224637,1,0,2,4.0,2,0,0,0,60,False,0,0,5,5,0,1
George Hirst,FWD,Ipswich Town,,a,,,,0.4,277,47,0,0,0,0,0.0,317,0.00,0.00,0.00,0.00,5,0,0,0.0,0.0,2026-08-22T14:00:00Z,0,False,20,0,0,0,0,1,0,25160,0,1,2,0.0,0,0,0,0,50,True,0,0,0,0,0,1
Bruno Guimarães Rodriguez Moura,MID,Arsenal,,d,Thigh injury - 75% chance of playing,,75,6.3,62,21,0,0,0,0,0.0,452,0.00,0.00,0.00,0.00,1,0,0,0.0,0.0,2026-08-21T19:00:00Z,0,False,7,0,0,0,0,1,0,391151,0,0,3,0.0,0,0,0,0,70,True,0,0,0,0,0,1
Daniel Muñoz Mejía,DEF,Crystal Palace,,a,,,,10.1,41,14,0,0,-4,0,1.8,201,0.01,0.24,0.23,0.84,3,2,0,2.4,1.2,2026-08-22T14:00:00Z,54,False,9,0,0,0,0,1,0,873015,1,0,2,21.0,0,0,0,0,55,False,0,3,4,1,1,1
Xaver Schlager,MID,Nott'm Forest,,a,,,,0.1,416,165,0,0,3,0,1.0,558,0.00,0.00,0.00,0.13,6,1,0,0.4,0.6,2026-08-22T14:00:00Z,16,False,13,0,0,0,0,1,0,10065,0,1,0,2.0,1,0,0,0,50,True,0,0,1,1,0,1
Evann Guessand,MID,Crystal Palace,,a,,,,0.0,514,216,0,0,3,0,1.8,42,0.02,0.05,0.03,0.14,3,0,0,1.2,3.2,2026-08-22T14:00:00Z,27,False,9,0,0,0,0,1,0,3238,0,0,2,7.0,1,0,0,0,55,False,0,0,1,0,1,1
Mikel Merino Zazón,MID,Arsenal,,a,,,,0.7,212,69,0,0,5,0,1.2,17,0.02,0.16,0.14,0.15,1,0,0,1.9,3.6,2026-08-21T19:00:00Z,14,False,7,0,0,0,0,1,0,62671,0,0,3,14.0,1,0,0,0,60,True,0,0,2,2,0,1
Marcelino Núñez,MID,Ipswich Town,,a,,,,0.1,402,157,0,0,26,0,7.3,309,0.03,0.06,0.03,0.63,5,1,0,2.4,13.0,2026-08-22T14:00:00Z,79,False,20,0,0,0,0,1,0,11544,1,1,2,4.0,4,0,0,0,50,True,0,4,12,6,2,1
Wilson Isidor,FWD,Sunderland,,a,,,,1.1,186,28,0,0,3,0,0.2,553,0.00,0.00,0.00,0.10,5,1,0,0.0,0.0,2026-08-22T14:00:00Z,23,False,12,0,0,0,0,1,0,90196,0,1,2,0.0,1,0,0,0,55,False,0,0,0,0,0,1
Destiny Udogie,DEF,Spurs,,a,,,,0.5,257,96,0,0,3,0,0.7,506,0.02,0.02,0.00,0.44,2,0,0,0.0,0.0,2026-08-22T16:30:00Z,4,False,4,0,0,0,0,1,0,43741,0,0,3,0.0,1,0,0,0,45,False,0,0,0,2,0,1
Alexander Isak,FWD,Liverpool,,a,,,,16.4,26,5,0,0,6,0,14.6,379,0.01,1.10,1.09,1.58,9,2,0,9.2,11.4,2026-08-23T15:30:00Z,90,False,17,0,0,0,0,1,0,1493302,1,2,2,66.0,2,0,0,0,90,False,0,1,1,0,0,1
Michael Svoboda,DEF,Brighton,,a,,,,0.0,491,170,0,0,0,0,0.0,120,0.00,0.00,0.00,0.00,7,0,0,0.0,0.0,2026-08-23T13:00:00Z,0,False,2,0,0,0,0,1,0,3997,0,0,4,0.0,0,0,0,0,50,True,0,0,0,0,0,1
Jack Harrison,MID,Leeds,,u,Has joined New England Revolution permanently,,0,0.0,596,260,0,0,0,0,0.0,342,0.00,0.00,0.00,0.00,6,0,0,0.0,0.0,2026-08-22T14:00:00Z,0,False,18,0,0,0,0,1,0,135,0,1,0,0.0,0,0,0,0,50,False,0,0,0,0,0,1
Rayan Cherki,MID,Man City,,a,,,,7.8,54,18,2,1,28,0,48.8,399,0.50,0.50,0.00,0.10,8,0,0,9.2,39.2,2026-08-23T13:00:00Z,27,False,3,0,0,0,0,1,0,679336,0,1,2,4.0,8,0,0,0,75,True,0,0,0,0,0,1
Anis Mehmeti,MID,Ipswich Town,,a,,,,0.1,472,194,0,0,0,0,0.0,324,0.00,0.00,0.00,0.00,5,0,0,0.0,0.0,2026-08-22T14:00:00Z,0,False,20,0,0,0,0,1,0,4850,0,1,2,0.0,0,0,0,0,50,True,0,0,0,0,0,1
Morgan Gibbs-White,MID,Nott'm Forest,,a,,,,11.8,34,12,0,0,10,0,9.3,480,0.06,0.19,0.13,0.47,6,1,0,2.4,0.0,2026-08-22T14:00:00Z,90,False,13,0,0,0,0,1,0,1039647,1,1,0,16.0,2,0,0,0,80,True,0,1,3,2,0,1
Cheick Doucouré,MID,Crystal Palace,,a,,,,0.1,462,187,0,0,0,0,0.0,218,0.00,0.00,0.00,0.00,3,0,0,0.0,0.0,2026-08-22T14:00:00Z,0,False,9,0,0,0,0,1,0,6199,0,0,2,0.0,0,0,0,0,50,False,0,0,0,0,0,1
Erling Haaland,FWD,Man City,,a,,,,69.3,1,1,0,0,6,0,5.2,411,0.02,0.76,0.74,0.65,8,1,0,5.9,3.8,2026-08-23T13:00:00Z,90,False,3,0,0,0,0,1,0,6209794,1,1,2,50.0,2,0,0,0,155,True,0,0,3,3,0,1
Illan Meslier,GK,Arsenal,,a,,,,0.0,516,58,0,0,0,0,0.0,3,0.00,0.00,0.00,0.00,1,0,0,0.0,0.0,2026-08-21T19:00:00Z,0,False,7,0,0,0,0,1,0,2971,0,0,3,0.0,0,0,0,0,50,True,0,0,0,0,0,1
Simon Adingra,MID,Sunderland,,i,Ankle injury - Unknown return date,,0,0.2,369,135,0,0,0,0,0.0,546,0.00,0.00,0.00,0.00,5,0,0,0.0,0.0,2026-08-22T14:00:00Z,0,False,12,0,0,0,0,1,0,9551,0,1,2,0.0,0,0,0,0,50,False,0,0,0,0,0,1
James McAtee,MID,Nott'm Forest,,a,,,,0.0,513,215,0,0,18,1,42.5,486,0.16,0.16,0.00,0.34,6,0,0,5.4,11.6,2026-08-22T14:00:00Z,73,False,13,0,0,0,0,1,0,3147,1,1,0,0.0,3,0,0,0,55,True,0,2,8,5,1,1
Jonah Kusi-Asare,FWD,Fulham,,a,,,,7.5,56,9,0,0,0,0,0.0,272,0.00,0.00,0.00,0.00,10,0,0,0.0,0.0,2026-08-24T19:00:00Z,0,False,6,0,0,0,0,1,0,669004,0,3,2,0.0,0,0,0,0,45,True,0,0,0,0,0,1
Julio Enciso,MID,Ipswich Town,,a,,,,0.2,330,115,1,0,24,0,14.0,591,0.31,0.54,0.23,0.63,5,1,0,5.4,21.6,2026-08-22T14:00:00Z,70,False,20,0,0,0,0,1,0,24595,1,1,2,18.0,5,0,0,0,55,True,0,2,8,5,1,1
Leif Davis,DEF,Ipswich Town,,a,,,,5.3,65,26,0,0,10,0,2.3,305,0.01,0.01,0.00,0.66,5,1,0,1.8,15.2,2026-08-22T14:00:00Z,90,False,20,0,0,0,0,1,0,479363,1,1,2,0.0,2,0,0,0,40,True,0,7,7,4,0,1
Ollie Watkins,FWD,Aston Villa,,a,,,,10.9,37,7,0,0,0,0,0.0,55,0.00,0.00,0.00,0.00,7,0,0,0.0,0.0,2026-08-23T13:00:00Z,0,False,5,0,0,0,0,1,0,898121,0,0,4,0.0,0,0,0,0,80,False,0,0,0,0,0,1
Kevin Schade,MID,Brentford,,a,,,,3.5,87,29,0,0,17,1,11.8,94,0.01,0.53,0.52,0.57,2,0,0,8.5,14.4,2026-08-22T16:30:00Z,90,False,19,0,0,0,0,1,0,330810,1,0,3,59.0,3,0,0,0,60,True,0,1,9,5,3,1
Cristhian Mosquera,DEF,Arsenal,,a,,,,7.6,55,22,0,0,27,1,0.6,11,0.00,0.00,0.00,0.20,1,0,0,1.5,14.4,2026-08-21T19:00:00Z,90,False,7,0,0,0,0,1,0,571606,1,0,3,0.0,6,0,0,0,55,True,0,6,6,3,0,1
John Egan,DEF,Hull City,,a,,,,1.6,151,62,0,0,27,1,0.1,277,0.00,0.00,0.00,1.83,4,0,0,4.6,43.4,2026-08-22T11:30:00Z,90,False,16,0,0,0,0,1,0,134746,1,0,2,2.0,8,0,0,0,40,True,0,20,21,3,1,1
Liam Kitching,DEF,Coventry City,,a,,,,0.7,223,85,0,0,0,0,0.0,174,0.00,0.00,0.00,0.00,1,0,0,0.0,0.0,2026-08-21T19:00:00Z,0,False,1,0,0,0,0,1,0,60272,0,0,3,0.0,0,0,0,0,40,False,0,0,0,0,0,1
Andrés García,DEF,Aston Villa,,a,,,,1.7,135,55,0,0,0,0,0.0,38,0.00,0.00,0.00,0.00,7,0,0,0.0,0.0,2026-08-23T13:00:00Z,0,False,5,0,0,0,0,1,0,157304,0,0,4,0.0,0,0,0,0,40,False,0,0,0,0,0,1
Kaye Furo,FWD,Brentford,,a,,,,0.9,201,31,0,0,0,0,0.0,107,0.00,0.00,0.00,0.00,2,0,0,0.0,0.0,2026-08-22T16:30:00Z,0,False,19,0,0,0,0,1,0,78000,0,0,3,0.0,0,0,0,0,45,True,0,0,0,0,0,1
Kobbie Mainoo,MID,Man Utd,,a,,,,1.0,188,63,0,0,7,0,2.5,432,0.01,0.08,0.07,0.07,4,0,0,0.7,2.8,2026-08-22T11:30:00Z,23,False,11,0,0,0,0,1,0,89014,0,0,2,2.0,1,0,0,0,55,False,0,0,1,1,0,1
Lucas Estella Perri,GK,Leeds,,a,,,,0.6,235,30,0,0,0,0,0.0,326,0.00,0.00,0.00,0.00,6,0,0,0.0,0.0,2026-08-22T14:00:00Z,0,False,18,0,0,0,0,1,0,52897,0,1,0,0.0,0,0,0,0,45,False,0,0,0,0,0,1
Pau Torres,DEF,Aston Villa,,a,,,,0.4,270,99,0,0,-14,0,0.7,34,0.00,0.00,0.00,3.55,7,4,0,0.0,0.0,2026-08-23T13:00:00Z,73,False,5,0,0,0,0,1,0,38472,1,0,4,0.0,0,0,0,0,45,False,0,5,5,1,0,1
Moisés Caicedo Corozo,MID,Chelsea,,a,,,,3.9,79,27,0,0,0,0,0.0,159,0.00,0.00,0.00,0.00,10,0,0,0.0,0.0,2026-08-24T19:00:00Z,0,False,10,0,0,0,0,1,0,347122,0,3,2,0.0,0,0,0,0,55,False,0,0,0,0,0,1
Benjamin White,DEF,Arsenal,,a,,,100,3.9,80,29,1,2,37,1,26.8,10,0.21,0.39,0.18,0.20,1,0,0,7.3,33.2,2026-08-21T19:00:00Z,90,False,7,0,0,0,0,1,0,401419,1,0,3,13.0,11,0,0,0,55,True,0,4,5,3,1,1
César Palacios,MID,Fulham,,a,,,,0.2,343,121,0,0,10,0,7.3,570,0.01,0.17,0.16,2.21,10,3,0,1.8,2.8,2026-08-24T19:00:00Z,72,False,6,0,0,0,0,1,0,18267,1,3,2,8.0,2,0,0,0,55,True,0,0,4,2,2,1
Divine Mukasa,MID,Man City,,a,,,,0.2,375,138,0,0,0,0,0.0,409,0.00,0.00,0.00,0.00,8,0,0,0.0,0.0,2026-08-23T13:00:00Z,0,False,3,0,0,0,0,1,0,16621,0,1,2,0.0,0,0,0,0,45,True,0,0,0,0,0,1
Abdülkadir Ömür,MID,Hull City,,a,,,,0.0,548,228,0,0,0,0,0.0,292,0.00,0.00,0.00,0.00,4,0,0,0.0,0.0,2026-08-22T11:30:00Z,0,False,16,0,0,0,0,1,0,1546,0,0,2,0.0,0,0,0,0,50,True,0,0,0,0,0,1
Merlin Röhl,MID,Everton,,a,,,,0.1,471,193,0,0,12,1,13.0,246,0.06,0.06,0.00,1.96,3,0,0,2.9,13.8,2026-08-22T14:00:00Z,90,False,8,0,0,0,0,1,0,5179,1,0,2,2.0,3,0,0,0,50,True,0,2,9,5,2,1
Jay Dasilva,DEF,Coventry City,,a,,,,0.8,206,78,0,0,-4,0,3.8,176,0.02,0.02,0.00,1.88,1,3,0,1.8,13.8,2026-08-21T19:00:00Z,90,False,1,0,0,0,0,1,0,73424,1,0,3,0.0,1,0,0,0,40,False,0,6,6,1,0,1
Charalampos Kostoulas,FWD,Brighton,,a,,,,0.2,331,55,0,0,-1,0,0.4,138,0.00,0.18,0.18,0.10,7,0,0,0.9,0.0,2026-08-23T13:00:00Z,26,False,2,0,0,0,0,1,0,19339,0,0,4,10.0,1,0,0,0,55,True,0,0,2,1,1,1
Chris Wood,FWD,Nott'm Forest,,a,,,,1.8,130,18,0,0,3,0,2.4,490,0.01,0.13,0.12,0.22,6,1,0,0.4,0.0,2026-08-22T14:00:00Z,28,False,13,0,0,0,0,1,0,159951,0,1,0,3.0,1,0,0,0,60,True,0,0,1,1,0,1
Thomas Meunier,DEF,Sunderland,1.7,a,,100,100,0.3,294,109,0,0,27,1,20.0,541,0.05,0.07,0.02,0.95,19,0,0,5.2,22.6,2026-08-30T13:00:00Z,90,False,10,0,0,0,0,2,0,29834,1,0,1,9.0,6,-708,1010,1718,45,True,0,8,8,5,0,2
Brian Brobbey,FWD,Sunderland,2.0,a,,,,13.5,29,6,0,0,5,1,2.8,552,0.00,0.03,0.03,0.58,19,0,0,0.7,0.0,2026-08-30T13:00:00Z,63,False,10,0,0,0,0,2,0,1261093,1,0,1,6.0,2,-81358,38269,119627,60,True,0,1,4,3,0,2
Cristian Romero,DEF,Spurs,0.0,u,Has joined Atletico Madrid permanently,0,0,0.2,357,136,0,0,0,0,0.0,500,0.00,0.00,0.00,0.00,15,0,0,0.0,0.0,2026-08-29T16:30:00Z,0,False,17,0,0,0,0,2,0,14805,0,2,0,0.0,0,-10779,0,10779,50,True,0,0,0,0,0,2
Omar Marmoush,FWD,Spurs,2.2,a,,,,1.0,197,31,0,0,14,0,35.1,401,0.07,0.24,0.17,0.72,15,2,0,7.2,9.2,2026-08-29T16:30:00Z,90,False,17,0,0,0,0,2,0,131884,1,2,0,28.0,2,20447,39808,19361,70,True,0,0,4,3,1,2
Axel Disasi,DEF,Crystal Palace,1.7,a,,,,0.1,466,164,0,0,-2,0,0.0,153,0.00,0.00,0.00,0.20,11,1,0,0.1,1.2,2026-08-28T19:00:00Z,16,False,15,0,0,0,0,2,0,6037,0,4,1,0.0,1,-323,525,848,45,True,0,0,1,1,1,2
Dário Luís Essugo,MID,Chelsea,1.0,a,,,,0.2,345,125,0,0,0,0,0.0,163,0.00,0.00,0.00,0.00,16,0,0,0.0,0.0,2026-08-30T13:00:00Z,0,False,5,0,0,0,0,2,0,18847,0,3,4,0.0,0,-1635,1252,2887,45,True,0,0,0,0,0,2
Alex Cairns,GK,Leeds,0.0,,,,,,,,0,0,0,0,0.0,625,0.00,0.00,0.00,0.00,17,0,0,0.0,0.0,2026-08-30T13:00:00Z,0,False,4,0,0,0,0,2,0,0,0,1,1,0.0,0,0,0,0,40,True,0,0,0,0,0,2
Gabriel dos Santos Magalhães,DEF,Arsenal,4.0,a,,,,29.4,9,2,0,0,23,1,3.2,4,0.02,0.15,0.13,0.33,20,0,0,2.7,18.2,2026-08-31T19:00:00Z,90,False,2,0,0,0,0,2,0,2878770,1,1,0,6.0,8,-65343,58765,124108,80,False,0,8,10,5,2,2
João Pedro Junqueira de Jesus,FWD,Chelsea,2.4,a,,,,65.4,2,2,1,2,44,0,22.5,165,0.04,1.27,1.23,1.41,16,3,1,12.1,52.8,2026-08-30T13:00:00Z,90,False,5,1,0,0,0,2,0,6802308,1,3,4,46.0,9,377023,405188,28165,76,True,0,0,3,2,1,2
Jack Harrison,MID,Leeds,0.0,u,Has joined New England Revolution permanently,0,0,0.0,609,268,0,0,0,0,0.0,342,0.00,0.00,0.00,0.00,17,0,0,0.0,0.0,2026-08-30T13:00:00Z,0,False,4,0,0,0,0,2,0,98,0,1,1,0.0,0,-36,0,36,50,True,0,0,0,0,0,2
Ben Johnson,DEF,Ipswich Town,1.0,a,,,,0.1,411,145,0,0,0,0,0.0,307,0.00,0.00,0.00,0.00,18,0,0,0.0,0.0,2026-08-30T15:30:00Z,0,False,16,0,0,0,0,2,0,10501,0,2,5,0.0,0,-595,427,1022,40,False,0,0,0,0,0,2
David Akintola,MID,Hull City,1.5,a,,,,0.0,503,210,0,0,0,0,0.0,296,0.00,0.00,0.00,0.00,13,0,0,0.0,0.0,2026-08-29T14:00:00Z,0,False,7,0,0,0,0,2,0,4113,0,1,0,0.0,0,-26,914,940,50,False,0,0,0,0,0,2
Carl Rushworth,GK,Coventry City,1.9,a,,,,1.2,182,27,0,0,10,0,0.0,110,0.00,0.00,0.00,0.72,13,1,0,1.1,10.6,2026-08-29T14:00:00Z,90,False,11,0,0,0,0,2,1,122624,1,1,0,0.0,2,7259,11931,4672,45,True,0,1,0,13,0,2
Samuel Iling-Junior,MID,Aston Villa,0.0,u,Has joined Bolton Wanderers on loan for the rest of the season,0,0,0.0,602,263,0,0,0,0,0.0,49,0.00,0.00,0.00,0.00,20,0,0,0.0,0.0,2026-08-31T19:00:00Z,0,False,1,0,0,0,0,2,0,271,0,1,0,0.0,0,-120,0,120,50,True,0,0,0,0,0,2
Pep Chavarría,DEF,Chelsea,2.2,a,,,,0.2,342,129,0,0,1,0,0.3,583,0.02,0.02,0.00,0.09,16,1,0,0.7,6.4,2026-08-30T13:00:00Z,18,False,5,0,0,0,0,2,0,19574,0,3,4,0.0,1,-1477,1081,2558,50,True,0,2,3,1,1,2
Miguel Brau,DEF,Coventry City,1.0,a,,,,0.0,502,174,0,0,0,0,0.0,181,0.00,0.00,0.00,0.00,13,0,0,0.0,0.0,2026-08-29T14:00:00Z,0,False,11,0,0,0,0,2,0,4079,0,1,0,0.0,0,-82,256,338,40,True,0,0,0,0,0,2
Aladji Bamba,MID,Newcastle,1.5,a,,,,0.1,390,151,0,0,0,0,0.0,559,0.00,0.00,0.00,0.00,15,0,0,0.0,0.0,2026-08-29T16:30:00Z,0,False,19,0,0,0,0,2,0,13188,0,2,0,0.0,0,-977,690,1667,50,False,0,0,0,0,0,2
Oliver Dovin,GK,Coventry City,1.0,a,,,,1.6,152,21,0,0,0,0,0.0,171,0.00,0.00,0.00,0.00,13,0,0,0.0,0.0,2026-08-29T14:00:00Z,0,False,11,0,0,0,0,2,0,152756,0,1,0,0.0,0,-3777,2634,6411,40,True,0,0,0,0,0,2
Mateo Kovačić,MID,Man City,2.0,a,,,,0.1,439,176,0,0,9,0,3.1,406,0.01,0.01,0.00,0.00,11,0,0,0.5,2.0,2026-08-28T19:00:00Z,15,False,8,0,0,0,0,2,0,8589,0,4,1,0.0,1,-460,829,1289,55,False,0,0,0,0,0,2
Tom King,GK,Everton,1.9,a,,,,0.0,500,53,0,0,0,0,0.0,228,0.00,0.00,0.00,0.00,12,0,0,0.0,0.0,2026-08-29T14:00:00Z,0,False,3,0,0,0,0,2,0,4235,0,1,1,0.0,0,-136,243,379,45,False,0,0,0,0,0,2
Harrison Reed,MID,Fulham,1.0,a,,,,1.5,159,45,0,0,0,0,0.0,270,0.00,0.00,0.00,0.00,19,0,0,0.0,0.0,2026-08-30T13:00:00Z,0,False,20,0,0,0,0,2,0,141446,0,0,1,0.0,0,-8921,5582,14503,45,False,0,0,0,0,0,2
Morgan Rogers,MID,Chelsea,2.6,a,,,,25.2,12,6,1,0,28,0,46.5,40,1.01,1.15,0.14,1.41,16,3,0,9.6,26.8,2026-08-30T13:00:00Z,90,False,5,0,0,0,0,2,0,2607781,1,3,4,23.0,5,180102,251851,71749,75,True,0,1,5,3,1,2
Marcus Tavernier,MID,Bournemouth,2.2,a,,,,2.0,124,37,0,0,20,0,38.3,68,0.21,0.30,0.09,1.84,12,1,0,6.4,15.0,2026-08-29T14:00:00Z,90,False,9,0,0,0,0,2,0,254437,1,1,1,11.0,1,74776,87207,12431,60,True,1,1,11,6,4,2
Ryan Sessegnon,DEF,Fulham,1.7,a,,,,0.4,267,101,0,0,3,0,11.0,269,0.12,0.14,0.02,1.77,19,1,0,2.8,8.6,2026-08-30T13:00:00Z,22,False,20,0,0,0,0,2,0,41879,0,0,1,8.0,1,-2055,959,3014,45,False,0,0,1,1,1,2
Senne Lammens,GK,Man Utd,2.6,a,,,,16.0,26,5,0,0,11,0,0.0,412,0.00,0.00,0.00,2.06,18,2,0,2.7,27.0,2026-08-30T15:30:00Z,90,False,12,0,0,0,0,2,3,1543070,1,2,5,0.0,2,-53896,34714,88610,50,True,0,1,0,6,0,2
Ayyoub Bouaddi,MID,Man City,0.0,,,,,,,,0,0,3,0,4.3,616,0.12,0.12,0.00,0.00,11,0,0,0.6,1.8,2026-08-28T19:00:00Z,8,False,8,0,0,0,0,2,0,4327,0,4,1,0.0,1,2706,3055,349,55,False,0,1,1,0,0,2
Ousmane Diomande,DEF,Nott'm Forest,2.5,a,,,,0.8,218,82,0,0,0,0,0.0,581,0.00,0.00,0.00,0.00,14,0,0,0.0,0.0,2026-08-29T11:30:00Z,0,False,14,0,0,0,0,2,0,71062,0,2,2,0.0,0,-8617,3484,12101,55,False,0,0,0,0,0,2
Chadi Riad Dnanou,DEF,Crystal Palace,1.7,d,Knee injury - 50% chance of playing,,50,0.1,469,165,0,0,0,0,0.0,206,0.00,0.00,0.00,0.00,11,0,0,0.0,0.0,2026-08-28T19:00:00Z,0,False,15,0,0,0,0,2,0,4410,0,4,1,0.0,0,-2523,320,2843,45,True,0,0,0,0,0,2
Sean Neave,FWD,Newcastle,1.0,a,,,,0.8,219,37,0,0,0,0,0.0,466,0.00,0.00,0.00,0.00,15,0,0,0.0,0.0,2026-08-29T16:30:00Z,0,False,19,0,0,0,0,2,0,75688,0,2,0,0.0,0,-1647,6478,8125,45,False,0,0,0,0,0,2
Trey Nyoni,MID,Liverpool,1.5,a,,,,0.0,506,212,0,0,3,0,2.2,375,0.00,0.00,0.00,0.07,14,0,0,0.9,6.4,2026-08-29T11:30:00Z,13,False,18,0,0,0,0,2,0,3607,0,2,2,0.0,1,-534,139,673,50,True,0,1,5,2,2,2
Melker Ellborg,GK,Sunderland,1.9,a,,,,0.1,427,47,0,0,0,0,0.0,531,0.00,0.00,0.00,0.00,19,0,0,0.0,0.0,2026-08-30T13:00:00Z,0,False,10,0,0,0,0,2,0,8877,0,0,1,0.0,0,-645,209,854,45,True,0,0,0,0,0,2
Marc Guiu Paz,FWD,Chelsea,1.4,a,,,,0.5,258,44,0,0,0,0,0.0,168,0.00,0.00,0.00,0.00,16,0,0,0.0,0.0,2026-08-30T13:00:00Z,0,False,5,0,0,0,0,2,0,43955,0,3,4,0.0,0,-3968,2178,6146,50,True,0,0,0,0,0,2
Harry Howell,MID,Brighton,0.0,u,Has joined Leicester City on loan for the rest of the season,0,0,0.1,470,191,0,0,0,0,0.0,132,0.00,0.00,0.00,0.00,16,0,0,0.0,0.0,2026-08-30T13:00:00Z,0,False,6,0,0,0,0,2,0,5161,0,3,4,0.0,0,-1532,0,1532,45,False,0,0,0,0,0,2
Lucas Bergvall,MID,Spurs,2.0,a,,,,0.2,335,118,0,0,0,0,0.0,520,0.00,0.00,0.00,0.00,15,0,0,0.0,0.0,2026-08-29T16:30:00Z,0,False,17,0,0,0,0,2,0,20234,0,2,0,0.0,0,-1564,635,2199,55,True,0,0,0,0,0,2
Ian Maatsen,DEF,Aston Villa,1.7,a,,,,0.8,216,80,0,0,-5,0,0.5,36,0.00,0.07,0.07,1.04,20,1,0,1.7,4.8,2026-08-31T19:00:00Z,90,False,1,0,0,0,0,2,0,72655,1,1,0,12.0,1,-6312,2546,8858,45,True,1,5,8,2,3,2
Ryan Gravenberch,MID,Liverpool,2.2,a,,,,2.0,125,38,0,0,7,0,12.1,371,0.01,0.01,0.00,0.07,14,0,0,1.7,4.4,2026-08-29T11:30:00Z,19,False,18,0,0,0,0,2,0,196536,0,2,2,0.0,1,-178,15005,15183,60,True,0,0,1,0,1,2
Xavi Simons,MID,Spurs,0.0,i,Knee injury - Unknown return date,0,0,0.0,565,237,0,0,0,0,0.0,513,0.00,0.00,0.00,0.00,15,0,0,0.0,0.0,2026-08-29T16:30:00Z,0,False,17,0,0,0,0,2,0,1453,0,2,0,0.0,0,-279,77,356,60,True,0,0,0,0,0,2
Kiernan Dewsbury-Hall,MID,Everton,2.3,a,,,,4.2,79,26,0,0,24,0,52.3,236,0.16,0.22,0.06,2.16,12,1,0,8.1,19.4,2026-08-29T14:00:00Z,90,False,3,0,0,0,0,2,0,473030,1,1,1,9.0,2,105696,132647,26951,65,False,0,0,10,7,3,2
Rayan Vitor Simplício Rocha,MID,Bournemouth,2.3,a,,,,2.8,106,35,0,0,4,0,3.5,67,0.02,0.42,0.40,1.84,12,1,0,5.6,8.6,2026-08-29T14:00:00Z,90,False,9,0,0,0,0,2,0,276541,1,1,1,44.0,2,1501,23680,22179,65,True,0,1,5,3,1,2
Riccardo Calafiori,DEF,Arsenal,2.5,a,,,,41.0,5,1,1,2,30,1,11.9,8,0.46,0.57,0.11,0.33,20,0,0,4.2,21.2,2026-08-31T19:00:00Z,90,False,2,0,0,0,0,2,0,4150694,1,1,0,9.0,11,268472,310105,41633,56,False,0,2,3,4,1,2
Daichi Kamada,MID,Crystal Palace,1.5,a,,,,0.3,306,104,0,0,21,0,2.8,214,0.02,0.07,0.05,2.21,11,4,0,2.7,17.6,2026-08-28T19:00:00Z,90,False,15,0,0,0,0,2,0,27191,1,4,1,7.0,2,-1150,1944,3094,50,True,0,1,9,2,6,2
Vitor de Oliveira Nunes dos Reis,DEF,Man City,1.7,a,,,,0.0,542,187,0,0,3,0,0.9,396,0.00,0.00,0.00,0.00,11,0,0,0.2,1.2,2026-08-28T19:00:00Z,1,False,8,0,0,0,0,2,0,2034,0,4,1,0.0,1,-138,102,240,45,False,0,0,0,0,0,2
Ibrahim Sangaré,MID,Nott'm Forest,1.5,a,,,,1.0,195,64,0,0,0,0,0.0,488,0.00,0.00,0.00,0.00,14,0,0,0.0,0.0,2026-08-29T11:30:00Z,0,False,14,0,0,0,0,2,0,88298,0,2,2,0.0,0,-15127,2850,17977,50,False,0,0,0,0,0,2
Malo Gusto,DEF,Chelsea,2.2,a,,,,1.2,179,70,0,0,-1,0,0.7,144,0.01,0.01,0.00,1.41,16,3,0,0.9,7.8,2026-08-30T13:00:00Z,90,False,5,0,0,0,0,2,0,122291,1,3,4,0.0,1,2378,13325,10947,50,True,0,4,5,3,1,2
Armin Pecsi,GK,Liverpool,0.0,u,Has joined TSV Hartberg on loan for the rest of the season,0,0,0.0,531,62,0,0,0,0,0.0,353,0.00,0.00,0.00,0.00,14,0,0,0.0,0.0,2026-08-29T11:30:00Z,0,False,18,0,0,0,0,2,0,2467,0,2,2,0.0,0,-448,0,448,40,True,0,0,0,0,0,2
Michael Svoboda,DEF,Brighton,2.2,a,,,,0.1,480,168,0,0,0,0,0.0,120,0.00,0.00,0.00,0.00,16,0,0,0.0,0.0,2026-08-30T13:00:00Z,0,False,6,0,0,0,0,2,0,5185,0,3,4,0.0,0,84,768,684,50,False,0,0,0,0,0,2
Iliman Ndiaye,MID,Everton,2.2,a,,,,16.1,25,8,0,0,16,0,14.5,237,0.07,0.09,0.02,2.16,12,1,0,3.7,12.6,2026-08-29T14:00:00Z,90,False,3,0,0,0,0,2,0,1595715,1,1,1,10.0,4,62668,122688,60020,60,False,0,5,13,7,1,2
Loum Tchaouna,MID,Coventry City,2.0,a,,,,0.2,383,146,0,0,7,0,18.5,190,0.13,0.18,0.05,0.02,13,0,0,3.1,7.0,2026-08-29T14:00:00Z,58,False,11,0,0,0,0,2,0,16325,1,1,0,5.0,1,1311,2762,1451,55,True,0,2,6,3,1,2
Gabriel Martinelli Silva,MID,Arsenal,2.3,a,,,,0.2,340,123,0,0,0,0,0.0,18,0.00,0.00,0.00,0.00,20,0,0,0.0,0.0,2026-08-31T19:00:00Z,0,False,2,0,0,0,0,2,0,19331,0,1,0,0.0,0,-5718,1318,7036,64,False,0,0,0,0,0,2
Michael Keane,DEF,Everton,2.2,a,,,,1.5,158,66,0,0,0,0,0.0,231,0.00,0.00,0.00,0.00,12,0,0,0.0,0.0,2026-08-29T14:00:00Z,0,False,3,0,0,0,0,2,0,136213,0,1,1,0.0,0,-21625,3260,24885,50,False,0,0,0,0,0,2
Joelinton Cássio Apolinário de Lira,MID,Newcastle,0.0,i,Unspecified injury - Unknown return date,0,0,0.0,522,216,0,0,0,0,0.0,458,0.00,0.00,0.00,0.00,15,0,0,0.0,0.0,2026-08-29T16:30:00Z,0,False,19,0,0,0,0,2,0,2722,0,2,0,0.0,0,-1020,48,1068,55,False,0,0,0,0,0,2
Dominic Solanke-Mitchell,FWD,Spurs,2.0,a,,,,1.4,168,25,0,0,6,0,0.3,526,0.00,0.20,0.20,0.00,15,0,0,1.0,3.2,2026-08-29T16:30:00Z,15,False,17,0,0,0,0,2,0,131276,0,2,0,6.0,1,-12606,8212,20818,60,True,0,0,0,0,0,2
Norman Bassette,FWD,Coventry City,0.0,u,Has joined KVC Westerlo on loan for the rest of the season,0,0,0.0,497,66,0,0,0,0,0.0,197,0.00,0.00,0.00,0.00,13,0,0,0.0,0.0,2026-08-29T14:00:00Z,0,False,11,0,0,0,0,2,0,3783,0,1,0,0.0,0,-788,0,788,45,True,0,0,0,0,0,2
Guglielmo Vicario,GK,Spurs,0.0,u,Has joined Juventus on loan for the rest of the season,0,0,0.3,303,37,0,0,0,0,0.0,494,0.00,0.00,0.00,0.00,15,0,0,0.0,0.0,2026-08-29T16:30:00Z,0,False,17,0,0,0,0,2,0,23872,0,2,0,0.0,0,-11437,0,11437,45,True,0,0,0,0,0,2
Michele Di Gregorio,GK,Bournemouth,0.0,,,,,,,,0,0,0,0,0.0,615,0.00,0.00,0.00,0.00,12,0,0,0.0,0.0,2026-08-29T14:00:00Z,0,False,9,0,0,0,0,2,0,593,0,1,1,0.0,0,214,241,27,45,True,0,0,0,0,0,2
Kaine Kesler-Hayden,DEF,Coventry City,1.0,a,,,,0.1,465,163,0,0,0,0,0.0,177,0.00,0.00,0.00,0.00,13,0,0,0.0,0.0,2026-08-29T14:00:00Z,0,False,11,0,0,0,0,2,0,5764,0,1,0,0.0,0,-582,168,750,40,True,0,0,0,0,0,2
Felipe Rodrigues da Silva,DEF,Nott'm Forest,2.2,a,,,,0.0,481,169,0,0,0,0,0.0,470,0.00,0.00,0.00,0.00,14,0,0,0.0,0.0,2026-08-29T11:30:00Z,0,False,14,0,0,0,0,2,0,4633,0,2,2,0.0,0,-437,230,667,50,False,0,0,0,0,0,2
Vitezslav Jaros,GK,Liverpool,0.0,i,Knee injury - Unknown return date,0,0,0.0,571,66,0,0,0,0,0.0,354,0.00,0.00,0.00,0.00,14,0,0,0.0,0.0,2026-08-29T11:30:00Z,0,False,18,0,0,0,0,2,0,1453,0,2,2,0.0,0,-16,163,179,40,True,0,0,0,0,0,2
Bernd Leno,GK,Fulham,1.9,a,,,,3.1,105,17,0,0,11,0,0.0,250,0.00,0.00,0.00,2.02,19,1,0,1.9,19.2,2026-08-30T13:00:00Z,90,False,20,0,0,0,0,2,3,300981,1,0,1,0.0,3,645,12174,11529,45,False,0,2,0,8,0,2
Jarrad Branthwaite,DEF,Everton,2.5,a,,,,1.8,133,55,0,0,6,0,1.5,230,0.01,0.10,0.09,2.16,12,1,0,5.7,22.6,2026-08-29T14:00:00Z,90,False,3,0,0,0,0,2,0,183710,1,1,1,33.0,4,10185,19103,8918,55,False,0,11,12,3,1,2
Dominik Szoboszlai,MID,Liverpool,2.5,a,,,,42.6,4,2,0,0,24,0,40.7,368,0.17,0.33,0.16,2.30,14,2,0,6.6,21.4,2026-08-29T11:30:00Z,90,False,18,0,0,0,0,2,0,4309636,1,2,2,4.0,4,177598,245003,67405,70,True,0,3,13,7,3,2
Julio Soler Barreto,DEF,Bournemouth,0.8,d,Hamstring injury - 75% chance of playing,75,75,0.2,350,132,0,0,0,0,0.0,66,0.00,0.00,0.00,0.00,12,0,0,0.0,0.0,2026-08-29T14:00:00Z,0,False,9,0,0,0,0,2,0,18565,0,1,1,0.0,0,-2011,416,2427,40,True,0,0,0,0,0,2
Lewis Hall,DEF,Newcastle,2.2,a,,,,3.9,83,32,0,3,52,1,27.3,449,0.31,0.34,0.03,1.12,15,0,0,7.0,39.0,2026-08-29T16:30:00Z,90,False,19,0,0,0,0,2,0,411061,1,2,0,4.0,11,33265,52701,19436,50,False,0,11,13,6,2,2
Brian Madjo,FWD,Aston Villa,0.0,i,Unspecified injury - Unknown return date,0,0,0.5,263,45,0,0,0,0,0.0,582,0.00,0.00,0.00,0.00,20,0,0,0.0,0.0,2026-08-31T19:00:00Z,0,False,1,0,0,0,0,2,0,40291,0,1,0,0.0,0,-7757,1166,8923,55,True,0,0,0,0,0,2
Valentín Barco,MID,Chelsea,2.0,a,,,,0.1,386,149,0,0,1,0,0.0,568,0.00,0.04,0.04,0.07,16,1,0,0.2,0.0,2026-08-30T13:00:00Z,8,False,5,0,0,0,0,2,0,13561,0,3,4,4.0,1,-1133,528,1661,55,True,0,1,1,0,0,2
Ethan Nwaneri,MID,Arsenal,2.0,a,,,,0.0,573,242,0,0,0,0,0.0,22,0.00,0.00,0.00,0.00,20,0,0,0.0,0.0,2026-08-31T19:00:00Z,0,False,2,0,0,0,0,2,0,1254,0,1,0,0.0,0,-248,76,324,55,False,0,0,0,0,0,2
Olivier Boscagli,DEF,Brighton,1.7,a,,,,0.3,319,120,0,0,-2,0,26.6,114,0.11,0.16,0.05,2.93,16,4,0,5.4,16.8,2026-08-30T13:00:00Z,90,False,6,0,0,0,0,2,0,26909,1,3,4,11.0,-1,2544,4103,1559,45,False,1,3,3,2,0,2
Brenden Aaronson,MID,Leeds,2.0,a,,,,0.9,202,68,0,0,6,0,0.6,337,0.01,0.01,0.00,0.55,17,1,0,0.3,2.2,2026-08-30T13:00:00Z,45,False,4,0,0,0,0,2,0,85405,1,1,1,0.0,1,-5840,2593,8433,55,True,0,1,3,1,1,2
Chris Rigg,MID,Sunderland,1.5,a,,,,0.1,456,185,0,0,3,0,0.0,548,0.00,0.00,0.00,0.34,19,0,0,0.0,0.0,2026-08-30T13:00:00Z,7,False,10,0,0,0,0,2,0,6409,0,0,1,0.0,1,-521,99,620,50,True,0,0,0,0,0,2
Sebastiaan Bornauw,DEF,Leeds,0.0,u,Has joined Hamburg SV on loan for the rest of the season,0,0,0.0,599,200,0,0,0,0,0.0,333,0.00,0.00,0.00,0.00,17,0,0,0.0,0.0,2026-08-30T13:00:00Z,0,False,4,0,0,0,0,2,0,335,0,1,1,0.0,0,-170,0,170,45,True,0,0,0,0,0,2
Jayden Lienou,DEF,Leeds,1.0,a,,,,0.1,460,161,0,0,0,0,0.0,603,0.00,0.00,0.00,0.00,17,0,0,0.0,0.0,2026-08-30T13:00:00Z,0,False,4,0,0,0,0,2,0,7187,0,1,1,0.0,0,1169,1488,319,40,True,0,0,0,0,0,2
Andrés García,DEF,Aston Villa,1.0,a,,,,1.7,139,58,0,0,0,0,0.0,38,0.00,0.00,0.00,0.00,20,0,0,0.0,0.0,2026-08-31T19:00:00Z,0,False,1,0,0,0,0,2,0,167046,0,1,0,0.0,0,-6584,7339,13923,40,True,0,0,0,0,0,2
Dango Ouattara,MID,Brentford,2.3,a,,,,1.2,181,60,0,0,16,0,15.5,95,0.08,0.10,0.02,1.36,17,1,0,3.3,15.4,2026-08-30T13:00:00Z,29,False,13,0,0,0,0,2,0,110686,0,1,1,2.0,1,-3604,7348,10952,65,False,0,3,7,3,1,2
Kevin Santos Lopes de Macedo,MID,Fulham,2.0,a,,,,0.1,473,193,0,0,2,0,1.5,263,0.04,0.04,0.00,0.17,19,0,0,0.1,0.0,2026-08-30T13:00:00Z,7,False,20,0,0,0,0,2,0,5495,0,0,1,0.0,1,-443,419,862,55,False,0,0,0,0,0,2
Tammy Abraham,FWD,Aston Villa,1.3,d,Knock - 75% chance of playing,75,75,0.1,405,60,0,0,3,0,1.3,56,0.00,0.00,0.00,0.02,20,0,0,0.1,0.0,2026-08-31T19:00:00Z,19,False,1,0,0,0,0,2,0,10592,0,1,0,0.0,1,-2086,597,2683,55,True,0,0,0,0,0,2
Romaine Mundle,MID,Sunderland,1.5,a,,,,0.0,589,251,0,0,2,0,0.1,547,0.00,0.17,0.17,0.09,19,0,0,2.5,8.0,2026-08-30T13:00:00Z,1,False,10,0,0,0,0,2,0,822,0,0,1,17.0,1,-110,40,150,50,True,0,1,1,0,0,2
James Trafford,GK,Leeds,2.6,a,,,,3.5,97,14,0,0,20,0,0.0,385,0.00,0.00,0.00,1.67,17,1,0,3.8,37.6,2026-08-30T13:00:00Z,90,False,4,0,0,0,0,2,4,437245,1,1,1,0.0,3,48690,63794,15104,50,True,0,0,0,11,0,2
Matthijs de Ligt,DEF,Man Utd,0.0,i,Back injury - Unknown return date,0,0,0.0,536,183,0,0,0,0,0.0,416,0.00,0.00,0.00,0.00,18,0,0,0.0,0.0,2026-08-30T15:30:00Z,0,False,12,0,0,0,0,2,0,2498,0,2,5,0.0,0,-381,117,498,50,True,0,0,0,0,0,2
Mark Gillespie,GK,Newcastle,1.9,a,,,,0.0,516,57,0,0,0,0,0.0,443,0.00,0.00,0.00,0.00,15,0,0,0.0,0.0,2026-08-29T16:30:00Z,0,False,19,0,0,0,0,2,0,3435,0,2,0,0.0,0,-69,162,231,45,False,0,0,0,0,0,2
Ryan Giles,DEF,Hull City,1.0,a,,,,0.9,207,75,0,0,21,1,15.0,282,0.07,0.07,0.00,1.29,13,0,0,2.7,9.6,2026-08-29T14:00:00Z,90,False,7,0,0,0,0,2,0,90479,1,1,0,2.0,6,8701,12892,4191,40,False,0,1,2,4,1,2
Jesurun Rak-Sakyi,MID,Crystal Palace,1.5,a,,,,0.0,593,255,0,0,0,0,0.0,219,0.00,0.00,0.00,0.00,11,0,0,0.0,0.0,2026-08-28T19:00:00Z,0,False,15,0,0,0,0,2,0,578,0,4,1,0.0,0,-51,39,90,50,True,0,0,0,0,0,2
Calvin Bassey,DEF,Fulham,1.7,a,,,,0.8,217,81,0,0,13,0,2.6,257,0.01,0.01,0.00,2.02,19,1,0,2.2,19.4,2026-08-30T13:00:00Z,90,False,20,0,0,0,0,2,0,75885,1,0,1,0.0,2,821,6863,6042,45,False,0,6,7,6,1,2
William Saliba,DEF,Arsenal,0.0,i,Back injury - Unknown return date,0,0,0.3,309,115,0,0,0,0,0.0,6,0.00,0.00,0.00,0.00,20,0,0,0.0,0.0,2026-08-31T19:00:00Z,0,False,2,0,0,0,0,2,0,25581,0,1,0,0.0,0,-5970,846,6816,60,False,0,0,0,0,0,2
Anis Mehmeti,MID,Ipswich Town,1.5,a,,,,0.1,479,195,0,0,0,0,0.0,324,0.00,0.00,0.00,0.00,18,0,0,0.0,0.0,2026-08-30T15:30:00Z,0,False,16,0,0,0,0,2,0,4692,0,2,5,0.0,0,-639,47,686,50,False,0,0,0,0,0,2
Sean Steur,MID,Newcastle,1.5,a,,,,0.1,415,161,0,0,4,0,0.0,462,0.00,0.00,0.00,0.38,15,0,0,0.5,5.0,2026-08-29T16:30:00Z,19,False,19,0,0,0,0,2,0,10539,0,2,0,0.0,1,-238,762,1000,50,False,0,3,3,0,0,2
Virgil van Dijk,DEF,Liverpool,3.1,a,,,,19.6,17,5,0,0,5,0,4.3,356,0.03,0.03,0.00,2.30,14,2,0,3.1,24.6,2026-08-29T11:30:00Z,90,False,18,0,0,0,0,2,0,1939518,1,2,2,2.0,1,-4506,74614,79120,65,True,0,7,7,5,0,2
Tijjani Reijnders,MID,Man City,0.0,u,Has joined Al Qadsiah permanently,0,0,0.1,444,177,0,0,0,0,0.0,404,0.00,0.00,0.00,0.00,11,0,0,0.0,0.0,2026-08-28T19:00:00Z,0,False,8,0,0,0,0,2,0,5966,0,4,1,0.0,0,-5624,0,5624,60,False,0,0,0,0,0,2
Sidiki Cherif,FWD,Coventry City,1.4,a,,,,0.1,426,62,0,0,0,0,0.0,599,0.00,0.00,0.00,0.00,13,0,0,0.0,0.0,2026-08-29T14:00:00Z,0,False,11,0,0,0,0,2,0,9736,0,1,0,0.0,0,330,1724,1394,50,True,0,0,0,0,0,2
Alisson Becker,GK,Liverpool,3.3,a,,,,3.7,87,13,0,0,-5,0,0.0,350,0.00,0.00,0.00,2.30,14,2,0,0.8,7.6,2026-08-29T11:30:00Z,90,False,18,0,0,0,0,2,1,377543,1,2,2,0.0,0,4084,25307,21223,55,True,1,2,0,4,0,2
Jack Butland,GK,Hull City,0.0,i,Arm injury - Unknown return date,0,0,0.1,420,46,0,0,0,0,0.0,274,0.00,0.00,0.00,0.00,13,0,0,0.0,0.0,2026-08-29T14:00:00Z,0,False,7,0,0,0,0,2,0,9646,0,1,0,0.0,0,-1614,124,1738,45,False,0,0,0,0,0,2
Adam Aznou,DEF,Everton,1.0,a,,,,0.2,355,134,0,0,0,0,0.0,235,0.00,0.00,0.00,0.00,12,0,0,0.0,0.0,2026-08-29T14:00:00Z,0,False,3,0,0,0,0,2,0,18113,0,1,1,0.0,0,-679,1009,1688,40,False,0,0,0,0,0,2
Lisandro Martínez,DEF,Man Utd,2.2,a,,100,100,1.4,169,69,0,0,2,0,1.8,419,0.06,0.09,0.03,2.06,18,2,0,1.0,4.8,2026-08-30T15:30:00Z,90,False,12,0,0,0,0,2,0,127444,1,2,5,3.0,1,-12800,6775,19575,50,True,0,0,0,6,0,2
Alex Tóth,MID,Bournemouth,1.5,a,,,,0.0,561,234,0,0,0,0,0.0,76,0.00,0.00,0.00,0.00,12,0,0,0.0,0.0,2026-08-29T14:00:00Z,0,False,9,0,0,0,0,2,0,1576,0,1,1,0.0,0,-46,100,146,50,True,0,0,0,0,0,2
Nicolò Savona,DEF,Nott'm Forest,0.0,i,Knee injury - Unknown return date,0,0,0.0,603,201,0,0,0,0,0.0,475,0.00,0.00,0.00,0.00,14,0,0,0.0,0.0,2026-08-29T11:30:00Z,0,False,14,0,0,0,0,2,0,304,0,2,2,0.0,0,65,113,48,45,False,0,0,0,0,0,2
Jacob Ramsey,MID,Newcastle,1.5,a,,,,0.4,277,91,0,0,3,0,4.2,456,0.13,0.13,0.00,0.38,15,0,0,0.4,0.2,2026-08-29T16:30:00Z,8,False,19,0,0,0,0,2,0,34073,0,2,0,0.0,1,-3238,1442,4680,50,False,0,0,1,1,0,2
Kasey McAteer,MID,Ipswich Town,1.0,a,,,,1.4,165,49,0,0,3,0,0.0,323,0.00,0.00,0.00,0.18,18,0,0,0.0,0.2,2026-08-30T15:30:00Z,7,False,16,0,0,0,0,2,0,133761,0,2,5,0.0,1,-5950,5615,11565,45,False,0,0,1,1,0,2
Nehemiah Oriola,MID,Brighton,1.0,a,,,,0.3,304,103,0,0,0,0,0.0,134,0.00,0.00,0.00,0.00,16,0,0,0.0,0.0,2026-08-30T13:00:00Z,0,False,6,0,0,0,0,2,0,27277,0,3,4,0.0,0,-1072,1708,2780,45,False,0,0,0,0,0,2
Malick Thiaw,DEF,Newcastle,2.2,a,,,,1.7,141,59,0,0,25,1,1.5,445,0.02,0.02,0.00,1.12,15,0,0,0.8,6.8,2026-08-29T16:30:00Z,90,False,19,0,0,0,0,2,0,175248,1,2,0,0.0,6,8900,19798,10898,50,False,0,3,3,1,0,2
António João Pereira de Albuquerque Tavares da Silva,DEF,Bournemouth,2.2,a,,,,0.3,291,108,0,0,11,0,1.8,566,0.03,0.28,0.25,1.84,12,1,0,3.3,18.6,2026-08-29T14:00:00Z,90,False,9,0,0,0,0,2,0,36812,1,1,1,13.0,4,5175,7365,2190,50,True,0,8,10,4,2,2
Aaron Hickey,DEF,Brentford,1.7,a,,,,0.1,450,159,0,0,6,0,4.1,90,0.02,0.02,0.00,0.00,17,0,0,0.8,4.0,2026-08-30T13:00:00Z,2,False,13,0,0,0,0,2,0,7643,0,1,1,0.0,1,83,623,540,45,False,0,0,1,0,1,2
Reinildo Mandava,DEF,Sunderland,1.7,a,,,,0.5,260,98,0,0,26,1,6.0,536,0.01,0.01,0.00,0.95,19,0,0,2.4,16.4,2026-08-30T13:00:00Z,90,False,10,0,0,0,0,2,0,44204,1,0,1,2.0,6,-2603,975,3578,45,True,0,6,7,3,1,2
Georginio Rutter,FWD,Brighton,1.8,a,,,,1.0,194,30,0,0,0,0,0.0,125,0.00,0.00,0.00,0.00,16,0,0,0.0,0.0,2026-08-30T13:00:00Z,0,False,6,0,0,0,0,2,0,98683,0,3,4,0.0,0,8880,23887,15007,55,False,0,0,0,0,0,2
Ewen Jaouen,GK,Newcastle,1.9,a,,,,0.0,528,60,0,0,0,0,0.0,444,0.00,0.00,0.00,0.00,15,0,0,0.0,0.0,2026-08-29T16:30:00Z,0,False,19,0,0,0,0,2,0,2775,0,2,0,0.0,0,-224,124,348,45,False,0,0,0,0,0,2
Noussair Mazraoui,DEF,Man Utd,1.7,a,,,,0.7,228,86,0,0,-1,0,1.3,422,0.00,0.00,0.00,1.00,18,1,0,0.3,1.4,2026-08-30T15:30:00Z,17,False,12,0,0,0,0,2,0,70057,0,2,5,0.0,1,-238,5854,6092,45,True,0,0,0,0,0,2
Tyler Adams,MID,Bournemouth,1.1,a,,75,100,0.2,337,120,0,0,4,0,1.3,73,0.00,0.00,0.00,0.16,12,1,0,0.3,1.6,2026-08-29T14:00:00Z,21,False,9,0,0,0,0,2,0,22708,0,1,1,0.0,1,177,3032,2855,50,True,0,0,3,3,0,2
Pascal Struijk,DEF,Brighton,2.2,a,,100,100,0.2,322,122,0,0,0,0,0.0,328,0.00,0.00,0.00,0.00,16,0,0,0.0,0.0,2026-08-30T13:00:00Z,0,False,6,0,0,0,0,2,0,22519,0,3,4,0.0,0,-1138,1416,2554,50,False,0,0,0,0,0,2
James Justin,DEF,Leeds,1.7,a,,,,0.8,213,79,0,0,12,0,11.8,332,0.01,0.04,0.03,1.67,17,1,0,4.5,24.6,2026-08-30T13:00:00Z,90,False,4,0,0,0,0,2,0,121554,1,1,1,9.0,2,34143,43534,9391,45,True,0,6,8,3,2,2
Wellity Lucky,DEF,Liverpool,1.0,a,,,,0.1,403,143,0,0,0,0,0.0,361,0.00,0.00,0.00,0.00,14,0,0,0.0,0.0,2026-08-29T11:30:00Z,0,False,18,0,0,0,0,2,0,11947,0,2,2,0.0,0,-529,608,1137,40,True,0,0,0,0,0,2
Will Hughes,MID,Crystal Palace,1.0,a,,,,11.4,35,12,0,0,0,0,0.0,212,0.00,0.00,0.00,0.00,11,0,0,0.0,0.0,2026-08-28T19:00:00Z,0,False,15,0,0,0,0,2,0,1064673,0,4,1,0.0,0,-69998,20182,90180,45,True,0,0,0,0,0,2
Alfie Cresswell,MID,Leeds,1.0,a,,,,0.0,483,197,0,0,0,0,0.0,604,0.00,0.00,0.00,0.00,17,0,0,0.0,0.0,2026-08-30T13:00:00Z,0,False,4,0,0,0,0,2,0,7215,0,1,1,0.0,0,2319,3029,710,45,True,0,0,0,0,0,2
Rayan Cherki,MID,Man City,2.6,a,,,,9.5,43,17,0,3,60,0,47.8,399,0.55,0.90,0.35,0.66,11,1,2,17.2,74.8,2026-08-28T19:00:00Z,81,False,8,0,0,0,0,2,0,1073154,1,4,1,49.0,14,161916,203318,41402,75,False,1,0,3,3,0,2
Sepp van den Berg,DEF,Brentford,0.0,i,Groin injury - Unknown return date,0,0,0.1,401,141,0,0,0,0,0.0,85,0.00,0.00,0.00,0.00,17,0,0,0.0,0.0,2026-08-30T13:00:00Z,0,False,13,0,0,0,0,2,0,10710,0,1,1,0.0,0,-3978,145,4123,50,False,0,0,0,0,0,2
Tyler Bindon,DEF,Nott'm Forest,1.0,a,,,,0.2,353,133,0,0,0,0,0.0,479,0.00,0.00,0.00,0.00,14,0,0,0.0,0.0,2026-08-29T11:30:00Z,0,False,14,0,0,0,0,2,0,18138,0,2,2,0.0,0,-1052,365,1417,40,False,0,0,0,0,0,2
Ethan Ampadu,MID,Leeds,2.0,a,,,,1.4,167,51,0,0,12,0,16.6,338,0.09,0.10,0.01,1.67,17,1,0,3.7,19.6,2026-08-30T13:00:00Z,90,False,4,0,0,0,0,2,0,133624,1,1,1,1.0,2,-4850,4591,9441,55,True,0,5,10,3,2,2
Chemsdine Talbi,MID,Sunderland,2.0,a,,,,0.2,329,116,0,0,0,0,0.0,549,0.00,0.00,0.00,0.00,19,0,0,0.0,0.0,2026-08-30T13:00:00Z,0,False,10,0,0,0,0,2,0,20684,0,0,1,0.0,0,-2560,284,2844,55,True,0,0,0,0,0,2
Azor Matusiwa,MID,Ipswich Town,0.0,i,Muscular injury - Unknown return date,0,0,0.0,600,261,0,0,0,0,0.0,310,0.00,0.00,0.00,0.00,18,0,0,0.0,0.0,2026-08-30T15:30:00Z,0,False,16,0,0,0,0,2,0,328,0,2,5,0.0,0,-104,8,112,50,False,0,0,0,0,0,2
Jahnoah Markelo,FWD,Coventry City,0.0,u,Has joined Shabab Al-Ahli Dubai permanently,0,0,0.0,567,71,0,0,0,0,0.0,196,0.00,0.00,0.00,0.00,13,0,0,0.0,0.0,2026-08-29T14:00:00Z,0,False,11,0,0,0,0,2,0,1206,0,1,0,0.0,0,-590,0,590,50,True,0,0,0,0,0,2
Tyler Dibling,MID,Everton,2.0,a,,,,0.0,508,214,0,0,0,0,0.0,245,0.00,0.00,0.00,0.00,12,0,0,0.0,0.0,2026-08-29T14:00:00Z,0,False,3,0,0,0,0,2,0,3529,0,1,1,0.0,0,-550,201,751,55,False,0,0,0,0,0,2
Alex Palmer,GK,Ipswich Town,1.0,a,,,,4.6,72,9,0,0,0,0,0.0,301,0.00,0.00,0.00,0.00,18,0,0,0.0,0.0,2026-08-30T15:30:00Z,0,False,16,0,0,0,0,2,0,442454,0,2,5,0.0,0,-9662,7686,17348,40,False,0,0,0,0,0,2
Tanaka Ao,MID,Leeds,1.5,a,,,,0.2,325,113,0,0,6,0,1.8,345,0.01,0.01,0.00,1.13,17,0,0,2.2,20.0,2026-08-30T13:00:00Z,45,False,4,0,0,0,0,2,0,21386,0,1,1,0.0,1,-3334,899,4233,50,True,0,5,11,3,3,2
Caoimhín Kelleher,GK,Brentford,2.6,a,,,,6.2,59,8,0,0,7,0,0.0,82,0.00,0.00,0.00,1.46,17,1,0,0.9,9.4,2026-08-30T13:00:00Z,90,False,13,0,0,0,0,2,1,649790,1,1,1,0.0,2,54510,74434,19924,50,False,0,2,0,4,0,2
Victor Lindelöf,DEF,Aston Villa,1.7,a,,,,0.3,301,113,0,0,10,0,1.2,37,0.08,0.08,0.00,1.04,20,1,0,1.6,15.0,2026-08-31T19:00:00Z,90,False,1,0,0,0,0,2,0,27172,1,1,0,0.0,2,-2236,1775,4011,45,True,0,6,7,1,1,2
Ben Wilson,GK,Coventry City,1.9,a,,,,0.5,255,35,0,0,0,0,0.0,172,0.00,0.00,0.00,0.00,13,0,0,0.0,0.0,2026-08-29T14:00:00Z,0,False,11,0,0,0,0,2,0,45549,0,1,0,0.0,0,-3213,227,3440,45,True,0,0,0,0,0,2
Brennan Johnson,MID,Everton,2.2,a,,,,0.2,372,141,0,0,1,0,0.0,209,0.00,0.00,0.00,1.58,12,0,0,0.1,1.2,2026-08-29T14:00:00Z,28,False,3,0,0,0,0,2,0,15402,0,1,1,0.0,1,-1848,732,2580,60,False,0,0,2,1,1,2
Jamie Bynoe-Gittens,MID,Chelsea,2.2,a,,,,0.0,510,215,0,0,0,0,0.0,158,0.00,0.00,0.00,0.00,16,0,0,0.0,0.0,2026-08-30T13:00:00Z,0,False,5,0,0,0,0,2,0,3391,0,3,4,0.0,0,-502,271,773,60,True,0,0,0,0,0,2
Toby Collyer,MID,Man Utd,1.5,a,,,,0.0,558,231,0,0,0,0,0.0,436,0.00,0.00,0.00,0.00,18,0,0,0.0,0.0,2026-08-30T15:30:00Z,0,False,12,0,0,0,0,2,0,1667,0,2,5,0.0,0,-174,60,234,50,True,0,0,0,0,0,2
Đorđe Petrović,GK,Bournemouth,1.9,a,,,,3.3,101,15,0,0,20,0,0.0,57,0.00,0.00,0.00,1.84,12,1,0,3.4,33.8,2026-08-29T14:00:00Z,90,False,9,0,0,0,0,2,5,332768,1,1,1,0.0,3,11325,25378,14053,45,True,0,3,0,8,0,2
Christian Walton,GK,Ipswich Town,1.9,a,,,,0.5,251,34,0,0,0,0,0.0,300,0.00,0.00,0.00,0.00,18,0,0,0.0,0.0,2026-08-30T15:30:00Z,0,False,16,0,0,0,0,2,0,48759,0,2,5,0.0,0,-4363,209,4572,45,False,0,0,0,0,0,2
Promise David,FWD,Brighton,2.0,a,,,,0.3,310,52,0,0,3,0,3.7,594,0.00,0.00,0.00,0.04,16,0,0,0.4,0.0,2026-08-30T13:00:00Z,10,False,6,0,0,0,0,2,0,25435,0,3,4,0.0,1,-1622,2519,4141,60,False,0,0,0,0,0,2
Piero Hincapié,DEF,Arsenal,2.5,a,,,,1.6,147,62,0,0,0,0,0.0,9,0.00,0.00,0.00,0.00,20,0,0,0.0,0.0,2026-08-31T19:00:00Z,0,False,2,0,0,0,0,2,0,145234,0,1,0,0.0,0,-37136,3910,41046,54,False,0,0,0,0,0,2
Marcos Senesi Barón,DEF,Spurs,2.8,a,,,,8.0,52,20,0,0,0,0,0.0,498,0.00,0.00,0.00,0.00,15,0,0,0.0,0.0,2026-08-29T16:30:00Z,0,False,17,0,0,0,0,2,0,746751,0,2,0,0.0,0,-48293,15942,64235,60,True,0,0,0,0,0,2
Hidemasa Morita,MID,Hull City,0.8,d,Calf injury - 50% chance of playing,50,50,0.0,541,224,0,0,6,0,13.4,563,0.00,0.00,0.00,1.09,13,0,0,2.4,11.0,2026-08-29T14:00:00Z,45,False,7,0,0,0,0,2,0,2129,1,1,0,0.0,1,-210,118,328,50,False,0,2,3,1,0,2
Oli McBurnie,FWD,Hull City,1.8,a,,,,1.8,137,20,0,0,7,1,13.3,295,0.01,0.01,0.00,1.29,13,0,0,2.2,0.8,2026-08-29T14:00:00Z,90,False,7,0,0,0,0,2,0,219548,1,1,0,8.0,1,66700,82641,15941,55,False,1,0,4,4,0,2
Kayne van Oevelen,GK,Ipswich Town,1.9,a,,,,0.0,511,54,0,0,0,0,0.0,554,0.00,0.00,0.00,0.00,18,0,0,0.0,0.0,2026-08-30T15:30:00Z,0,False,16,0,0,0,0,2,0,3085,0,2,5,0.0,0,-583,54,637,45,False,0,0,0,0,0,2
Remi Matthews,GK,Crystal Palace,1.0,a,,,,1.8,132,20,0,0,0,0,0.0,555,0.00,0.00,0.00,0.00,11,0,0,0.0,0.0,2026-08-28T19:00:00Z,0,False,15,0,0,0,0,2,0,183203,0,4,1,0.0,0,-290,5945,6235,40,True,0,0,0,0,0,2
Julio Enciso,MID,Ipswich Town,2.0,d,Muscular injury - 75% chance of playing,,75,0.4,281,92,1,0,25,0,12.4,591,0.31,0.71,0.40,4.77,18,5,0,5.5,21.8,2026-08-30T15:30:00Z,90,False,16,0,0,0,0,2,0,48266,1,2,5,21.0,5,13215,17669,4454,55,False,0,0,8,7,1,2
Chiedozie Ogbene,MID,Ipswich Town,1.5,a,,,,0.0,560,233,0,0,0,0,0.0,314,0.00,0.00,0.00,0.00,18,0,0,0.0,0.0,2026-08-30T15:30:00Z,0,False,16,0,0,0,0,2,0,1468,0,2,5,0.0,0,-206,37,243,50,False,0,0,0,0,0,2
Sandro Tonali,MID,Spurs,2.0,a,,,,4.0,82,27,0,0,16,0,26.3,455,0.02,0.07,0.05,0.72,15,2,0,3.5,5.0,2026-08-29T16:30:00Z,74,False,17,0,0,0,0,2,0,369291,1,2,0,4.0,2,-38097,14119,52216,55,True,0,1,4,3,0,2
João Victor de Souza Menezes,DEF,Spurs,1.0,a,,,,0.3,297,111,0,0,0,0,0.0,511,0.00,0.00,0.00,0.00,15,0,0,0.0,0.0,2026-08-29T16:30:00Z,0,False,17,0,0,0,0,2,0,29162,0,2,0,0.0,0,-1501,1193,2694,40,True,0,0,0,0,0,2
Eliot Matazo,MID,Hull City,0.0,i,Knee injury - Unknown return date,0,0,0.0,591,253,0,0,0,0,0.0,291,0.00,0.00,0.00,0.00,13,0,0,0.0,0.0,2026-08-29T14:00:00Z,0,False,7,0,0,0,0,2,0,625,0,1,0,0.0,0,-32,64,96,45,False,0,0,0,0,0,2
Raphael Borges Rodrigues,MID,Coventry City,1.0,a,,,,0.2,364,134,0,0,0,0,0.0,191,0.00,0.00,0.00,0.00,13,0,0,0.0,0.0,2026-08-29T14:00:00Z,0,False,11,0,0,0,0,2,0,16655,0,1,0,0.0,0,-1193,680,1873,45,True,0,0,0,0,0,2
Mathias Jensen,MID,Brentford,2.0,a,,,,0.2,336,119,0,0,0,0,0.0,97,0.00,0.00,0.00,0.00,17,0,0,0.0,0.0,2026-08-30T13:00:00Z,0,False,13,0,0,0,0,2,0,22961,0,1,1,0.0,0,2521,3858,1337,55,False,0,0,0,0,0,2
Harry Wilson,MID,Leeds,2.3,a,,,,6.0,60,20,0,0,7,0,12.1,260,0.04,0.05,0.01,1.13,17,0,0,2.7,8.4,2026-08-30T13:00:00Z,45,False,4,0,0,0,0,2,0,557212,0,1,1,6.0,1,-42839,14929,57768,65,True,0,2,6,3,1,2
Alex Scott,MID,Bournemouth,2.2,a,,,,1.5,162,47,0,3,39,1,32.1,69,0.27,0.53,0.26,1.71,12,0,1,10.1,47.6,2026-08-29T14:00:00Z,86,False,9,0,0,0,0,2,0,145926,1,1,1,21.0,12,-4366,8520,12886,60,True,1,3,15,9,3,2
Wilson Odobert,MID,Spurs,0.0,i,Knee injury - Unknown return date,0,0,0.0,608,267,0,0,0,0,0.0,517,0.00,0.00,0.00,0.00,15,0,0,0.0,0.0,2026-08-29T16:30:00Z,0,False,17,0,0,0,0,2,0,121,0,2,0,0.0,0,-3,16,19,55,True,0,0,0,0,0,2
Jack Taylor,MID,Ipswich Town,0.0,i,Knee injury - Unknown return date,0,0,0.0,494,206,0,0,0,0,0.0,312,0.00,0.00,0.00,0.00,18,0,0,0.0,0.0,2026-08-30T15:30:00Z,0,False,16,0,0,0,0,2,0,3887,0,2,5,0.0,0,-772,111,883,45,False,0,0,0,0,0,2
Giovanni Leoni,DEF,Liverpool,0.0,i,Knee injury - Unknown return date,0,0,0.0,496,172,0,0,0,0,0.0,363,0.00,0.00,0.00,0.00,14,0,0,0.0,0.0,2026-08-29T11:30:00Z,0,False,18,0,0,0,0,2,0,4039,0,2,2,0.0,0,-337,182,519,40,True,0,0,0,0,0,2
Kepa Arrizabalaga Revuelta,GK,Arsenal,2.6,a,,,,0.1,441,49,0,0,0,0,0.0,2,0.00,0.00,0.00,0.00,20,0,0,0.0,0.0,2026-08-31T19:00:00Z,0,False,2,0,0,0,0,2,0,7844,0,1,0,0.0,0,-1067,322,1389,50,False,0,0,0,0,0,2
Dean Henderson,GK,Crystal Palace,2.0,a,,75,100,1.9,130,19,0,0,4,0,0.0,198,0.00,0.00,0.00,2.21,11,4,0,3.0,30.2,2026-08-28T19:00:00Z,90,False,15,0,0,0,0,2,4,182716,1,4,1,0.0,1,-7870,5904,13774,50,True,0,2,0,11,0,2
Ryan Christie,MID,Bournemouth,0.0,a,,0,100,0.0,566,238,0,0,5,0,0.3,75,0.00,0.00,0.00,0.13,12,1,0,0.3,2.8,2026-08-29T14:00:00Z,3,False,9,0,0,0,0,2,0,1962,0,1,1,0.0,1,364,560,196,50,True,0,0,2,1,1,2
Lukás Hornícek,GK,Newcastle,2.6,a,,,,0.7,222,31,0,0,32,1,0.0,567,0.00,0.00,0.00,1.12,15,0,0,3.5,34.6,2026-08-29T16:30:00Z,90,False,19,0,0,0,0,2,4,70807,1,2,0,0.0,7,1279,5537,4258,50,False,0,2,0,4,0,2
Kalvin Phillips,MID,Man City,0.0,u,Has joined Sheffield United on loan for the rest of the season,0,0,0.0,587,250,0,0,0,0,0.0,408,0.00,0.00,0.00,0.00,11,0,0,0.0,0.0,2026-08-28T19:00:00Z,0,False,8,0,0,0,0,2,0,762,0,4,1,0.0,0,-305,0,305,50,False,0,0,0,0,0,2
Alex Murphy,DEF,Newcastle,0.0,u,Has joined FC Kaiserslautern on loan for the rest of the season,0,0,0.1,413,147,0,0,0,0,0.0,451,0.00,0.00,0.00,0.00,15,0,0,0.0,0.0,2026-08-29T16:30:00Z,0,False,19,0,0,0,0,2,0,9468,0,2,0,0.0,0,-3276,0,3276,40,False,0,0,0,0,0,2
Reiss Nelson,MID,Arsenal,2.0,a,,,,0.0,583,248,0,0,0,0,0.0,24,0.00,0.00,0.00,0.00,20,0,0,0.0,0.0,2026-08-31T19:00:00Z,0,False,2,0,0,0,0,2,0,966,0,1,0,0.0,0,-108,64,172,55,False,0,0,0,0,0,2
Facundo Buonanotte,MID,Brighton,0.0,u,Has joined Elche on loan for the rest of the season,0,0,0.0,597,259,0,0,0,0,0.0,128,0.00,0.00,0.00,0.00,16,0,0,0.0,0.0,2026-08-30T13:00:00Z,0,False,6,0,0,0,0,2,0,346,0,3,4,0.0,0,-173,0,173,50,False,0,0,0,0,0,2
Ronald Araujo,DEF,Liverpool,2.5,a,,,,2.7,108,43,0,0,-1,0,2.3,579,0.01,0.01,0.00,0.07,14,0,0,0.8,5.8,2026-08-29T11:30:00Z,13,False,18,0,0,0,0,2,0,267054,0,2,2,0.0,0,-9867,23907,33774,55,True,1,1,1,2,0,2
George Shepherd,MID,Coventry City,1.0,a,,,,0.3,296,99,0,0,0,0,0.0,189,0.00,0.00,0.00,0.00,13,0,0,0.0,0.0,2026-08-29T14:00:00Z,0,False,11,0,0,0,0,2,0,28459,0,1,0,0.0,0,-2158,1013,3171,45,True,0,0,0,0,0,2
Harrison Armstrong,MID,Everton,1.5,a,,,,0.2,376,143,0,0,12,0,12.3,244,0.03,0.03,0.00,2.16,12,1,0,2.4,11.2,2026-08-29T14:00:00Z,86,False,3,0,0,0,0,2,0,24656,1,1,1,0.0,2,10319,12786,2467,50,False,0,3,9,3,3,2
Kevin Danso,DEF,Spurs,2.2,a,,,,0.2,356,135,0,0,0,0,0.0,501,0.00,0.00,0.00,0.00,15,0,0,0.0,0.0,2026-08-29T16:30:00Z,0,False,17,0,0,0,0,2,0,17484,0,2,0,0.0,0,-1412,1020,2432,50,True,0,0,0,0,0,2
Elliot Stroud,MID,Hull City,1.5,a,,,,0.1,431,170,0,0,-2,0,4.3,576,0.01,0.02,0.01,1.09,13,0,0,0.9,0.0,2026-08-29T14:00:00Z,58,False,7,0,0,0,0,2,0,9465,1,1,0,7.0,0,833,1430,597,50,False,1,2,7,5,0,2
Mikkel Damsgaard,MID,Brentford,2.0,a,,,,0.6,247,82,0,0,20,1,32.4,96,0.13,0.16,0.03,0.13,17,0,0,7.4,16.6,2026-08-30T13:00:00Z,68,False,13,0,0,0,0,2,0,52568,1,1,1,25.0,3,-5226,2318,7544,55,False,0,2,9,5,2,2
Darko Gyabi,MID,Hull City,0.0,i,Thigh injury - Unknown return date,0,0,0.0,533,221,0,0,0,0,0.0,297,0.00,0.00,0.00,0.00,13,0,0,0.0,0.0,2026-08-29T14:00:00Z,0,False,7,0,0,0,0,2,0,2377,0,1,0,0.0,0,-462,64,526,45,False,0,0,0,0,0,2
Bart Verbruggen,GK,Brighton,1.9,a,,,,21.7,14,3,0,0,-1,0,0.0,109,0.00,0.00,0.00,2.93,16,4,0,1.0,10.2,2026-08-30T13:00:00Z,90,False,6,0,0,0,0,2,1,2133814,1,3,4,0.0,0,39276,84756,45480,45,False,0,0,0,14,0,2
Yankuba Minteh,MID,Brighton,0.0,i,Leg injury - Expected back 28 Nov,0,0,0.1,447,179,0,0,0,0,0.0,122,0.00,0.00,0.00,0.00,16,0,0,0.0,0.0,2026-08-30T13:00:00Z,0,False,6,0,0,0,0,2,0,6199,0,3,4,0.0,0,-3381,140,3521,60,False,0,0,0,0,0,2
Adam Wharton,MID,Crystal Palace,2.0,a,,100,100,0.9,204,69,0,0,21,0,24.7,210,0.07,0.07,0.00,2.21,11,4,0,4.1,16.2,2026-08-28T19:00:00Z,90,False,15,0,0,0,0,2,0,88998,1,4,1,0.0,2,-1090,6710,7800,55,True,0,0,7,3,4,2
Kostas Tsimikas,DEF,Liverpool,2.2,a,,,,0.1,448,158,0,0,4,0,1.3,364,0.01,0.05,0.04,0.07,14,0,0,1.4,3.6,2026-08-29T11:30:00Z,19,False,18,0,0,0,0,2,0,7352,0,2,2,9.0,1,-643,339,982,50,True,0,0,0,0,0,2
Cheick Doucouré,MID,Crystal Palace,1.5,a,,,,0.1,459,187,0,0,0,0,0.0,218,0.00,0.00,0.00,0.00,11,0,0,0.0,0.0,2026-08-28T19:00:00Z,0,False,15,0,0,0,0,2,0,6115,0,4,1,0.0,0,-811,248,1059,50,True,0,0,0,0,0,2
Fábio Freitas Gouveia Carvalho,MID,Brentford,1.1,d,Lack of match fitness - 75% chance of playing,75,75,0.0,570,240,0,0,0,0,0.0,100,0.00,0.00,0.00,0.00,17,0,0,0.0,0.0,2026-08-30T13:00:00Z,0,False,13,0,0,0,0,2,0,1624,0,1,1,0.0,0,-91,155,246,50,False,0,0,0,0,0,2
Bruno Guimarães Rodriguez Moura,MID,Arsenal,1.8,d,Thigh injury - 75% chance of playing,75,75,3.4,100,33,0,0,4,0,0.8,452,0.01,0.01,0.00,0.00,20,0,0,0.4,1.4,2026-08-31T19:00:00Z,19,False,2,0,0,0,0,2,0,265263,0,1,0,2.0,1,-125705,850,126555,69,False,0,0,3,3,0,2
Jorge Cuenca Barreno,DEF,Fulham,1.7,a,,,,0.0,534,182,0,0,0,0,0.0,255,0.00,0.00,0.00,0.00,19,0,0,0.0,0.0,2026-08-30T13:00:00Z,0,False,20,0,0,0,0,2,0,3423,0,0,1,0.0,0,522,781,259,45,False,0,0,0,0,0,2
Phil Foden,MID,Man City,2.5,a,,,,4.3,76,25,2,1,38,0,45.8,398,0.45,1.32,0.87,0.66,11,1,0,10.6,42.8,2026-08-28T19:00:00Z,90,False,8,0,0,0,0,2,0,400716,1,4,1,17.0,9,-26374,20147,46521,70,False,0,2,7,4,1,2
Evan Ferguson,FWD,Brighton,0.0,i,Ankle injury - Expected back 10 Oct,0,0,0.0,520,68,0,0,0,0,0.0,139,0.00,0.00,0.00,0.00,16,0,0,0.0,0.0,2026-08-30T13:00:00Z,0,False,6,0,0,0,0,2,0,3163,0,3,4,0.0,0,-305,318,623,50,False,0,0,0,0,0,2
Cody Gakpo,MID,Liverpool,2.5,a,,,,4.8,71,23,1,0,21,0,27.8,367,0.65,0.65,0.00,2.23,14,2,0,5.7,23.2,2026-08-29T11:30:00Z,70,False,18,0,0,0,0,2,0,653797,1,2,2,6.0,5,177953,205704,27751,70,True,0,1,3,2,0,2
Aaron Anselmino,DEF,Chelsea,1.7,d,Hamstring injury - 25% chance of playing,,25,0.0,547,189,0,0,0,0,0.0,561,0.00,0.00,0.00,0.00,16,0,0,0.0,0.0,2026-08-30T13:00:00Z,0,False,5,0,0,0,0,2,0,1737,0,3,4,0.0,0,-324,122,446,45,True,0,0,0,0,0,2
Jack Grealish,MID,Man City,2.3,a,,100,100,0.2,339,122,0,0,0,0,0.0,238,0.00,0.00,0.00,0.00,11,0,0,0.0,0.0,2026-08-28T19:00:00Z,0,False,8,0,0,0,0,2,0,21085,0,4,1,0.0,0,-1201,1202,2403,65,False,0,0,0,0,0,2
David Brooks,MID,Bournemouth,1.1,a,,75,100,0.0,482,196,0,0,3,0,1.6,74,0.01,0.01,0.00,0.16,12,1,0,0.1,0.0,2026-08-29T14:00:00Z,9,False,9,0,0,0,0,2,0,5133,0,1,1,0.0,1,-93,602,695,50,True,0,0,0,0,0,2
Stefanos Tzimas,FWD,Brighton,0.0,i,Knee injury - Unknown return date,0,0,0.0,586,72,0,0,0,0,0.0,137,0.00,0.00,0.00,0.00,16,0,0,0.0,0.0,2026-08-30T13:00:00Z,0,False,6,0,0,0,0,2,0,839,0,3,4,0.0,0,-168,84,252,55,False,0,0,0,0,0,2
Nathan Collins,DEF,Brentford,2.5,a,,,,2.0,123,51,0,0,14,0,0.9,84,0.01,0.18,0.17,1.46,17,1,0,6.3,28.0,2026-08-30T13:00:00Z,90,False,13,0,0,0,0,2,0,207535,1,1,1,34.0,3,15716,25089,9373,55,False,1,11,13,8,2,2
Jurriën Timber,DEF,Arsenal,0.0,i,Groin injury - Unknown return date,0,0,0.1,414,148,0,0,0,0,0.0,5,0.00,0.00,0.00,0.00,20,0,0,0.0,0.0,2026-08-31T19:00:00Z,0,False,2,0,0,0,0,2,0,9810,0,1,0,0.0,0,-2703,401,3104,65,False,0,0,0,0,0,2
James Tarkowski,DEF,Everton,2.8,a,,,,8.9,48,18,0,2,27,0,11.3,229,0.01,0.11,0.10,2.16,12,1,1,8.5,54.8,2026-08-29T14:00:00Z,90,False,3,0,0,0,0,2,0,861719,1,1,1,19.0,12,5670,42736,37066,60,False,0,9,10,3,1,2
Lewis Koumas,MID,Liverpool,1.5,a,,,,0.0,549,226,0,0,0,0,0.0,381,0.00,0.00,0.00,0.00,14,0,0,0.0,0.0,2026-08-29T11:30:00Z,0,False,18,0,0,0,0,2,0,2137,0,2,2,0.0,0,-54,156,210,50,True,0,0,0,0,0,2
Darnell Furlong,DEF,Ipswich Town,1.0,a,,,,0.6,236,90,0,0,-1,0,0.5,308,0.00,0.00,0.00,0.86,18,1,0,0.6,5.0,2026-08-30T15:30:00Z,17,False,16,0,0,0,0,2,0,59266,0,2,5,0.0,1,-4147,269,4416,40,False,0,2,3,0,1,2
Abdoul Ouattara,DEF,Ipswich Town,1.0,a,,,,1.1,193,73,0,0,-1,0,0.6,592,0.00,0.00,0.00,0.86,18,1,0,0.1,0.6,2026-08-30T15:30:00Z,17,False,16,0,0,0,0,2,0,99458,0,2,5,0.0,1,-3097,2769,5866,40,False,0,0,0,1,0,2
Nikola Milenković,DEF,Nott'm Forest,2.5,a,,,,1.9,128,53,0,0,3,0,0.0,471,0.00,0.00,0.00,1.75,14,2,0,1.7,17.0,2026-08-29T11:30:00Z,90,False,14,0,0,0,0,2,0,176049,1,2,2,0.0,3,-14450,2591,17041,55,False,0,10,13,3,3,2
Sam Szmodics,MID,Ipswich Town,0.0,u,Has joined Derby County on loan for the rest of the season,0,0,0.0,590,252,0,0,0,0,0.0,319,0.00,0.00,0.00,0.00,18,0,0,0.0,0.0,2026-08-30T15:30:00Z,0,False,16,0,0,0,0,2,0,615,0,2,5,0.0,0,-409,0,409,50,False,0,0,0,0,0,2
Shea Lacey,MID,Man Utd,1.5,a,,,,0.0,486,199,0,0,0,0,0.0,435,0.00,0.00,0.00,0.00,18,0,0,0.0,0.0,2026-08-30T15:30:00Z,0,False,12,0,0,0,0,2,0,4851,0,2,5,0.0,0,-263,327,590,50,True,0,0,0,0,0,2
Eddie Nketiah,FWD,Crystal Palace,1.8,a,,,,0.5,254,43,0,0,8,0,10.6,224,0.00,0.36,0.36,2.01,11,3,0,2.1,2.6,2026-08-28T19:00:00Z,67,False,15,0,0,0,0,2,0,47953,1,4,1,8.0,2,-2517,3263,5780,55,True,0,1,6,3,2,2
Timothy Castagne,DEF,Fulham,1.7,a,,,,0.4,284,106,0,0,18,1,0.7,258,0.00,0.00,0.00,0.26,19,0,0,0.0,0.0,2026-08-30T13:00:00Z,67,False,20,0,0,0,0,2,0,45933,1,0,1,0.0,6,9481,12096,2615,45,False,0,1,2,2,1,2
Walter Benítez,GK,Crystal Palace,1.9,a,,,,0.1,404,44,0,0,0,0,0.0,199,0.00,0.00,0.00,0.00,11,0,0,0.0,0.0,2026-08-28T19:00:00Z,0,False,15,0,0,0,0,2,0,11403,0,4,1,0.0,0,-908,468,1376,45,True,0,0,0,0,0,2
Geovany Quenda,MID,Chelsea,2.0,a,,100,100,0.0,501,209,0,0,0,0,0.0,164,0.00,0.00,0.00,0.00,16,0,0,0.0,0.0,2026-08-30T13:00:00Z,0,False,5,0,0,0,0,2,0,4061,0,3,4,0.0,0,-589,231,820,55,True,0,0,0,0,0,2
Amadou Onana,MID,Aston Villa,0.0,i,Knee injury - Unknown return date,0,0,0.0,538,223,0,0,0,0,0.0,48,0.00,0.00,0.00,0.00,20,0,0,0.0,0.0,2026-08-31T19:00:00Z,0,False,1,0,0,0,0,2,0,2156,0,1,0,0.0,0,-372,157,529,50,True,0,0,0,0,0,2
Merlin Röhl,MID,Everton,1.5,a,,,,0.1,472,192,0,0,13,0,2.3,246,0.01,0.01,0.00,2.16,12,1,0,1.1,8.4,2026-08-29T14:00:00Z,85,False,3,0,0,0,0,2,0,5759,1,1,1,0.0,2,-118,518,636,50,False,0,2,9,4,3,2
Giorgi Mamardashvili,GK,Liverpool,2.6,a,,,,0.2,380,41,0,0,0,0,0.0,351,0.00,0.00,0.00,0.00,14,0,0,0.0,0.0,2026-08-29T11:30:00Z,0,False,18,0,0,0,0,2,0,15032,0,2,2,0.0,0,-1380,658,2038,50,True,0,0,0,0,0,2
Borna Sosa,DEF,Crystal Palace,1.7,a,,,,0.0,523,180,0,0,0,0,0.0,205,0.00,0.00,0.00,0.00,11,0,0,0.0,0.0,2026-08-28T19:00:00Z,0,False,15,0,0,0,0,2,0,3040,0,4,1,0.0,0,-226,126,352,45,True,0,0,0,0,0,2
Christian Nørgaard,MID,Everton,0.0,i,Unspecified injury - Unknown return date,0,0,0.1,424,167,0,0,0,0,0.0,21,0.00,0.00,0.00,0.00,12,0,0,0.0,0.0,2026-08-29T14:00:00Z,0,False,3,0,0,0,0,2,0,8315,0,1,1,0.0,0,-2764,102,2866,50,False,0,0,0,0,0,2
Jordan Henderson,MID,Chelsea,1.1,d,Wrist injury - 75% chance of playing,75,75,0.0,504,211,0,0,0,0,0.0,101,0.00,0.00,0.00,0.00,16,0,0,0.0,0.0,2026-08-30T13:00:00Z,0,False,5,0,0,0,0,2,0,3715,0,3,4,0.0,0,-477,214,691,50,True,0,0,0,0,0,2
Zavier Gozo,MID,Crystal Palace,1.5,a,,,,0.0,569,239,0,0,3,0,1.3,595,0.00,0.00,0.00,0.20,11,1,0,0.3,1.4,2026-08-28T19:00:00Z,22,False,15,0,0,0,0,2,0,1414,0,4,1,0.0,1,-72,101,173,50,True,0,0,1,0,1,2
Nick Pope,GK,Newcastle,2.6,a,,,,1.3,170,25,0,0,0,0,0.0,442,0.00,0.00,0.00,0.00,15,0,0,0.0,0.0,2026-08-29T16:30:00Z,0,False,19,0,0,0,0,2,0,124934,0,2,0,0.0,0,-9598,2706,12304,50,False,0,0,0,0,0,2
Ayden Heaven,DEF,Man Utd,1.7,a,,,,0.4,272,102,0,0,0,0,0.0,421,0.00,0.00,0.00,0.00,18,0,0,0.0,0.0,2026-08-30T15:30:00Z,0,False,12,0,0,0,0,2,0,40184,0,2,5,0.0,0,-1103,3088,4191,45,True,0,0,0,0,0,2
Tyrique George,MID,Everton,2.0,a,,,,0.3,302,102,0,0,12,0,12.2,242,0.01,0.06,0.05,0.58,12,1,0,3.4,6.0,2026-08-29T14:00:00Z,61,False,3,0,0,0,0,2,0,28043,1,1,1,16.0,2,-209,2273,2482,55,False,0,0,2,1,1,2
Victor Torp,MID,Coventry City,2.0,a,,,,0.2,367,136,0,0,2,0,3.6,188,0.01,0.01,0.00,0.69,13,1,0,0.3,0.0,2026-08-29T14:00:00Z,19,False,11,0,0,0,0,2,0,16221,0,1,0,0.0,1,-1275,549,1824,55,True,0,0,2,2,0,2
Max Dowman,MID,Arsenal,2.0,a,,,,0.1,432,171,0,0,0,0,0.0,20,0.00,0.00,0.00,0.00,20,0,0,0.0,0.0,2026-08-31T19:00:00Z,0,False,2,0,0,0,0,2,0,8233,0,1,0,0.0,0,-1857,473,2330,54,False,0,0,0,0,0,2
Ethan Pinnock,DEF,Coventry City,1.7,a,,,,0.1,445,157,0,0,-1,0,0.7,91,0.00,0.00,0.00,0.54,13,1,0,0.5,3.8,2026-08-29T14:00:00Z,12,False,11,0,0,0,0,2,0,7757,0,1,0,0.0,1,-397,574,971,45,True,0,2,2,0,0,2
Antonín Kinský,GK,Spurs,1.9,a,,,,23.4,13,2,0,0,4,0,0.0,496,0.00,0.00,0.00,0.72,15,2,0,0.4,3.8,2026-08-29T16:30:00Z,90,False,17,0,0,0,0,2,0,2247365,1,2,0,0.0,1,-41526,40625,82151,45,True,0,0,0,6,0,2
Keane Lewis-Potter,MID,Brentford,2.0,a,,,,0.7,221,71,1,1,29,0,31.6,86,0.13,0.15,0.02,1.46,17,1,0,7.2,38.4,2026-08-30T13:00:00Z,87,False,13,0,0,0,0,2,0,116486,1,1,1,2.0,6,45826,52542,6716,55,False,0,3,11,6,2,2
Diogo Dalot Teixeira,DEF,Man Utd,2.2,a,,,,2.6,111,45,0,0,12,0,42.2,417,0.12,0.27,0.15,1.06,18,1,0,9.2,16.4,2026-08-30T15:30:00Z,73,False,12,0,0,0,0,2,0,242125,1,2,5,33.0,2,-25442,8190,33632,50,True,0,4,4,1,0,2
Callum Olusesi,MID,Spurs,1.0,a,,,,0.9,209,70,0,0,0,0,0.0,524,0.00,0.00,0.00,0.00,15,0,0,0.0,0.0,2026-08-29T16:30:00Z,0,False,17,0,0,0,0,2,0,79923,0,2,0,0.0,0,-7298,2014,9312,45,True,0,0,0,0,0,2
Ben Gannon-Doak,MID,Bournemouth,1.5,a,,,,0.1,434,173,0,0,0,0,0.0,72,0.00,0.00,0.00,0.00,12,0,0,0.0,0.0,2026-08-29T14:00:00Z,0,False,9,0,0,0,0,2,0,8171,0,1,1,0.0,0,-468,365,833,50,True,0,0,0,0,0,2
Xaver Schlager,MID,Nott'm Forest,1.5,a,,,,0.1,419,164,0,0,15,0,0.7,558,0.00,0.05,0.05,1.75,14,2,0,2.9,21.2,2026-08-29T11:30:00Z,90,False,14,0,0,0,0,2,0,9781,1,2,2,7.0,4,-986,158,1144,50,False,0,3,15,7,5,2
Nicolas Jackson,FWD,Aston Villa,2.1,a,,,,0.3,288,51,0,0,11,0,5.9,166,0.10,0.10,0.00,1.01,20,1,0,1.2,4.2,2026-08-31T19:00:00Z,70,False,1,0,0,0,0,2,0,63340,1,1,0,2.0,2,-2878,26989,5175,65,True,0,0,3,3,0,2
Viktor Gyökeres,FWD,Arsenal,2.4,a,,,,7.9,54,8,0,0,0,0,0.0,25,0.00,0.00,0.00,0.00,20,0,0,0.0,0.0,2026-08-31T19:00:00Z,0,False,2,0,0,0,0,2,0,650596,0,1,0,0.0,0,-229353,8776,238129,74,False,0,0,0,0,0,2
Mohammed Kudus,MID,Spurs,0.6,d,Thigh injury - 50% chance of playing,25,50,0.1,446,178,0,0,4,0,3.3,512,0.01,0.05,0.04,0.24,15,1,0,1.6,1.2,2026-08-29T16:30:00Z,22,False,17,0,0,0,0,2,0,6789,0,2,0,11.0,1,-2137,269,2406,65,True,0,0,2,2,0,2
Omar Alderete,DEF,Sunderland,2.2,a,,100,100,0.5,261,99,0,0,0,0,0.0,535,0.00,0.00,0.00,0.00,19,0,0,0.0,0.0,2026-08-30T13:00:00Z,0,False,10,0,0,0,0,2,0,43620,0,0,1,0.0,0,-2667,2597,5264,50,True,0,0,0,0,0,2
Luke Woolfenden,DEF,Coventry City,1.0,a,,,,0.2,361,137,0,0,0,0,0.0,180,0.00,0.00,0.00,0.00,13,0,0,0.0,0.0,2026-08-29T14:00:00Z,0,False,11,0,0,0,0,2,0,16943,0,1,0,0.0,0,-1282,946,2228,40,True,0,0,0,0,0,2
Jenson Seelt,DEF,Sunderland,1.7,a,,,,0.0,580,197,0,0,0,0,0.0,537,0.00,0.00,0.00,0.00,19,0,0,0.0,0.0,2026-08-30T13:00:00Z,0,False,10,0,0,0,0,2,0,1055,0,0,1,0.0,0,-69,58,127,45,True,0,0,0,0,0,2
Lewie Coyle,DEF,Hull City,1.0,d,Ankle injury - 75% chance of playing,,75,0.7,235,89,0,0,2,0,0.3,280,0.00,0.00,0.00,1.09,13,0,0,0.5,4.6,2026-08-29T14:00:00Z,45,False,7,0,0,0,0,2,0,62770,1,1,0,0.0,0,-2458,2623,5081,40,False,1,4,4,1,0,2
Elliot Anderson,MID,Man City,2.3,d,Knock - 75% chance of playing,,75,6.9,56,19,0,0,25,0,20.2,481,0.22,0.29,0.07,0.66,11,1,0,5.8,25.0,2026-08-28T19:00:00Z,81,False,8,0,0,0,0,2,0,597491,1,4,1,13.0,3,-143069,10236,153305,64,False,1,4,14,5,5,2
Yasin Ayari,MID,Brighton,2.0,a,,,,0.7,232,77,0,0,0,0,0.0,129,0.00,0.00,0.00,0.00,16,0,0,0.0,0.0,2026-08-30T13:00:00Z,0,False,6,0,0,0,0,2,0,62632,0,3,4,0.0,0,-4277,3334,7611,55,False,0,0,0,0,0,2
Josh Eccles,MID,Coventry City,1.5,a,,,,0.0,563,235,0,0,0,0,0.0,187,0.00,0.00,0.00,0.00,13,0,0,0.0,0.0,2026-08-29T14:00:00Z,0,False,11,0,0,0,0,2,0,1391,0,1,0,0.0,0,-230,69,299,50,True,0,0,0,0,0,2
James Garner,MID,Everton,0.5,a,,25,100,0.1,396,155,0,0,9,0,1.1,239,0.00,0.00,0.00,0.58,12,1,0,0.5,3.4,2026-08-29T14:00:00Z,61,False,3,0,0,0,0,2,0,13621,1,1,1,0.0,1,-116,1533,1649,60,False,1,0,10,7,3,2
Joël Piroe,FWD,Leeds,0.0,u,Has joined West Ham United on loan for the rest of the season,0,0,0.1,389,59,0,0,0,0,0.0,348,0.00,0.00,0.00,0.00,17,0,0,0.0,0.0,2026-08-30T13:00:00Z,0,False,4,0,0,0,0,2,0,11733,0,1,1,0.0,0,-5351,0,5351,50,True,0,0,0,0,0,2
Vitalii Mykolenko,DEF,Everton,1.7,a,,,,1.6,153,65,0,0,7,0,1.0,233,0.01,0.01,0.00,2.16,12,1,0,3.8,36.8,2026-08-29T14:00:00Z,90,False,3,0,0,0,0,2,0,164056,1,1,1,0.0,4,12714,21784,9070,45,False,0,11,12,7,1,2
Claudio Echeverri,MID,Man City,1.5,a,,,,0.0,556,230,0,0,0,0,0.0,407,0.00,0.00,0.00,0.00,11,0,0,0.0,0.0,2026-08-28T19:00:00Z,0,False,8,0,0,0,0,2,0,1653,0,4,1,0.0,0,-204,93,297,50,False,0,0,0,0,0,2
Sander Berge,MID,Fulham,1.5,a,,,,0.4,269,86,0,0,14,0,27.9,265,0.20,0.20,0.00,1.85,19,1,0,3.6,6.0,2026-08-30T13:00:00Z,82,False,20,0,0,0,0,2,0,38868,1,0,1,2.0,2,-1868,1465,3333,50,False,0,0,2,2,0,2
John Victor Maciel Furtado,GK,Nott'm Forest,1.9,a,,,,0.1,461,51,0,0,0,0,0.0,468,0.00,0.00,0.00,0.00,14,0,0,0.0,0.0,2026-08-29T11:30:00Z,0,False,14,0,0,0,0,2,0,6338,0,2,2,0.0,0,-288,178,466,45,False,0,0,0,0,0,2
Evann Guessand,MID,Crystal Palace,2.0,a,,,,0.0,490,203,0,0,3,0,0.3,42,0.01,0.01,0.00,0.20,11,1,0,0.3,2.2,2026-08-28T19:00:00Z,27,False,15,0,0,0,0,2,0,4594,0,4,1,0.0,1,-140,483,623,55,True,0,1,1,0,0,2
Alysson Edward Franco da Rocha dos Santos,MID,Aston Villa,1.5,a,,,,0.0,491,204,0,0,2,0,0.8,52,0.00,0.00,0.00,0.02,20,0,0,0.4,1.2,2026-08-31T19:00:00Z,19,False,1,0,0,0,0,2,0,4426,0,1,0,2.0,0,-253,343,596,50,True,1,0,2,1,1,2
Arthur Masuaku,DEF,Sunderland,0.0,u,Has joined Konyaspor permanently,0,0,0.2,327,124,0,0,0,0,0.0,540,0.00,0.00,0.00,0.00,19,0,0,0.0,0.0,2026-08-30T13:00:00Z,0,False,10,0,0,0,0,2,0,20421,0,0,1,0.0,0,-4868,0,4868,40,True,0,0,0,0,0,2
Mason Burstow,FWD,Hull City,0.0,u,Has joined Sheffield Wednesday on loan for the rest of the season,0,0,0.1,474,64,0,0,0,0,0.0,299,0.00,0.00,0.00,0.00,13,0,0,0.0,0.0,2026-08-29T14:00:00Z,0,False,7,0,0,0,0,2,0,5122,0,1,0,0.0,0,-1210,0,1210,45,False,0,0,0,0,0,2
Danny Welbeck,FWD,Chelsea,1.5,a,,75,100,1.1,192,29,0,0,0,0,0.0,136,0.00,0.00,0.00,0.00,16,0,0,0.0,0.0,2026-08-30T13:00:00Z,0,False,5,0,0,0,0,2,0,96753,0,3,4,0.0,0,-19289,3136,22425,60,True,0,0,0,0,0,2
Zion Suzuki,GK,Aston Villa,2.6,a,,,,0.8,212,30,0,0,8,0,0.0,597,0.00,0.00,0.00,1.04,20,1,0,1.4,13.6,2026-08-31T19:00:00Z,90,False,1,0,0,0,0,2,1,82325,1,1,0,0.0,2,-2542,4229,6771,50,True,0,2,0,9,0,2
Mamadou Sarr,DEF,Chelsea,1.7,a,,,,0.1,440,154,0,0,0,0,0.0,150,0.00,0.00,0.00,0.00,16,0,0,0.0,0.0,2026-08-30T13:00:00Z,0,False,5,0,0,0,0,2,0,7741,0,3,4,0.0,0,-544,405,949,45,True,0,0,0,0,0,2
Bruno Borges Fernandes,MID,Man Utd,4.0,a,,,,49.9,3,1,1,3,87,0,62.5,426,0.48,2.50,2.02,2.06,18,2,3,26.1,132.4,2026-08-30T15:30:00Z,90,False,12,0,0,0,0,2,0,4770471,1,2,5,66.0,23,-180062,48518,228580,120,True,0,1,8,5,2,2
Matteo Ruggeri,DEF,Aston Villa,1.7,a,,,,0.1,412,146,0,0,0,0,0.0,596,0.00,0.00,0.00,0.00,20,0,0,0.0,0.0,2026-08-31T19:00:00Z,0,False,1,0,0,0,0,2,0,10673,0,1,0,0.0,0,-243,856,1099,45,True,0,0,0,0,0,2
Lukas Nmecha,FWD,Leeds,1.8,a,,,,0.6,245,40,1,0,18,0,20.3,347,0.00,0.10,0.10,0.93,17,0,0,4.5,18.2,2026-08-30T13:00:00Z,21,False,4,0,0,0,0,2,0,51231,0,1,1,6.0,4,-7627,1917,9544,55,True,0,0,1,1,0,2
Jack Fletcher,MID,Man Utd,1.5,a,,,,0.0,578,246,0,0,0,0,0.0,434,0.00,0.00,0.00,0.00,18,0,0,0.0,0.0,2026-08-30T15:30:00Z,0,False,12,0,0,0,0,2,0,1094,0,2,5,0.0,0,-128,41,169,50,True,0,0,0,0,0,2
Boubacar Kamara,MID,Aston Villa,1.5,a,,100,100,0.4,282,93,0,0,13,0,14.2,47,0.03,0.03,0.00,1.04,20,1,0,2.5,10.6,2026-08-31T19:00:00Z,90,False,1,0,0,0,0,2,0,33591,1,1,0,0.0,2,-2250,2489,4739,50,True,0,3,8,4,1,2
Conor Bradley,DEF,Liverpool,0.0,i,Knee injury - Unknown return date,0,0,0.0,581,198,0,0,0,0,0.0,360,0.00,0.00,0.00,0.00,14,0,0,0.0,0.0,2026-08-29T11:30:00Z,0,False,18,0,0,0,0,2,0,1023,0,2,2,0.0,0,-140,79,219,50,True,0,0,0,0,0,2
Omar Richards,DEF,Nott'm Forest,1.0,a,,,,0.2,320,121,0,0,0,0,0.0,476,0.00,0.00,0.00,0.00,14,0,0,0.0,0.0,2026-08-29T11:30:00Z,0,False,14,0,0,0,0,2,0,23167,0,2,2,0.0,0,-1513,495,2008,40,False,0,0,0,0,0,2
Ross Barkley,MID,Aston Villa,1.5,a,,,,0.2,321,111,0,0,23,0,23.3,46,0.02,0.05,0.03,1.04,20,1,0,3.8,12.8,2026-08-31T19:00:00Z,77,False,1,0,0,0,0,2,0,23246,1,1,0,2.0,2,-841,1875,2716,50,True,0,1,10,6,3,2
Matz Sels,GK,Nott'm Forest,2.6,a,,,,1.6,155,22,0,0,6,0,0.0,467,0.01,0.01,0.00,1.75,14,2,0,1.7,16.6,2026-08-29T11:30:00Z,90,False,14,0,0,0,0,2,2,148147,1,2,2,0.0,1,-8396,3350,11746,50,False,0,3,0,6,0,2
Lucas Herrington,DEF,Hull City,1.0,a,,,,0.7,231,87,0,0,3,0,0.2,585,0.00,0.00,0.00,0.20,13,0,0,0.3,3.0,2026-08-29T14:00:00Z,31,False,7,0,0,0,0,2,0,63919,0,1,0,0.0,1,-831,2771,3602,40,False,0,1,1,0,0,2
Christantus Uche,FWD,Crystal Palace,0.0,u,has returned to Getafe CF,0,0,0.0,610,73,0,0,0,0,0.0,225,0.00,0.00,0.00,0.00,11,0,0,0.0,0.0,2026-08-28T19:00:00Z,0,False,15,0,0,0,0,2,0,0,0,4,1,0.0,0,0,0,0,50,True,0,0,0,0,0,2
Michael Kayode,DEF,Brentford,1.7,a,,,,5.4,66,26,0,0,9,0,16.0,88,0.21,0.23,0.02,1.46,17,1,0,3.8,14.4,2026-08-30T13:00:00Z,87,False,13,0,0,0,0,2,0,778776,1,1,1,8.0,2,289643,310803,21160,46,False,0,3,4,4,1,2
Kai Andrews,MID,Coventry City,1.0,a,,,,0.7,230,76,0,0,0,0,0.0,192,0.00,0.00,0.00,0.00,13,0,0,0.0,0.0,2026-08-29T14:00:00Z,0,False,11,0,0,0,0,2,0,62913,0,1,0,0.0,0,-4618,2576,7194,45,True,0,0,0,0,0,2
Liam Millar,MID,Hull City,1.5,a,,,,0.1,457,186,0,0,24,0,0.8,287,0.00,0.58,0.58,0.20,13,0,1,4.8,34.0,2026-08-29T14:00:00Z,31,False,7,0,0,0,0,2,0,6233,0,1,0,13.0,6,-682,305,987,50,False,0,1,1,0,0,2
Bazoumana Touré,MID,Newcastle,2.2,a,,,,0.2,324,112,0,0,3,0,0.0,461,0.00,0.00,0.00,0.00,15,0,0,0.0,0.0,2026-08-29T16:30:00Z,1,False,19,0,0,0,0,2,0,20967,0,2,0,0.0,1,-3945,513,4458,60,False,0,0,0,0,0,2
Maxim De Cuyper,DEF,Brighton,1.7,a,,,,4.9,70,29,0,0,-2,0,23.7,115,0.05,0.08,0.03,2.93,16,4,0,3.8,8.8,2026-08-30T13:00:00Z,90,False,6,0,0,0,0,2,0,847829,1,3,4,5.0,0,473840,494998,21158,46,False,0,2,2,3,0,2
Kai Havertz,FWD,Arsenal,2.4,a,,,,6.8,57,10,0,0,5,1,3.4,26,0.03,0.05,0.02,0.33,20,0,0,2.9,2.4,2026-08-31T19:00:00Z,90,False,2,0,0,0,0,2,0,752082,1,1,0,23.0,2,148783,187608,38825,75,False,0,0,5,5,0,2
Trevoh Chalobah,DEF,Chelsea,0.0,u,Has joined Como permanently,0,0,0.2,374,139,0,0,0,0,0.0,143,0.00,0.00,0.00,0.00,16,0,0,0.0,0.0,2026-08-30T13:00:00Z,0,False,5,0,0,0,0,2,0,12877,0,3,4,0.0,0,-8058,0,8058,55,True,0,0,0,0,0,2
Benjamin White,DEF,Arsenal,2.5,a,,100,100,5.5,65,25,0,1,26,1,20.3,10,0.05,0.05,0.00,0.33,20,0,0,3.7,16.4,2026-08-31T19:00:00Z,90,False,2,0,0,0,0,2,0,683136,1,1,0,0.0,7,119886,144941,25055,55,False,0,3,4,2,1,2
Andrew Robertson,DEF,Spurs,1.7,a,,,,3.9,84,33,0,0,7,0,16.8,502,0.02,0.08,0.06,0.48,15,1,0,5.3,11.2,2026-08-29T16:30:00Z,67,False,17,0,0,0,0,2,0,379457,1,2,0,25.0,2,-1127,22171,23298,45,True,0,2,3,1,1,2
Igor Jesus Maciel da Cruz,FWD,Nott'm Forest,2.0,a,,,,4.1,81,12,0,0,4,0,13.3,491,0.04,0.78,0.74,1.75,14,2,0,6.0,8.6,2026-08-29T11:30:00Z,90,False,14,0,0,0,0,2,0,361702,1,2,2,38.0,1,-48313,10237,58550,60,False,1,3,5,1,1,2
Jefferson Lerma Solís,MID,Crystal Palace,1.5,a,,,,0.1,408,160,0,0,0,0,0.0,213,0.00,0.00,0.00,0.00,11,0,0,0.0,0.0,2026-08-28T19:00:00Z,0,False,15,0,0,0,0,2,0,10302,0,4,1,0.0,0,-1246,204,1450,50,True,0,0,0,0,0,2
Ephron Mason-Clark,MID,Coventry City,2.0,a,,100,100,0.1,399,157,0,0,4,0,16.0,186,0.06,0.06,0.00,0.02,13,0,0,2.0,4.2,2026-08-29T14:00:00Z,57,False,11,0,0,0,0,2,0,12149,1,1,0,0.0,1,-1089,489,1578,55,True,0,2,4,2,0,2
Arnaud Kalimuendo,FWD,Nott'm Forest,1.8,a,,,,0.1,478,65,0,0,0,0,0.0,493,0.00,0.00,0.00,0.00,14,0,0,0.0,0.0,2026-08-29T11:30:00Z,0,False,14,0,0,0,0,2,0,5177,0,2,2,0.0,0,-418,339,757,55,False,0,0,0,0,0,2
Alex Iwobi,MID,Fulham,2.0,a,,,,1.0,198,66,0,0,20,0,35.5,261,0.40,0.41,0.01,2.02,19,1,0,5.0,12.0,2026-08-30T13:00:00Z,90,False,20,0,0,0,0,2,0,95898,1,0,1,2.0,2,-3301,6095,9396,55,False,0,1,4,2,1,2
Jack Rudoni,MID,Coventry City,1.5,a,,100,100,0.1,388,150,0,0,12,1,27.7,183,0.09,0.15,0.06,0.02,13,0,0,3.9,6.8,2026-08-29T14:00:00Z,70,False,11,0,0,0,0,2,0,14191,1,1,0,4.0,3,-49,1250,1299,50,True,0,1,6,4,1,2
Lewis Cook,MID,Bournemouth,1.5,a,,,,0.2,371,140,0,0,13,1,12.8,71,0.01,0.01,0.00,1.67,12,0,0,1.7,3.8,2026-08-29T14:00:00Z,68,False,9,0,0,0,0,2,0,18237,1,1,1,0.0,3,1552,3259,1707,50,True,0,0,2,2,0,2
Divine Mukasa,MID,Man City,1.0,a,,,,0.2,358,130,0,0,0,0,0.0,409,0.00,0.00,0.00,0.00,11,0,0,0.0,0.0,2026-08-28T19:00:00Z,0,False,8,0,0,0,0,2,0,17482,0,4,1,0.0,0,-1559,927,2486,45,False,0,0,0,0,0,2
Anthony Patterson,GK,Sunderland,0.0,u,Has joined Wrexham permanently,0,0,0.2,366,39,0,0,0,0,0.0,530,0.00,0.00,0.00,0.00,19,0,0,0.0,0.0,2026-08-30T13:00:00Z,0,False,10,0,0,0,0,2,0,16075,0,0,1,0.0,0,-2307,0,2307,40,True,0,0,0,0,0,2
Rúben dos Santos Gato Alves Dias,DEF,Man City,2.5,a,,,,1.8,135,56,0,0,19,0,22.3,390,0.57,0.66,0.09,0.66,11,1,0,8.4,27.0,2026-08-28T19:00:00Z,90,False,8,0,0,0,0,2,0,176387,1,4,1,35.0,2,-2699,9858,12557,55,False,0,5,6,6,1,2
Gianluigi Donnarumma,GK,Man City,3.3,a,,,,8.3,50,7,0,0,5,0,0.0,384,0.00,0.00,0.00,0.66,11,1,0,0.7,6.8,2026-08-28T19:00:00Z,90,False,8,1,0,0,0,2,1,828113,1,4,1,0.0,0,-10944,34008,44952,55,False,0,0,0,8,0,2
Ismaïla Sarr,MID,Crystal Palace,2.3,d,Groin injury - 75% chance of playing,,75,3.6,89,29,0,0,0,0,0.0,208,0.00,0.00,0.00,0.00,11,0,0,0.0,0.0,2026-08-28T19:00:00Z,0,False,15,0,0,0,0,2,0,227391,0,4,1,0.0,0,-204476,2102,206578,64,True,0,0,0,0,0,2
Jair Paula da Cunha Filho,DEF,Nott'm Forest,1.7,a,,,,0.2,331,126,0,0,6,0,0.4,474,0.00,0.00,0.00,1.75,14,2,0,1.5,14.6,2026-08-29T11:30:00Z,90,False,14,0,0,0,0,2,0,21029,1,2,2,0.0,1,-1300,259,1559,45,False,0,6,8,3,2,2
Diego Gómez Amarilla,MID,Brighton,1.5,a,,,,3.8,85,28,1,0,15,0,20.3,127,0.17,0.55,0.38,2.93,16,4,0,6.7,4.6,2026-08-30T13:00:00Z,90,False,6,0,0,0,0,2,0,380491,1,3,4,42.0,5,7080,23952,16872,50,False,0,1,5,2,2,2
Veljko Milosavljevic,DEF,Bournemouth,0.0,i,Unspecified injury - Unknown return date,0,0,0.0,579,196,0,0,0,0,0.0,63,0.00,0.00,0.00,0.00,12,0,0,0.0,0.0,2026-08-29T14:00:00Z,0,False,9,0,0,0,0,2,0,1026,0,1,1,0.0,0,-222,74,296,50,True,0,0,0,0,0,2
Cristhian Mosquera,DEF,Arsenal,2.5,a,,,,6.0,61,23,0,0,25,1,1.4,11,0.01,0.01,0.00,0.33,20,0,0,1.2,10.2,2026-08-31T19:00:00Z,78,False,2,0,0,0,0,2,0,566006,1,1,0,0.0,6,-30539,15410,45949,55,False,0,4,4,0,0,2
Gonzalo García,FWD,Fulham,2.0,a,,,,2.6,112,15,0,0,2,0,2.8,569,0.01,0.28,0.27,2.02,19,1,0,3.2,5.6,2026-08-30T13:00:00Z,90,False,20,0,0,0,0,2,0,399587,1,0,1,24.0,2,135011,152218,17207,60,False,0,2,4,2,0,2
James Hill,DEF,Bournemouth,2.5,a,,,,0.9,206,74,0,0,19,0,21.0,60,0.74,0.74,0.00,1.84,12,1,0,5.1,25.6,2026-08-29T14:00:00Z,90,False,9,0,0,0,0,2,0,89428,1,1,1,4.0,4,2412,9153,6741,55,True,0,9,12,3,3,2
Tom Cairney,MID,Fulham,0.0,i,Knee injury - Expected back 10 Oct,0,0,0.0,596,258,0,0,0,0,0.0,266,0.00,0.00,0.00,0.00,19,0,0,0.0,0.0,2026-08-30T13:00:00Z,0,False,20,0,0,0,0,2,0,379,0,0,1,0.0,0,-103,12,115,50,False,0,0,0,0,0,2
Abu Kamara,MID,Hull City,0.0,u,Has joined Portsmouth permanently,0,0,0.0,595,257,0,0,0,0,0.0,293,0.00,0.00,0.00,0.00,13,0,0,0.0,0.0,2026-08-29T14:00:00Z,0,False,7,0,0,0,0,2,0,353,0,1,0,0.0,0,-197,0,197,50,False,0,0,0,0,0,2
Micky van de Ven,DEF,Spurs,0.0,d,Unspecified injury - 50% chance of playing,0,50,4.5,74,30,0,0,5,0,2.1,503,0.02,0.02,0.00,0.72,15,2,0,1.7,15.2,2026-08-29T16:30:00Z,90,False,17,0,0,0,0,2,0,422798,1,2,0,0.0,0,-116329,8374,124703,50,True,1,7,8,4,1,2
Martin Ødegaard,MID,Arsenal,2.3,a,,,,10.4,36,13,0,0,13,1,6.8,15,0.07,0.15,0.08,0.33,20,0,0,1.9,6.8,2026-08-31T19:00:00Z,70,False,2,0,0,0,0,2,0,1174125,1,1,0,5.0,3,252699,289559,36860,66,False,0,2,5,1,2,2
Mamadou Sangaré,MID,Brentford,2.0,a,,,,5.8,63,21,0,0,16,0,25.3,565,0.03,0.24,0.21,1.46,17,1,0,6.1,24.4,2026-08-30T13:00:00Z,90,False,13,0,0,0,0,2,0,902725,1,1,1,11.0,4,420422,443762,23340,56,False,0,5,14,5,4,2
Thierno Barry,FWD,Everton,1.8,a,,,,1.9,126,19,0,0,6,0,11.7,249,0.00,1.48,1.48,0.58,12,1,0,8.0,10.0,2026-08-29T14:00:00Z,69,False,3,0,0,0,0,2,0,352239,1,1,1,58.0,2,127837,150265,22428,55,False,0,2,3,1,0,2
Malick Yalcouyé,MID,Brighton,1.0,a,,,,0.0,507,213,0,1,39,0,20.1,605,0.16,0.86,0.70,2.83,16,3,1,11.3,50.8,2026-08-30T13:00:00Z,73,False,6,0,0,0,0,2,0,9806,1,3,4,42.0,8,3387,4339,952,45,False,0,2,7,2,3,2
Omari Hutchinson,MID,Nott'm Forest,2.0,a,,,,0.2,365,135,0,0,0,0,0.0,484,0.00,0.00,0.00,0.00,14,0,0,0.0,0.0,2026-08-29T11:30:00Z,0,False,14,0,0,0,0,2,0,15837,0,2,2,0.0,0,-2032,214,2246,55,False,0,0,0,0,0,2
Kaye Furo,FWD,Brentford,1.0,a,,,,0.9,203,34,0,0,0,0,0.0,107,0.00,0.00,0.00,0.00,17,0,0,0.0,0.0,2026-08-30T13:00:00Z,0,False,13,0,0,0,0,2,0,89302,0,1,1,0.0,0,-252,8191,8443,45,False,0,0,0,0,0,2
Jules Ahoka,MID,Sunderland,0.0,,,,,,,,0,0,0,0,0.0,613,0.00,0.00,0.00,0.00,19,0,0,0.0,0.0,2026-08-30T13:00:00Z,0,False,10,0,0,0,0,2,0,6052,0,0,1,0.0,0,2077,2475,398,45,True,0,0,0,0,0,2
Tim Iroegbunam,MID,Everton,0.0,i,Thigh injury - Unknown return date,0,0,0.0,575,244,0,0,2,0,0.0,240,0.00,0.00,0.00,0.00,12,0,0,0.0,0.0,2026-08-29T14:00:00Z,4,False,3,0,0,0,0,2,0,1093,0,1,1,0.0,1,-327,21,348,50,False,0,0,0,0,0,2
Ashley Phillips,DEF,Spurs,0.0,u,Has joined Middlesbrough permanently,0,0,0.0,539,185,0,0,0,0,0.0,507,0.00,0.00,0.00,0.00,15,0,0,0.0,0.0,2026-08-29T16:30:00Z,0,False,17,0,0,0,0,2,0,1903,0,2,0,0.0,0,-658,0,658,45,True,0,0,0,0,0,2
Archie Gray,MID,Spurs,1.5,a,,,,0.2,328,115,0,0,9,0,1.5,522,0.00,0.00,0.00,0.48,15,1,0,0.3,1.8,2026-08-29T16:30:00Z,67,False,17,0,0,0,0,2,0,22329,1,2,0,0.0,2,-833,1711,2544,50,True,0,3,6,3,0,2
Leif Davis,DEF,Ipswich Town,1.0,a,,,,5.1,68,28,0,0,1,0,14.7,305,0.12,0.66,0.54,4.77,18,5,1,11.2,47.0,2026-08-30T15:30:00Z,90,False,16,0,0,0,0,2,0,482824,1,2,5,50.0,6,-13968,7322,21290,40,False,0,4,4,1,0,2
Milos Kerkez,DEF,Liverpool,2.5,a,,,,3.7,88,35,0,0,9,0,12.8,358,0.01,0.01,0.00,2.23,14,2,0,3.7,24.0,2026-08-29T11:30:00Z,70,False,18,0,0,0,0,2,0,347978,1,2,2,0.0,1,-18742,15645,34387,55,True,0,7,8,4,1,2
Dane Scarlett,FWD,Spurs,1.0,a,,,,1.7,138,21,0,0,0,0,0.0,528,0.00,0.00,0.00,0.00,15,0,0,0.0,0.0,2026-08-29T16:30:00Z,0,False,17,0,0,0,0,2,0,172295,0,2,0,0.0,0,-3996,13184,17180,45,True,0,0,0,0,0,2
Richarlison de Andrade,FWD,Spurs,2.0,a,,,,3.1,104,13,0,0,0,0,0.0,527,0.00,0.00,0.00,0.00,15,0,0,0.0,0.0,2026-08-29T16:30:00Z,0,False,17,0,0,0,0,2,0,275481,0,2,0,0.0,0,-31748,14723,46471,60,True,0,0,0,0,0,2
Tyler Fletcher,MID,Man Utd,1.0,a,,,,0.3,285,94,0,0,0,0,0.0,438,0.00,0.00,0.00,0.00,18,0,0,0.0,0.0,2026-08-30T15:30:00Z,0,False,12,0,0,0,0,2,0,32667,0,2,5,0.0,0,-2656,1328,3984,45,True,0,0,0,0,0,2
Yehor Yarmoliuk,MID,Brentford,1.5,a,,,,1.2,176,57,0,0,4,0,12.5,102,0.01,0.01,0.00,1.32,17,1,0,2.0,3.0,2026-08-30T13:00:00Z,21,False,13,0,0,0,0,2,0,112295,0,1,1,4.0,1,-12434,745,13179,50,False,0,0,0,0,0,2
Cole Palmer,MID,Chelsea,3.2,a,,,100,12.0,33,11,0,0,28,0,25.3,154,0.13,0.79,0.66,1.41,16,3,1,9.2,40.8,2026-08-30T13:00:00Z,90,False,5,0,0,0,0,2,0,1644351,1,3,4,26.0,7,344912,376872,31960,95,True,0,2,8,4,2,2
Ali Al-Hamadi,FWD,Ipswich Town,1.4,a,,,,0.1,387,58,0,0,0,0,0.0,322,0.00,0.00,0.00,0.00,18,0,0,0.0,0.0,2026-08-30T15:30:00Z,0,False,16,0,0,0,0,2,0,12213,0,2,5,0.0,0,-2247,755,3002,50,False,0,0,0,0,0,2
Chris Richards,DEF,Crystal Palace,2.2,a,,,,0.8,220,83,0,0,-4,0,0.1,202,0.00,0.04,0.04,2.21,11,4,0,3.2,15.0,2026-08-28T19:00:00Z,90,False,15,0,0,0,0,2,0,71981,1,4,1,17.0,0,-2246,4208,6454,50,True,0,4,6,2,2,2
Harvey Davies,GK,Liverpool,1.0,a,,,,0.1,393,42,0,0,0,0,0.0,355,0.00,0.00,0.00,0.00,14,0,0,0.0,0.0,2026-08-29T11:30:00Z,0,False,18,0,0,0,0,2,0,13945,0,2,2,0.0,0,-69,644,713,40,True,0,0,0,0,0,2
Jeremy Monga,MID,Man City,1.5,a,,,,0.0,559,232,0,0,0,0,0.0,410,0.00,0.00,0.00,0.00,11,0,0,0.0,0.0,2026-08-28T19:00:00Z,0,False,8,0,0,0,0,2,0,1523,0,4,1,0.0,0,-207,76,283,50,False,0,0,0,0,0,2
Leon Goretzka,MID,Aston Villa,0.0,,,,,,,,0,0,0,0,0.0,618,0.00,0.00,0.00,0.00,20,0,0,0.0,0.0,2026-08-31T19:00:00Z,0,False,1,0,0,0,0,2,0,386,0,1,0,0.0,0,205,212,7,60,True,0,0,0,0,0,2
Frank Onyeka,MID,Coventry City,1.5,a,,,,0.2,377,144,0,0,0,0,0.0,104,0.00,0.00,0.00,0.00,13,0,0,0.0,0.0,2026-08-29T14:00:00Z,0,False,11,0,0,0,0,2,0,16442,0,1,0,0.0,0,856,2456,1600,50,True,0,0,0,0,0,2
Zadok Yohanna,MID,Brighton,1.5,a,,,,0.1,454,184,0,0,0,0,0.0,135,0.00,0.00,0.00,0.00,16,0,0,0.0,0.0,2026-08-30T13:00:00Z,0,False,6,0,0,0,0,2,0,6909,0,3,4,0.0,0,-506,373,879,50,False,0,0,0,0,0,2
Noni Madueke,MID,Arsenal,2.3,a,,,,0.3,292,97,0,0,0,0,0.0,16,0.00,0.00,0.00,0.00,20,0,0,0.0,0.0,2026-08-31T19:00:00Z,0,False,2,0,0,0,0,2,0,29476,0,1,0,0.0,0,-6819,1412,8231,64,False,0,0,0,0,0,2
Takehiro Tomiyasu,DEF,Crystal Palace,1.7,a,,,,0.4,278,104,0,0,-3,0,1.3,577,0.00,0.00,0.00,2.01,11,3,0,1.6,12.6,2026-08-28T19:00:00Z,73,False,15,0,0,0,0,2,0,34647,1,4,1,2.0,1,-1838,829,2667,45,True,0,7,8,3,1,2
Francisco Evanilson de Lima Barbosa,FWD,Bournemouth,2.0,a,,,,2.7,110,14,1,0,11,1,22.2,79,0.04,0.62,0.58,1.67,12,0,0,5.9,15.0,2026-08-29T14:00:00Z,80,False,9,0,0,0,0,2,0,300527,1,1,1,22.0,5,53599,72625,19026,60,True,0,1,3,2,0,2
Mason Mount,MID,Man Utd,1.0,d,Foot injury - 75% chance of playing,50,75,0.0,524,217,0,0,0,0,0.0,430,0.00,0.00,0.00,0.00,18,0,0,0.0,0.0,2026-08-30T15:30:00Z,0,False,12,0,0,0,0,2,0,2752,0,2,5,0.0,0,-660,35,695,55,True,0,0,0,0,0,2
Harvey Elliott,MID,Liverpool,2.0,a,,,,0.1,451,181,0,0,0,0,0.0,383,0.00,0.00,0.00,0.00,14,0,0,0.0,0.0,2026-08-29T11:30:00Z,0,False,18,0,0,0,0,2,0,7117,0,2,2,0.0,0,-836,380,1216,55,True,0,0,0,0,0,2
James Rowswell,DEF,Spurs,1.0,a,,,,0.1,443,156,0,0,0,0,0.0,510,0.00,0.00,0.00,0.00,15,0,0,0.0,0.0,2026-08-29T16:30:00Z,0,False,17,0,0,0,0,2,0,7895,0,2,0,0.0,0,-360,335,695,40,True,0,0,0,0,0,2
Luca Netz,DEF,Nott'm Forest,1.7,a,,,,0.0,513,177,0,0,5,0,0.0,478,0.00,0.00,0.00,0.00,14,0,0,0.2,2.0,2026-08-29T11:30:00Z,4,False,14,0,0,0,0,2,0,3516,0,2,2,0.0,1,-176,112,288,45,False,0,0,1,0,1,2
Josh Acheampong,DEF,Chelsea,1.7,a,,,,0.3,295,110,0,0,-1,0,0.1,151,0.00,0.00,0.00,0.14,16,1,0,0.6,6.2,2026-08-30T13:00:00Z,22,False,5,0,0,0,0,2,0,37116,0,3,4,0.0,1,4931,8065,3134,45,True,0,2,3,0,1,2
Altay Bayındır,GK,Man Utd,0.0,u,Has joined Celta Vigo on loan for the rest of the season,0,0,0.0,545,64,0,0,0,0,0.0,413,0.00,0.00,0.00,0.00,18,0,0,0.0,0.0,2026-08-30T15:30:00Z,0,False,12,0,0,0,0,2,0,1739,0,2,5,0.0,0,-588,0,588,45,True,0,0,0,0,0,2
Matt Crooks,MID,Hull City,1.0,a,,,,0.7,227,74,0,0,0,0,0.0,289,0.00,0.00,0.00,0.00,13,0,0,0.0,0.0,2026-08-29T14:00:00Z,0,False,7,0,0,0,0,2,0,71261,0,1,0,0.0,0,4451,10141,5690,45,False,0,0,0,0,0,2
Steven Benda,GK,Nott'm Forest,1.9,a,,,,0.1,462,52,0,0,0,0,0.0,590,0.00,0.00,0.00,0.00,14,0,0,0.0,0.0,2026-08-29T11:30:00Z,0,False,14,0,0,0,0,2,0,6630,0,2,2,0.0,0,81,625,544,45,False,0,0,0,0,0,2
Tosin Adarabioyo,DEF,Chelsea,1.7,a,,,,0.2,341,128,0,0,0,0,0.0,147,0.00,0.00,0.00,0.00,16,0,0,0.0,0.0,2026-08-30T13:00:00Z,0,False,5,0,0,0,0,2,0,19280,0,3,4,0.0,0,-1857,263,2120,45,True,0,0,0,0,0,2
Matt O'Riley,MID,Brighton,2.0,a,,,,0.1,422,165,0,0,0,0,0.0,126,0.00,0.00,0.00,0.00,16,0,0,0.0,0.0,2026-08-30T13:00:00Z,0,False,6,0,0,0,0,2,0,10143,0,3,4,0.0,0,-696,656,1352,55,False,0,0,0,0,0,2
Trai Hume,DEF,Sunderland,1.7,a,,,,6.7,58,22,0,0,24,1,19.1,534,0.01,0.01,0.00,0.95,19,0,0,4.0,18.6,2026-08-30T13:00:00Z,90,False,10,0,0,0,0,2,0,631620,1,0,1,2.0,6,-23752,13619,37371,45,True,0,2,6,4,4,2
Gerónimo Rulli,GK,Man City,2.6,a,,,,0.0,544,63,0,0,0,0,0.0,587,0.00,0.00,0.00,0.00,11,0,0,0.0,0.0,2026-08-28T19:00:00Z,0,False,8,0,0,0,0,2,0,2020,0,4,1,0.0,0,-130,94,224,50,False,0,0,0,0,0,2
James McConnell,MID,Liverpool,1.0,a,,,,0.3,311,107,0,0,0,0,0.0,378,0.00,0.00,0.00,0.00,14,0,0,0.0,0.0,2026-08-29T11:30:00Z,0,False,18,0,0,0,0,2,0,25168,0,2,2,0.0,0,-2017,883,2900,45,True,0,0,0,0,0,2
Fábio Ferreira Vieira,MID,Arsenal,2.0,a,,,,0.0,584,249,0,0,0,0,0.0,23,0.00,0.00,0.00,0.00,20,0,0,0.0,0.0,2026-08-31T19:00:00Z,0,False,2,0,0,0,0,2,0,979,0,1,0,0.0,0,-135,80,215,55,False,0,0,0,0,0,2
Manuel Ugarte Ribeiro,MID,Man Utd,0.0,i,Knee injury - Unknown return date,0,0,0.0,601,262,0,0,0,0,0.0,433,0.00,0.00,0.00,0.00,18,0,0,0.0,0.0,2026-08-30T15:30:00Z,0,False,12,0,0,0,0,2,0,348,0,2,5,0.0,0,-64,24,88,50,True,0,0,0,0,0,2
Tyrone Mings,DEF,Aston Villa,1.7,a,,,,0.4,273,103,0,0,0,0,0.0,33,0.00,0.00,0.00,0.00,20,0,0,0.0,0.0,2026-08-31T19:00:00Z,0,False,1,0,0,0,0,2,0,38144,0,1,0,0.0,0,-254,3253,3507,45,True,0,0,0,0,0,2
Kobbie Mainoo,MID,Man Utd,2.0,a,,,,1.0,199,67,0,0,25,0,7.2,432,0.27,0.41,0.14,1.06,18,1,0,3.1,15.2,2026-08-30T15:30:00Z,79,False,12,0,0,0,0,2,0,93316,1,2,5,9.0,4,-10233,3460,13693,55,True,0,2,15,10,3,2
James McAtee,MID,Nott'm Forest,2.0,a,,,,0.0,484,198,0,0,16,0,18.5,486,0.16,0.16,0.00,1.75,14,2,0,2.7,8.2,2026-08-29T11:30:00Z,90,False,14,0,0,0,0,2,0,5218,1,2,2,0.0,2,199,674,475,55,False,0,2,8,5,1,2
Aaron Wan-Bissaka,DEF,Aston Villa,0.0,,,,,,,,0,0,4,0,0.8,611,0.00,0.00,0.00,0.00,20,0,0,0.4,3.6,2026-08-31T19:00:00Z,12,False,1,0,0,0,0,2,0,4588,0,1,0,0.0,1,1383,1549,166,45,True,0,0,2,0,2,2
Liam Kitching,DEF,Coventry City,1.0,a,,,,0.7,225,85,0,0,0,0,0.0,174,0.00,0.00,0.00,0.00,13,0,0,0.0,0.0,2026-08-29T14:00:00Z,0,False,11,0,0,0,0,2,0,64130,0,1,0,0.0,0,-4266,520,4786,40,True,0,0,0,0,0,2
Haji Wright,FWD,Coventry City,0.0,i,Thigh injury - Unknown return date,0,0,0.2,373,55,0,0,0,0,0.0,193,0.00,0.00,0.00,0.00,13,0,0,0.0,0.0,2026-08-29T14:00:00Z,0,False,11,0,0,0,0,2,0,13634,0,1,0,0.0,0,-5318,107,5425,55,True,0,0,0,0,0,2
David Raya Martín,GK,Arsenal,4.0,a,,,,38.0,6,1,0,0,21,1,0.0,1,0.00,0.00,0.00,0.33,20,0,0,0.6,5.6,2026-08-31T19:00:00Z,90,False,2,0,0,0,0,2,0,3801300,1,1,0,0.0,6,24756,106734,81978,60,False,0,1,0,11,0,2
Joshua Zirkzee,FWD,Man Utd,1.8,a,,,,0.6,244,39,0,0,0,0,0.0,440,0.00,0.00,0.00,0.00,18,0,0,0.0,0.0,2026-08-30T15:30:00Z,0,False,12,0,0,0,0,2,0,51589,0,2,5,0.0,0,-11086,2045,13131,55,True,0,0,0,0,0,2
Harvey Cartwright,GK,Hull City,0.0,u,Has joined Grimsby Town on loan for the rest of the season,0,0,0.0,585,67,0,0,0,0,0.0,275,0.00,0.00,0.00,0.00,13,0,0,0.0,0.0,2026-08-29T14:00:00Z,0,False,7,0,0,0,0,2,0,909,0,1,0,0.0,0,-111,0,111,40,False,0,0,0,0,0,2
Jaka Bijol,DEF,Leeds,2.2,a,,,,0.6,237,91,0,0,0,0,0.2,327,0.00,0.00,0.00,0.55,17,1,0,0.9,8.4,2026-08-30T13:00:00Z,45,False,4,0,0,0,0,2,0,96315,1,1,1,0.0,1,37035,45219,8184,50,True,0,5,5,2,0,2
Hákon Rafn Valdimarsson,GK,Brentford,1.9,a,,,,0.1,410,45,0,0,0,0,0.0,83,0.00,0.00,0.00,0.00,17,0,0,0.0,0.0,2026-08-30T13:00:00Z,0,False,13,0,0,0,0,2,0,10896,0,1,1,0.0,0,-248,642,890,45,False,0,0,0,0,0,2
Joe Rodon,DEF,Leeds,1.7,a,,,,3.6,90,36,0,0,4,0,0.3,329,0.00,0.00,0.00,0.35,17,0,0,1.1,8.6,2026-08-30T13:00:00Z,33,False,4,0,0,0,0,2,0,358288,1,1,1,2.0,1,9026,21600,12574,45,True,0,4,4,1,0,2
Will Dennis,GK,Bournemouth,1.0,a,,,,0.2,351,38,0,0,0,0,0.0,59,0.00,0.00,0.00,0.00,12,0,0,0.0,0.0,2026-08-29T14:00:00Z,0,False,9,0,0,0,0,2,0,18847,0,1,1,0.0,0,-384,1133,1517,40,True,0,0,0,0,0,2
Wilfried Gnonto,MID,Leeds,0.0,i,Hamstring injury - Unknown return date,0,0,0.0,551,227,0,0,0,0,0.0,341,0.00,0.00,0.00,0.00,17,0,0,0.0,0.0,2026-08-30T13:00:00Z,0,False,4,0,0,0,0,2,0,1522,0,1,1,0.0,0,-678,18,696,50,True,0,0,0,0,0,2
Dara O'Shea,DEF,Ipswich Town,1.0,a,,,,3.5,98,40,0,0,-14,0,0.8,304,0.01,0.08,0.07,4.77,18,5,0,0.9,0.0,2026-08-30T15:30:00Z,90,False,16,0,0,0,0,2,0,338381,1,2,5,9.0,0,1655,15639,13984,40,False,0,1,1,2,0,2
Dominic Calvert-Lewin,FWD,Leeds,2.0,a,,,,29.9,8,3,0,2,31,0,4.0,346,0.02,0.94,0.92,1.67,17,1,1,7.7,38.4,2026-08-30T13:00:00Z,90,False,4,0,0,0,0,2,0,2823193,1,1,1,35.0,8,-104622,84314,188936,60,True,0,3,4,1,0,2
Jake Bidwell,DEF,Coventry City,1.0,a,,,,0.1,430,151,0,0,0,0,0.0,178,0.00,0.00,0.00,0.00,13,0,0,0.0,0.0,2026-08-29T14:00:00Z,0,False,11,0,0,0,0,2,0,8500,0,1,0,0.0,0,-238,506,744,40,True,0,0,0,0,0,2
Kieran Dowell,MID,Hull City,1.0,a,,,,0.4,274,89,0,0,0,0,0.0,288,0.00,0.00,0.00,0.00,13,0,0,0.0,0.0,2026-08-29T14:00:00Z,0,False,7,0,0,0,0,2,0,35966,0,1,0,0.0,0,-2542,1716,4258,45,False,0,0,0,0,0,2
Youri Tielemans,MID,Man Utd,2.2,a,,100,100,2.5,116,36,0,0,26,0,46.3,43,0.11,0.58,0.47,2.06,18,2,0,10.0,33.2,2026-08-30T15:30:00Z,90,False,12,0,0,0,0,2,0,232262,1,2,5,20.0,4,-23073,12631,35704,60,True,0,4,13,7,2,2
Paddy McNair,DEF,Hull City,1.0,a,,,,0.1,395,140,0,0,0,0,0.0,285,0.00,0.00,0.00,0.00,13,0,0,0.0,0.0,2026-08-29T14:00:00Z,0,False,7,0,0,0,0,2,0,13083,0,1,0,0.0,0,-44,646,690,40,False,0,0,0,0,0,2
Julián Araujo Zúñiga,DEF,Bournemouth,0.0,i,Thigh injury - Unknown return date,0,0,0.0,554,192,0,0,0,0,0.0,65,0.00,0.00,0.00,0.00,12,0,0,0.0,0.0,2026-08-29T14:00:00Z,0,False,9,0,0,0,0,2,0,1571,0,1,1,0.0,0,-418,88,506,45,True,0,0,0,0,0,2
Jason Steele,GK,Brighton,1.0,a,,,,4.1,80,12,0,0,0,0,0.0,111,0.00,0.00,0.00,0.00,16,0,0,0.0,0.0,2026-08-30T13:00:00Z,0,False,6,0,0,0,0,2,0,398691,0,3,4,0.0,0,-3330,10714,14044,40,False,0,0,0,0,0,2
Joachim Andersen,DEF,Fulham,0.0,a,,0,100,0.0,492,171,0,0,4,0,12.9,253,0.04,0.04,0.00,2.02,19,1,0,3.3,17.8,2026-08-30T13:00:00Z,90,False,20,0,0,0,0,2,0,7735,1,0,1,2.0,1,1684,2314,630,50,False,1,8,8,2,0,2
Emiliano Martínez Romero,GK,Chelsea,2.6,a,,,,4.2,77,10,0,0,18,0,20.0,28,0.01,0.01,0.00,1.41,16,3,0,5.6,36.2,2026-08-30T13:00:00Z,90,False,5,0,0,0,0,2,4,419555,1,3,4,0.0,2,-42289,14876,8115,50,True,0,1,0,13,0,2
Dan Ndoye,MID,Nott'm Forest,2.0,a,,,,0.4,268,85,0,2,30,0,23.0,483,0.63,0.98,0.35,1.42,14,1,1,9.5,35.8,2026-08-29T11:30:00Z,65,False,14,0,0,0,0,2,0,39501,1,2,2,36.0,9,-3771,1491,5262,55,False,0,1,9,8,0,2
Taiwo Awoniyi,FWD,Coventry City,1.8,a,,,,0.8,214,35,0,0,6,0,23.6,492,0.03,0.96,0.93,0.72,13,1,0,9.9,10.0,2026-08-29T14:00:00Z,90,False,11,0,0,0,0,2,0,83094,1,1,0,65.0,2,-639,8654,9293,55,True,0,1,3,2,0,2
Leny Yoro,DEF,Man Utd,2.2,a,,,,0.7,224,84,0,0,-2,0,1.8,420,0.01,0.01,0.00,1.00,18,1,0,0.4,1.8,2026-08-30T15:30:00Z,16,False,12,0,0,0,0,2,0,62806,0,2,5,0.0,1,-9208,1536,10744,50,True,0,2,2,1,0,2
Anton Stach,MID,Leeds,2.2,a,,,,1.4,164,48,0,0,13,0,17.0,335,0.01,0.08,0.07,1.67,17,1,0,4.6,24.6,2026-08-30T13:00:00Z,90,False,4,0,0,0,0,2,0,255319,1,1,1,4.0,4,67665,81344,13679,60,True,0,8,16,4,4,2
William Osula,FWD,Newcastle,2.0,a,,,,1.2,183,26,0,0,0,0,0.0,465,0.00,0.00,0.00,0.00,15,0,0,0.0,0.0,2026-08-29T16:30:00Z,0,False,19,0,0,0,0,2,0,90550,0,2,0,0.0,0,-6163,20344,26507,60,False,0,0,0,0,0,2
Erling Haaland,FWD,Man City,4.0,a,,,,68.6,1,1,0,3,60,0,0.1,411,0.00,0.66,0.66,0.66,11,1,2,12.0,69.0,2026-08-28T19:00:00Z,90,False,8,0,0,0,0,2,0,6731685,1,4,1,51.0,13,-34247,69605,103852,155,False,0,3,5,2,0,2
Dillon Phillips,GK,Hull City,1.0,a,,,,1.6,156,23,0,0,0,0,0.0,273,0.00,0.00,0.00,0.00,13,0,0,0.0,0.0,2026-08-29T14:00:00Z,0,False,7,0,0,0,0,2,0,150763,0,1,0,0.0,0,-3979,3115,7094,40,False,0,0,0,0,0,2
Álvaro Rodríguez,FWD,Bournemouth,1.5,a,,75,100,0.1,409,61,0,0,4,0,0.0,81,0.00,0.00,0.00,0.16,12,1,0,0.0,0.0,2026-08-29T14:00:00Z,9,False,9,0,0,0,0,2,0,11569,0,1,1,0.0,1,-182,1000,1182,60,True,0,0,1,1,0,2
Hayden Hackney,MID,Everton,2.0,a,,,,0.3,308,106,0,0,3,0,1.4,247,0.01,0.01,0.00,1.58,12,0,0,1.1,7.8,2026-08-29T14:00:00Z,28,False,3,0,0,0,0,2,0,24628,0,1,1,2.0,1,-2358,844,3202,55,False,0,2,3,1,0,2
Jacob Murphy,MID,Newcastle,2.2,a,,,,0.2,368,137,0,0,3,0,3.1,457,0.20,0.20,0.00,0.38,15,0,0,0.7,2.2,2026-08-29T16:30:00Z,8,False,19,0,0,0,0,2,0,15641,0,2,0,2.0,1,-1965,717,2682,60,False,0,0,3,2,1,2
Neco Williams,DEF,Nott'm Forest,2.2,a,,,,9.6,42,15,1,0,16,0,25.3,469,0.15,0.27,0.12,1.75,14,2,0,6.6,34.4,2026-08-29T11:30:00Z,90,False,14,0,0,0,0,2,0,880209,1,2,2,6.0,6,-67984,14150,82134,50,False,0,6,12,1,6,2
Mikey Moore,MID,Spurs,1.5,a,,,,0.2,359,131,0,0,1,0,0.4,523,0.00,0.02,0.02,0.24,15,1,0,0.0,0.0,2026-08-29T16:30:00Z,22,False,17,0,0,0,0,2,0,19021,0,2,0,1.0,1,-107,2419,2526,50,True,0,0,1,1,0,2
El Hadji Malick Diouf,DEF,Brentford,0.0,,,,,,,,0,0,0,0,0.0,620,0.00,0.00,0.00,0.00,17,0,0,0.0,0.0,2026-08-30T13:00:00Z,0,False,13,0,0,0,0,2,0,817,0,1,1,0.0,0,563,600,37,45,False,0,0,0,0,0,2
Ellis Simms,FWD,Coventry City,1.4,a,,,,1.0,200,32,0,0,0,0,0.0,195,0.00,0.00,0.00,0.00,13,0,0,0.0,0.0,2026-08-29T14:00:00Z,0,False,11,0,0,0,0,2,0,100916,0,1,0,0.0,0,10333,19936,9603,50,True,0,0,0,0,0,2
Mohamed-Ali Cho,MID,Hull City,0.0,,,,,,,,0,0,3,0,0.3,617,0.00,0.00,0.00,0.18,13,0,0,0.1,0.4,2026-08-29T14:00:00Z,7,False,7,0,0,0,0,2,0,49,0,1,0,0.0,1,23,25,2,50,False,0,0,0,0,0,2
Kjell Scherpen,GK,Ipswich Town,1.9,a,,,,0.7,233,32,0,0,9,0,0.0,564,0.01,0.01,0.00,4.77,18,5,0,4.6,46.4,2026-08-30T15:30:00Z,90,False,16,0,0,0,0,2,6,62701,1,2,5,0.0,2,-2247,1329,3576,45,False,0,4,0,13,0,2
Ezri Konsa Ngoyo,DEF,Arsenal,1.7,a,,,,11.7,34,12,0,0,3,0,0.1,31,0.00,0.00,0.00,0.00,20,0,0,0.3,3.2,2026-08-31T19:00:00Z,11,False,2,0,0,0,0,2,0,1061562,0,1,0,0.0,1,-179766,49821,229587,45,False,0,1,1,0,0,2
Issa Diop,DEF,Ipswich Town,1.0,a,,,,17.7,20,7,0,0,7,0,0.3,259,0.00,0.00,0.00,4.77,18,5,0,4.1,40.8,2026-08-30T15:30:00Z,90,False,16,0,0,0,0,2,0,1683238,1,2,5,0.0,2,-44411,26513,70924,40,False,0,12,12,4,0,2
Enes Ünal,FWD,Bournemouth,0.0,u,Has joined Getafe permanently,0,0,0.0,525,69,0,0,0,0,0.0,80,0.00,0.00,0.00,0.00,12,0,0,0.0,0.0,2026-08-29T14:00:00Z,0,False,9,0,0,0,0,2,0,2487,0,1,1,0.0,0,-1070,0,1070,55,True,0,0,0,0,0,2
Stefan Bajčetić Maquieira,MID,Liverpool,0.0,i,Hamstring injury - Unknown return date,0,0,0.0,607,266,0,0,0,0,0.0,376,0.00,0.00,0.00,0.00,14,0,0,0.0,0.0,2026-08-29T11:30:00Z,0,False,18,0,0,0,0,2,0,173,0,2,2,0.0,0,-21,8,29,50,True,0,0,0,0,0,2
Nilson Angulo,MID,Sunderland,1.5,a,,,,0.1,423,166,0,0,13,1,16.7,551,0.04,0.04,0.00,0.58,19,0,0,2.4,7.2,2026-08-30T13:00:00Z,64,False,10,0,0,0,0,2,0,13112,1,0,1,0.0,3,3964,5343,1379,50,True,0,0,5,4,1,2
Jack Hinshelwood,MID,Brighton,2.2,a,,,,1.5,160,46,0,0,0,0,0.0,123,0.00,0.00,0.00,0.00,16,0,0,0.0,0.0,2026-08-30T13:00:00Z,0,False,6,0,0,0,0,2,0,230171,0,3,4,0.0,0,101743,139828,38085,60,False,0,0,0,0,0,2
Matty Jacob,DEF,Hull City,0.0,i,Hip injury - Expected back 5 Sep,0,0,0.0,576,195,0,0,0,0,0.0,283,0.00,0.00,0.00,0.00,13,0,0,0.0,0.0,2026-08-29T14:00:00Z,0,False,7,0,0,0,0,2,0,1177,0,1,0,0.0,0,-171,57,228,40,False,0,0,0,0,0,2
Conor Gallagher,MID,Spurs,2.0,a,,,,0.3,298,100,0,0,0,0,0.0,519,0.00,0.00,0.00,0.00,15,0,0,0.0,0.0,2026-08-29T16:30:00Z,0,False,17,0,0,0,0,2,0,27438,0,2,0,0.0,0,-3439,1208,4647,55,True,0,0,0,0,0,2
John McGinn,MID,Aston Villa,2.0,a,,,,3.1,103,34,0,0,2,0,12.0,45,0.05,0.10,0.05,1.04,20,1,0,1.7,0.0,2026-08-31T19:00:00Z,90,False,1,0,0,0,0,2,0,274653,1,1,0,10.0,1,-37047,7606,44653,55,True,1,1,4,2,1,2
Endo Wataru,MID,Liverpool,1.5,a,,100,100,0.1,464,188,0,0,0,0,0.0,374,0.00,0.00,0.00,0.00,14,0,0,0.0,0.0,2026-08-29T11:30:00Z,0,False,18,0,0,0,0,2,0,6389,0,2,2,0.0,0,-500,485,985,50,True,0,0,0,0,0,2
Rico Lewis,DEF,Man City,1.7,a,,,,0.2,323,123,0,0,0,0,0.0,395,0.00,0.00,0.00,0.00,11,0,0,0.0,0.0,2026-08-28T19:00:00Z,0,False,8,0,0,0,0,2,0,25045,0,4,1,0.0,0,1097,3620,2523,45,False,0,0,0,0,0,2
Dwight McNeil,MID,Crystal Palace,2.0,a,,,,0.2,362,133,0,0,2,0,0.3,241,0.00,0.00,0.00,0.20,11,1,0,0.1,0.4,2026-08-28T19:00:00Z,22,False,15,0,0,0,0,2,0,16698,0,4,1,0.0,1,-1356,472,1828,55,True,0,1,2,1,0,2
Matty Cash,DEF,Aston Villa,1.7,a,,,,8.3,51,19,0,0,8,0,1.8,32,0.01,0.16,0.15,1.04,20,1,0,2.3,14.0,2026-08-31T19:00:00Z,77,False,1,0,0,0,0,2,0,749133,1,1,0,7.0,2,-79349,26978,106327,45,True,0,2,6,1,4,2
Habib Diarra,MID,Sunderland,2.0,a,,,,0.1,452,182,1,0,15,0,10.3,543,0.16,0.16,0.00,0.02,19,0,0,2.6,15.2,2026-08-30T13:00:00Z,18,False,10,0,0,0,0,2,0,6801,0,0,1,0.0,4,-842,335,1177,55,True,0,0,0,0,0,2
Estêvão Almeida de Oliveira Gonçalves,MID,Chelsea,2.3,a,,,,1.2,175,56,0,0,0,0,0.0,157,0.00,0.00,0.00,0.00,16,0,0,0.0,0.0,2026-08-30T13:00:00Z,0,False,5,0,0,0,0,2,0,111448,0,3,4,0.0,0,-18220,5564,23784,65,True,0,0,0,0,0,2
Jun'ai Byfield,DEF,Spurs,1.0,a,,,,0.1,477,167,0,0,0,0,0.0,509,0.00,0.00,0.00,0.00,15,0,0,0.0,0.0,2026-08-29T16:30:00Z,0,False,17,0,0,0,0,2,0,5341,0,2,0,0.0,0,-239,319,558,40,True,0,0,0,0,0,2
Amine Adli,MID,Bournemouth,0.0,i,Unspecified injury - Unknown return date,0,0,0.0,535,222,0,0,0,0,0.0,77,0.00,0.00,0.00,0.00,12,0,0,0.0,0.0,2026-08-29T14:00:00Z,0,False,9,0,0,0,0,2,0,2226,0,1,1,0.0,0,-922,54,976,50,True,0,0,0,0,0,2
Nathan Patterson,DEF,Everton,1.7,a,,,,0.0,517,178,0,0,0,0,0.0,234,0.00,0.00,0.00,0.00,12,0,0,0.0,0.0,2026-08-29T14:00:00Z,0,False,3,0,0,0,0,2,0,3302,0,1,1,0.0,0,-162,207,369,45,False,0,0,0,0,0,2
Oscar Mingueza,DEF,Crystal Palace,1.7,a,,,,0.1,442,155,0,0,1,0,0.1,207,0.00,0.00,0.00,0.20,11,1,0,0.2,2.2,2026-08-28T19:00:00Z,15,False,15,0,0,0,0,2,0,7384,0,4,1,0.0,1,-1081,199,1280,45,True,0,0,1,0,1,2
Alexis Mac Allister,MID,Liverpool,2.0,a,,,,1.7,145,42,0,0,10,0,7.7,372,0.39,0.39,0.00,2.23,14,2,0,2.0,12.6,2026-08-29T11:30:00Z,76,False,18,0,0,0,0,2,0,156781,1,2,2,0.0,2,-14941,6567,21508,55,True,0,2,10,5,3,2
Joe Gelhardt,MID,Hull City,0.0,i,Ankle injury - Expected back 5 Sep,0,0,0.0,574,243,0,0,0,0,0.0,340,0.00,0.00,0.00,0.00,13,0,0,0.0,0.0,2026-08-29T14:00:00Z,0,False,7,0,0,0,0,2,0,1160,0,1,0,0.0,0,-243,45,288,50,False,0,0,0,0,0,2
Yoane Wissa,FWD,Newcastle,2.0,a,,,,2.4,117,17,0,2,37,1,10.3,464,0.00,0.35,0.35,0.74,15,0,1,9.2,35.6,2026-08-29T16:30:00Z,81,False,19,0,0,0,0,2,0,359321,1,2,0,46.0,8,134869,158957,24088,60,False,0,1,6,4,1,2
Federico Chiesa,MID,Liverpool,2.0,a,,,,0.1,398,156,0,0,0,0,0.0,370,0.00,0.00,0.00,0.00,14,0,0,0.0,0.0,2026-08-29T11:30:00Z,0,False,18,0,0,0,0,2,0,10863,0,2,2,0.0,0,-2965,585,3550,55,True,0,0,0,0,0,2
Luke O'Nien,DEF,Sunderland,1.0,a,,,,3.6,93,38,0,0,0,0,0.0,539,0.00,0.00,0.00,0.00,19,0,0,0.0,0.0,2026-08-30T13:00:00Z,0,False,10,0,0,0,0,2,0,338160,0,0,1,0.0,0,-12937,4602,17539,40,True,0,0,0,0,0,2
Tyrick Mitchell,DEF,Crystal Palace,1.7,a,,,,6.0,62,24,0,0,-8,0,21.6,204,0.16,0.27,0.11,2.21,11,4,0,4.0,11.6,2026-08-28T19:00:00Z,90,False,15,0,0,0,0,2,0,548942,1,4,1,7.0,0,-44374,5965,50339,45,True,0,3,5,1,2,2
Joel Latibeaudiere,DEF,Coventry City,1.0,a,,,,0.0,499,173,0,0,0,0,0.0,179,0.00,0.00,0.00,0.00,13,0,0,0.0,0.0,2026-08-29T14:00:00Z,0,False,11,0,0,0,0,2,0,3984,0,1,0,0.0,0,-260,160,420,40,True,0,0,0,0,0,2
David Button,GK,Ipswich Town,1.0,a,,,,0.5,265,36,0,0,0,0,0.0,302,0.00,0.00,0.00,0.00,18,0,0,0.0,0.0,2026-08-30T15:30:00Z,0,False,16,0,0,0,0,2,0,44640,0,2,5,0.0,0,140,1959,1819,40,False,0,0,0,0,0,2
Harry Amass,DEF,Man Utd,1.0,a,,,,0.2,348,131,0,0,0,0,0.0,424,0.00,0.00,0.00,0.00,18,0,0,0.0,0.0,2026-08-30T15:30:00Z,0,False,12,0,0,0,0,2,0,19337,0,2,5,0.0,0,-1093,888,1981,40,True,0,0,0,0,0,2
Fraser Forster,GK,Bournemouth,1.0,a,,,,3.2,102,16,0,0,0,0,0.0,58,0.00,0.00,0.00,0.00,12,0,0,0.0,0.0,2026-08-29T14:00:00Z,0,False,9,0,0,0,0,2,0,317899,0,1,1,0.0,0,-1091,9562,10653,40,True,0,0,0,0,0,2
Hugo Ekitiké,FWD,Liverpool,0.0,i,Achilles injury - Unknown return date,0,0,0.2,381,57,0,0,0,0,0.0,380,0.00,0.00,0.00,0.00,14,0,0,0.0,0.0,2026-08-29T11:30:00Z,0,False,18,0,0,0,0,2,0,14299,0,2,2,0.0,0,-3098,709,3807,75,True,0,0,0,0,0,2
Matheus Santos Carneiro da Cunha,MID,Man Utd,2.8,a,,,,9.8,41,16,2,1,31,0,27.6,428,0.15,0.26,0.11,1.06,18,1,0,7.6,20.0,2026-08-30T15:30:00Z,79,False,12,0,0,0,0,2,0,924196,1,2,5,28.0,9,-66103,26854,92957,80,True,0,0,2,2,0,2
Karl Darlow,GK,Man Utd,1.4,a,,75,100,0.0,512,55,0,0,0,0,0.0,325,0.00,0.00,0.00,0.00,18,0,0,0.0,0.0,2026-08-30T15:30:00Z,0,False,12,0,0,0,0,2,0,3863,0,2,5,0.0,0,-15,242,257,45,True,0,0,0,0,0,2
Macauley Zepa,MID,Fulham,0.0,,,,,,,,0,0,0,0,0.0,626,0.00,0.00,0.00,0.00,19,0,0,0.0,0.0,2026-08-30T13:00:00Z,0,False,20,0,0,0,0,2,0,0,0,0,1,0.0,0,0,0,0,45,False,0,0,0,0,0,2
Fabian Schär,DEF,Newcastle,2.2,a,,100,100,0.3,312,116,0,0,0,0,0.0,446,0.00,0.00,0.00,0.00,15,0,0,0.0,0.0,2026-08-29T16:30:00Z,0,False,19,0,0,0,0,2,0,26250,0,2,0,0.0,0,10,1895,1885,50,False,0,0,0,0,0,2
James Maddison,MID,Spurs,2.3,a,,,,1.3,172,53,0,0,0,0,0.0,515,0.00,0.00,0.00,0.00,15,0,0,0.0,0.0,2026-08-29T16:30:00Z,0,False,17,0,0,0,0,2,0,96409,0,2,0,0.0,0,-34300,2686,36986,65,True,0,0,0,0,0,2
Exequiel Palacios,MID,Ipswich Town,0.0,,,,,,,,0,0,11,0,12.0,619,0.01,0.01,0.00,1.92,18,2,0,2.1,7.2,2026-08-30T15:30:00Z,28,False,16,0,0,0,0,2,0,127,0,2,5,2.0,1,84,89,5,50,False,0,2,6,3,1,2
George Hirst,FWD,Ipswich Town,0.0,u,Has joined Stoke City permanently,0,0,0.2,343,54,0,0,0,0,0.0,317,0.00,0.00,0.00,0.00,18,0,0,0.0,0.0,2026-08-30T15:30:00Z,0,False,16,0,0,0,0,2,0,16241,0,2,5,0.0,0,-8695,0,8695,50,False,0,0,0,0,0,2
Rio Ngumoha,MID,Liverpool,2.2,a,,,,1.1,184,61,0,0,5,0,1.3,369,0.03,0.03,0.00,0.07,14,0,0,0.5,2.0,2026-08-29T11:30:00Z,19,False,18,0,0,0,0,2,0,106917,0,2,2,2.0,1,-9330,5547,14877,60,True,0,0,0,0,0,2
Joško Gvardiol,DEF,Man City,2.5,a,,,,12.4,31,11,1,0,18,0,30.8,391,0.04,0.04,0.00,0.66,11,1,0,6.0,27.6,2026-08-28T19:00:00Z,74,False,8,0,0,0,0,2,0,1383738,1,4,1,2.0,5,193061,228418,35357,55,False,0,1,2,0,1,2
Filip Jörgensen,GK,Chelsea,0.0,u,Has joined RC Strasbourg on loan for the rest of the season,0,0,0.0,568,65,0,0,0,0,0.0,141,0.00,0.00,0.00,0.00,16,0,0,0.0,0.0,2026-08-30T13:00:00Z,0,False,5,0,0,0,0,2,0,1280,0,3,4,0.0,0,-501,0,501,50,True,0,0,0,0,0,2
Lewis Dunk,DEF,Brighton,1.7,a,,,,1.1,186,71,0,0,-4,0,2.0,116,0.01,0.01,0.00,2.93,16,4,0,1.7,14.8,2026-08-30T13:00:00Z,90,False,6,0,0,0,0,2,0,118436,1,3,4,0.0,-1,8033,13343,5310,45,False,1,2,3,4,1,2
Ilia Gruev,MID,Leeds,0.0,i,Knee injury - Unknown return date,0,0,0.0,598,260,0,0,0,0,0.0,344,0.00,0.00,0.00,0.00,17,0,0,0.0,0.0,2026-08-30T13:00:00Z,0,False,4,0,0,0,0,2,0,362,0,1,1,0.0,0,-120,9,129,50,True,0,0,0,0,0,2
Sean Longstaff,MID,Leeds,1.5,a,,,,0.1,394,154,0,0,0,0,0.0,339,0.00,0.00,0.00,0.00,17,0,0,0.0,0.0,2026-08-30T13:00:00Z,0,False,4,0,0,0,0,2,0,12723,0,1,1,0.0,0,-1056,575,1631,50,True,0,0,0,0,0,2
Rodrigo Muniz Carvalho,FWD,Fulham,1.8,a,,,,0.6,243,38,0,0,0,0,0.0,271,0.00,0.00,0.00,0.00,19,0,0,0.0,0.0,2026-08-30T13:00:00Z,0,False,20,0,0,0,0,2,0,54718,0,0,1,0.0,0,-4078,2812,6890,55,False,0,0,0,0,0,2
Emiliano Buendía Stati,MID,Aston Villa,2.2,a,,,,1.3,173,54,0,0,9,0,13.2,41,0.02,0.06,0.04,1.04,20,1,0,2.7,5.0,2026-08-31T19:00:00Z,90,False,1,0,0,0,0,2,0,114718,1,1,0,9.0,2,-16866,5020,21886,60,True,0,0,5,4,1,2
Dejan Kulusevski,MID,Spurs,0.0,i,Knee injury - Unknown return date,0,0,0.0,582,247,0,0,0,0,0.0,521,0.00,0.00,0.00,0.00,15,0,0,0.0,0.0,2026-08-29T16:30:00Z,0,False,17,0,0,0,0,2,0,939,0,2,0,0.0,0,-166,75,241,65,True,0,0,0,0,0,2
Rayan Aït-Nouri,DEF,Man City,2.5,a,,,,0.9,210,77,0,0,0,0,0.0,392,0.00,0.00,0.00,0.00,11,0,0,0.0,0.0,2026-08-28T19:00:00Z,0,False,8,0,0,0,0,2,0,77633,0,4,1,0.0,0,-14163,2616,16779,55,False,0,0,0,0,0,2
Declan Rice,MID,Arsenal,2.6,a,,,,17.6,21,7,0,0,19,1,27.6,13,0.10,0.10,0.00,0.33,20,0,0,5.2,24.0,2026-08-31T19:00:00Z,84,False,2,0,0,0,0,2,0,1662633,1,1,0,0.0,5,-122235,35487,157722,75,False,0,2,12,7,3,2
Adam Smith,DEF,Bournemouth,1.7,a,,,,0.1,402,142,0,0,5,0,15.7,64,0.02,0.02,0.00,1.84,12,1,0,3.1,15.6,2026-08-29T14:00:00Z,90,False,9,0,0,0,0,2,0,13789,1,1,1,0.0,1,1827,2845,1018,45,True,1,4,6,0,2,2
Lucas Digne,DEF,Aston Villa,0.0,u,Has joined Paris Saint-Germain permanently,0,0,0.1,421,150,0,0,0,0,0.0,30,0.00,0.00,0.00,0.00,20,0,0,0.0,0.0,2026-08-31T19:00:00Z,0,False,1,0,0,0,0,2,0,8690,0,1,0,0.0,0,-4977,0,4977,45,True,0,0,0,0,0,2
Marcus Bettinelli,GK,Man City,1.9,a,,,,0.0,530,61,0,0,0,0,0.0,386,0.00,0.00,0.00,0.00,11,0,0,0.0,0.0,2026-08-28T19:00:00Z,0,False,8,0,0,0,0,2,0,2853,0,4,1,0.0,0,-101,135,236,45,False,0,0,0,0,0,2
Joao Gomes,MID,Aston Villa,0.0,s,Suspended until 19 Sep,0,0,0.1,467,189,0,0,0,0,0.0,54,0.00,0.00,0.00,0.00,20,0,0,0.0,0.0,2026-08-31T19:00:00Z,0,False,1,0,0,0,0,2,0,5096,0,1,0,0.0,0,-1729,154,1883,55,True,0,0,0,0,0,2
Chido Obi,FWD,Man Utd,1.0,a,,,,1.1,185,27,0,0,0,0,0.0,441,0.00,0.00,0.00,0.00,18,0,0,0.0,0.0,2026-08-30T15:30:00Z,0,False,12,0,0,0,0,2,0,109991,0,2,5,0.0,0,-5253,6316,11569,45,True,0,0,0,0,0,2
Justin Kluivert,MID,Bournemouth,2.2,a,,,,1.2,180,59,0,0,12,1,26.9,70,0.05,0.66,0.61,1.67,12,0,0,9.5,11.2,2026-08-29T14:00:00Z,80,False,9,0,0,0,0,2,0,123176,1,1,1,57.0,3,6731,16321,9590,60,True,0,0,5,5,0,2
Tom Heaton,GK,Man Utd,0.0,i,Hamstring injury - Unknown return date,0,0,0.1,428,48,0,0,0,0,0.0,414,0.00,0.00,0.00,0.00,18,0,0,0.0,0.0,2026-08-30T15:30:00Z,0,False,12,0,0,0,0,2,0,8703,0,2,5,0.0,0,-790,215,1005,40,True,0,0,0,0,0,2
Wilson Isidor,FWD,Sunderland,1.8,a,,,,0.9,201,33,0,3,29,0,0.1,553,0.00,1.39,1.39,0.37,19,0,1,5.4,29.2,2026-08-30T13:00:00Z,26,False,10,0,0,0,0,2,0,85703,0,0,1,25.0,8,-10451,2470,12921,55,True,0,0,0,0,0,2
Kosta Nedeljkovic,DEF,Aston Villa,0.0,u,Has joined Rangers on loan for the rest of the season,0,0,0.3,316,119,0,0,0,0,0.0,39,0.00,0.00,0.00,0.00,20,0,0,0.0,0.0,2026-08-31T19:00:00Z,0,False,1,0,0,0,0,2,0,21591,0,1,0,0.0,0,-7238,0,7238,40,True,0,0,0,0,0,2
Joe Gomez,DEF,Liverpool,0.0,i,Muscular injury - Unknown return date,0,0,0.0,557,193,0,0,0,0,0.0,359,0.00,0.00,0.00,0.00,14,0,0,0.0,0.0,2026-08-29T11:30:00Z,0,False,18,0,0,0,0,2,0,1606,0,2,2,0.0,0,-330,79,409,50,True,0,0,0,0,0,2
Daizen Maeda,MID,Ipswich Town,2.0,a,,,,0.4,270,87,0,0,10,0,1.4,562,0.01,0.07,0.06,3.91,18,4,0,2.8,8.0,2026-08-30T15:30:00Z,72,False,16,0,0,0,0,2,0,37115,1,2,5,19.0,2,-3302,740,4042,55,False,0,3,5,1,1,2
Jonah Kusi-Asare,FWD,Fulham,1.0,a,,,,7.2,55,9,0,0,0,0,0.0,272,0.00,0.00,0.00,0.00,19,0,0,0.0,0.0,2026-08-30T13:00:00Z,0,False,20,0,0,0,0,2,0,685336,0,0,1,0.0,0,-20589,23688,44277,45,False,0,0,0,0,0,2
Mateo Joseph Fernández-Regatillo,FWD,Leeds,0.0,i,Knee injury - Unknown return date,0,0,0.1,471,63,0,0,0,0,0.0,349,0.00,0.00,0.00,0.00,17,0,0,0.0,0.0,2026-08-30T13:00:00Z,0,False,4,0,0,0,0,2,0,5489,0,1,1,0.0,0,-726,325,1051,45,True,0,0,0,0,0,2
Jens Hjertø-Dahl,MID,Hull City,1.5,a,,,,0.1,437,174,0,0,0,0,0.0,574,0.00,0.00,0.00,0.00,13,0,0,0.0,0.0,2026-08-29T14:00:00Z,0,False,7,0,0,0,0,2,0,7716,0,1,0,0.0,0,-662,307,969,50,False,0,0,0,0,0,2
Granit Xhaka,MID,Sunderland,2.0,a,,,,4.5,73,24,0,3,29,1,57.9,544,0.36,0.36,0.00,0.95,19,0,0,7.8,20.4,2026-08-30T13:00:00Z,90,False,10,0,0,0,0,2,0,464299,1,0,1,0.0,6,24566,42781,18215,55,True,0,1,7,6,0,2
Dan Bentley,GK,Coventry City,0.0,,,,,,,,0,0,0,0,0.0,623,0.00,0.00,0.00,0.00,13,0,0,0.0,0.0,2026-08-29T14:00:00Z,0,False,11,0,0,0,0,2,0,0,0,1,0,0.0,0,0,0,0,40,True,0,0,0,0,0,2
Kim Ji-soo,DEF,Brentford,1.7,a,,,,0.0,546,188,0,0,0,0,0.0,92,0.00,0.00,0.00,0.00,17,0,0,0.0,0.0,2026-08-30T13:00:00Z,0,False,13,0,0,0,0,2,0,1940,0,1,1,0.0,0,-86,112,198,45,False,0,0,0,0,0,2
Callum Hudson-Odoi,MID,Nott'm Forest,2.2,a,,100,100,0.3,317,109,0,0,2,0,0.3,482,0.00,0.00,0.00,0.00,14,0,0,0.0,0.0,2026-08-29T11:30:00Z,1,False,14,0,0,0,0,2,0,21667,0,2,2,0.0,1,-4758,726,5484,60,False,0,0,0,0,0,2
Antonee Robinson,DEF,Fulham,1.7,a,,,,1.7,143,60,0,0,10,0,4.6,254,0.02,0.02,0.00,2.02,19,1,0,1.4,9.8,2026-08-30T13:00:00Z,90,False,20,0,0,0,0,2,0,165662,1,0,1,0.0,2,1752,11181,9429,45,False,0,0,3,2,3,2
Wes Burns,MID,Ipswich Town,0.0,u,Has joined Leicester City permanently,0,0,0.0,594,256,0,0,0,0,0.0,311,0.00,0.00,0.00,0.00,18,0,0,0.0,0.0,2026-08-30T15:30:00Z,0,False,16,0,0,0,0,2,0,366,0,2,5,0.0,0,-191,0,191,50,False,0,0,0,0,0,2
Jeremy Jacquet,DEF,Liverpool,2.2,a,,100,100,2.4,120,49,0,0,13,0,15.1,362,0.05,0.05,0.00,2.23,14,2,0,4.8,30.8,2026-08-29T11:30:00Z,76,False,18,0,0,0,0,2,0,235410,1,2,2,2.0,3,4556,22712,18156,50,True,0,8,11,4,3,2
Nico Elvedi,DEF,Leeds,1.7,a,,,,0.0,537,184,0,0,9,0,1.1,598,0.00,0.00,0.00,1.32,17,1,0,2.3,16.0,2026-08-30T13:00:00Z,56,False,4,0,0,0,0,2,0,2511,0,1,1,6.0,1,75,354,279,45,True,0,5,6,4,1,2
Marco Palestra,DEF,Chelsea,2.5,d,Unspecified injury - 75% chance of playing,,75,2.7,109,44,0,0,0,0,0.0,152,0.00,0.00,0.00,0.00,16,0,0,0.0,0.0,2026-08-30T13:00:00Z,0,False,5,0,0,0,0,2,0,209865,0,3,4,0.0,0,-64977,4960,69937,55,True,0,0,0,0,0,2
Cameron Humphreys,MID,Ipswich Town,1.0,a,,,,0.0,543,225,0,0,0,0,0.0,602,0.00,0.00,0.00,0.00,18,0,0,0.0,0.0,2026-08-30T15:30:00Z,0,False,16,0,0,0,0,2,0,3086,0,2,5,0.0,0,942,1275,333,45,False,0,0,0,0,0,2
Cathal McCarthy,DEF,Hull City,1.0,a,,,,0.1,436,153,0,0,0,0,0.0,284,0.00,0.00,0.00,0.00,13,0,0,0.0,0.0,2026-08-29T14:00:00Z,0,False,7,0,0,0,0,2,0,8232,0,1,0,0.0,0,-284,675,959,40,False,0,0,0,0,0,2
Roméo Lavia,MID,Chelsea,1.5,a,,,,0.1,476,194,0,0,32,0,0.8,161,0.00,0.54,0.54,1.26,16,2,1,7.3,39.0,2026-08-30T13:00:00Z,67,False,5,0,0,0,0,2,0,6337,1,3,4,33.0,7,254,1173,919,50,True,0,3,7,3,1,2
Rodrigo Bentancur,MID,Spurs,2.0,a,,,,0.2,347,126,0,0,17,0,7.1,516,0.02,0.02,0.00,0.72,15,2,0,2.3,15.4,2026-08-29T16:30:00Z,90,False,17,0,0,0,0,2,0,18887,1,2,0,0.0,2,-1429,602,2031,55,True,0,3,11,6,2,2
Enzo Le Fée,MID,Sunderland,2.2,a,,,,9.5,44,18,0,0,13,1,21.2,542,0.17,0.54,0.37,0.86,19,0,0,5.5,3.4,2026-08-30T13:00:00Z,89,False,10,0,0,0,0,2,0,853085,1,0,1,30.0,3,-103724,11386,115110,60,True,0,1,6,4,1,2
Murillo Costa dos Santos,DEF,Nott'm Forest,2.5,a,,100,100,1.7,144,61,0,0,2,0,0.3,472,0.00,0.18,0.18,1.75,14,2,0,2.0,11.2,2026-08-29T11:30:00Z,90,False,14,0,0,0,0,2,0,162661,1,2,2,8.0,1,-3257,8580,11837,55,False,0,6,6,3,0,2
Ryan McAidoo,MID,Man City,0.0,,,,,,,,0,0,3,0,0.5,621,0.00,0.10,0.10,0.00,11,0,0,0.1,0.0,2026-08-28T19:00:00Z,8,False,8,0,0,0,0,2,0,0,0,4,1,1.0,1,0,0,0,45,False,0,0,0,0,0,2
Lewis Miley,MID,Newcastle,2.0,a,,100,100,0.1,468,190,0,0,16,1,14.7,459,0.04,0.04,0.00,1.12,15,0,0,2.6,11.2,2026-08-29T16:30:00Z,90,False,19,0,0,0,0,2,0,6985,1,2,0,0.0,3,857,1391,534,55,False,0,3,9,6,0,2
Levi Samuels Colwill,DEF,Chelsea,2.2,a,,,,1.6,150,64,0,0,2,0,0.4,149,0.00,0.00,0.00,1.31,16,2,0,1.4,13.2,2026-08-30T13:00:00Z,71,False,5,0,0,0,0,2,0,150119,1,3,4,0.0,1,-7208,10571,17779,50,True,0,8,9,2,1,2
Pau Torres,DEF,Aston Villa,1.7,a,,,,0.5,264,100,0,0,6,0,0.8,34,0.01,0.01,0.00,1.04,20,1,0,1.2,11.0,2026-08-31T19:00:00Z,90,False,1,0,0,0,0,2,0,41549,1,1,0,0.0,2,-3229,1831,5060,45,True,0,3,4,8,1,2
Kaden Braithwaite,DEF,Man City,0.0,,,,,,,,0,0,3,0,0.8,622,0.00,0.00,0.00,0.00,11,0,0,0.1,0.6,2026-08-28T19:00:00Z,1,False,8,0,0,0,0,2,0,0,0,4,1,0.0,1,0,0,0,40,False,0,0,0,1,0,2
Mats Wieffer,DEF,Brighton,2.2,a,,,,0.4,279,105,0,0,6,0,9.2,130,0.08,0.11,0.03,2.89,16,4,0,3.4,20.4,2026-08-30T13:00:00Z,79,False,6,0,0,0,0,2,0,43921,1,3,4,4.0,0,10371,13428,3057,50,False,0,7,7,4,0,2
Igor Thiago Nascimento Rodrigues,FWD,Brentford,2.5,a,,,,17.1,23,4,0,0,2,0,6.2,106,0.01,0.81,0.80,1.46,17,1,0,6.4,2.4,2026-08-30T13:00:00Z,90,False,13,0,0,0,0,2,0,1635017,1,1,1,55.0,2,-49395,91772,141167,80,False,0,0,4,3,1,2
Harvey Barnes,MID,Newcastle,2.2,a,,,,1.1,189,62,0,0,9,1,22.1,453,0.01,0.05,0.04,1.12,15,0,0,3.6,7.2,2026-08-29T16:30:00Z,90,False,19,0,0,0,0,2,0,113402,1,2,0,7.0,3,4665,14995,10330,60,False,0,2,4,0,2,2
Shea Charles,MID,Fulham,1.5,a,,,,0.1,429,169,0,0,2,0,2.8,580,0.03,0.12,0.09,1.77,19,1,0,0.9,0.6,2026-08-30T13:00:00Z,22,False,20,0,0,0,0,2,0,8645,0,0,1,6.0,1,-449,359,808,50,False,0,1,2,1,0,2
Sven Botman,DEF,Newcastle,2.2,a,,,,0.5,256,95,0,0,22,1,1.8,447,0.00,0.01,0.01,1.12,15,0,0,1.5,11.2,2026-08-29T16:30:00Z,90,False,19,0,0,0,0,2,0,52947,1,2,0,2.0,5,5603,8885,3282,50,False,1,4,5,4,1,2
Nordi Mukiele,DEF,Sunderland,2.5,a,,100,100,2.7,107,42,0,1,28,1,8.0,533,0.01,0.01,0.00,0.95,19,0,0,5.3,42.6,2026-08-30T13:00:00Z,90,False,10,0,0,0,0,2,0,244003,1,0,1,2.0,9,-32999,5588,38587,55,True,0,17,19,4,2,2
Caleb Yirenkyi,MID,Coventry City,1.5,a,,,,0.3,318,110,0,0,17,1,16.0,575,0.13,0.16,0.03,0.02,13,0,0,3.2,9.4,2026-08-29T14:00:00Z,70,False,11,0,0,0,0,2,0,23711,1,1,0,7.0,3,-1578,997,2575,50,True,0,3,7,4,0,2
Jan Paul van Hecke,DEF,Spurs,2.2,a,,,,10.2,40,14,0,0,9,0,13.7,112,0.03,0.14,0.11,0.72,15,2,0,7.3,26.6,2026-08-29T16:30:00Z,90,False,17,0,0,0,0,2,0,945549,1,2,0,33.0,1,-62164,36604,98768,50,True,0,6,8,4,2,2
Alexander Isak,FWD,Liverpool,2.7,a,,,,16.8,24,5,0,2,30,0,10.3,379,0.00,0.99,0.99,2.30,14,2,1,9.2,34.0,2026-08-29T11:30:00Z,90,False,18,0,0,0,0,2,0,1629014,1,2,2,48.0,8,-28097,73036,101133,90,True,0,0,1,0,1,2
Luka Vušković,DEF,Brighton,2.2,a,,,,2.5,115,47,0,0,-2,0,8.3,504,0.02,0.05,0.03,2.93,16,4,0,3.6,22.8,2026-08-30T13:00:00Z,90,False,6,0,0,0,0,2,0,250629,1,3,4,5.0,0,8839,21186,12347,50,False,0,7,8,3,1,2
Max Alleyne,DEF,Man City,0.0,u,Has joined Burnley on loan for the rest of the season,0,0,0.0,588,199,0,0,0,0,0.0,394,0.00,0.00,0.00,0.00,11,0,0,0.0,0.0,2026-08-28T19:00:00Z,0,False,8,0,0,0,0,2,0,720,0,4,1,0.0,0,-357,0,357,50,False,0,0,0,0,0,2
Triston Rowe,DEF,Aston Villa,1.0,a,,,,0.0,509,176,0,0,0,0,0.0,606,0.00,0.00,0.00,0.00,20,0,0,0.0,0.0,2026-08-31T19:00:00Z,0,False,1,0,0,0,0,2,0,5947,0,1,0,0.0,0,1314,1560,246,40,True,0,0,0,0,0,2
Mikel Merino Zazón,MID,Arsenal,2.2,a,,,,0.6,238,78,0,0,7,0,1.0,17,0.00,0.00,0.00,0.00,20,0,0,0.4,2.8,2026-08-31T19:00:00Z,19,False,2,0,0,0,0,2,0,58253,0,1,0,0.0,1,-12835,2422,15257,60,False,0,0,4,4,0,2
Abdukodir Khusanov,DEF,Man City,2.5,a,,,,1.8,136,57,0,0,17,0,5.3,393,0.02,0.02,0.00,0.66,11,1,0,3.0,21.0,2026-08-28T19:00:00Z,88,False,8,0,0,0,0,2,0,170855,1,4,1,4.0,2,-8451,6086,14537,55,False,0,3,7,3,4,2
Brandon Thomas-Asante,FWD,Coventry City,1.4,a,,,,0.8,215,36,0,0,5,0,2.0,194,0.00,0.00,0.00,0.69,13,1,0,0.5,1.2,2026-08-29T14:00:00Z,32,False,11,0,0,0,0,2,0,83366,0,1,0,2.0,1,6706,14594,7888,50,True,0,0,2,2,0,2
Nico O'Reilly,DEF,Man City,3.1,a,,,,21.2,15,3,0,0,11,0,7.8,387,0.02,0.04,0.02,0.66,11,1,0,1.6,3.6,2026-08-28T19:00:00Z,88,False,8,0,0,0,0,2,0,2068744,1,4,1,5.0,2,-38546,68784,107330,65,False,0,0,1,2,1,2
Emile Smith Rowe,MID,Fulham,2.0,a,,,,0.4,271,88,0,0,5,0,22.8,262,0.02,0.08,0.06,0.41,19,0,0,3.5,5.2,2026-08-30T13:00:00Z,14,False,20,0,0,0,0,2,0,36765,0,0,1,7.0,1,-3334,1414,4748,55,False,0,0,1,1,0,2
Luca Williams-Barnett,MID,Spurs,1.0,a,,,,0.0,495,207,0,0,0,0,0.0,601,0.00,0.00,0.00,0.00,15,0,0,0.0,0.0,2026-08-29T16:30:00Z,0,False,17,0,0,0,0,2,0,7704,0,2,0,0.0,0,2052,2636,584,45,True,0,0,0,0,0,2
Jaydee Canvot,DEF,Crystal Palace,2.2,a,,,,0.3,289,107,0,0,-1,0,0.5,203,0.00,0.00,0.00,2.21,11,4,0,2.3,22.8,2026-08-28T19:00:00Z,90,False,15,0,0,0,0,2,0,29914,1,4,1,0.0,0,-3200,821,4021,50,True,0,6,7,1,1,2
Robin Roefs,GK,Sunderland,2.6,a,,,,4.2,78,11,0,0,22,1,0.0,529,0.00,0.00,0.00,0.95,19,0,0,0.4,4.0,2026-08-30T13:00:00Z,90,False,10,0,0,0,0,2,0,389022,1,0,1,0.0,6,-25568,4766,30334,50,True,0,2,0,7,0,2
Óscar Zambrano,MID,Hull City,0.0,i,Thigh injury - Unknown return date,0,0,0.1,416,162,0,0,0,0,0.0,294,0.00,0.00,0.00,0.00,13,0,0,0.0,0.0,2026-08-29T14:00:00Z,0,False,7,0,0,0,0,2,0,10090,0,1,0,0.0,0,-1658,491,2149,45,False,0,0,0,0,0,2
Daniel James,MID,Leeds,1.5,a,,,,0.1,406,159,0,0,2,0,1.1,343,0.01,0.25,0.24,0.93,17,0,0,1.1,0.0,2026-08-30T13:00:00Z,22,False,4,0,0,0,0,2,0,11703,0,1,1,12.0,1,-873,863,1736,50,True,0,0,2,2,0,2
Illan Meslier,GK,Arsenal,2.6,a,,,,0.0,521,59,0,0,0,0,0.0,3,0.00,0.00,0.00,0.00,20,0,0,0.0,0.0,2026-08-31T19:00:00Z,0,False,2,0,0,0,0,2,0,3125,0,1,0,0.0,0,-391,101,492,50,False,0,0,0,0,0,2
Curtis Jones,MID,Liverpool,1.5,d,Hip injury - 75% chance of playing,75,75,0.0,493,205,0,0,0,0,0.0,373,0.00,0.00,0.00,0.00,14,0,0,0.0,0.0,2026-08-29T11:30:00Z,0,False,18,0,0,0,0,2,0,3769,0,2,2,0.0,0,-1095,33,1128,55,True,0,0,0,0,0,2
Rico Henry,DEF,Brentford,1.7,a,,,,0.3,314,117,0,0,3,0,0.0,89,0.00,0.00,0.00,0.00,17,0,0,0.0,0.0,2026-08-30T13:00:00Z,2,False,13,0,0,0,0,2,0,24226,0,1,1,0.0,1,-1602,544,2146,45,False,0,0,0,0,0,2
César Palacios,MID,Fulham,2.0,a,,,,0.2,338,121,0,0,6,0,1.3,570,0.00,0.02,0.02,1.62,19,1,0,0.7,3.0,2026-08-30T13:00:00Z,75,False,20,0,0,0,0,2,0,20418,1,0,1,3.0,1,-874,910,1784,55,False,1,3,9,6,0,2
Moisés Caicedo Corozo,MID,Chelsea,2.0,d,Unspecified injury - 75% chance of playing,,75,3.6,91,30,0,0,3,0,0.1,159,0.00,0.00,0.00,0.07,16,0,0,0.0,0.0,2026-08-30T13:00:00Z,13,False,5,0,0,0,0,2,0,282404,0,3,4,0.0,1,-88842,9481,98323,55,True,0,0,0,0,0,2
Djed Spence,DEF,Spurs,0.0,u,Has joined Internazionale permanently,0,0,0.6,239,92,0,0,0,0,0.0,505,0.00,0.00,0.00,0.00,15,0,0,0.0,0.0,2026-08-29T16:30:00Z,0,False,17,0,0,0,0,2,0,46576,0,2,0,0.0,0,-45782,0,45782,45,True,0,0,0,0,0,2
Dan Burn,DEF,Newcastle,2.2,i,Ankle injury - Expected back 14 Sep,,0,2.1,122,50,0,0,0,0,0.0,448,0.00,0.00,0.00,0.00,15,0,0,0.0,0.0,2026-08-29T16:30:00Z,0,False,19,0,0,0,0,2,0,159459,0,2,0,0.0,0,-69064,6247,75311,50,False,0,0,0,0,0,2
Mykhailo Mudryk,MID,Chelsea,2.0,a,,,,0.0,487,200,0,0,0,0,0.0,578,0.00,0.00,0.00,0.00,16,0,0,0.0,0.0,2026-08-30T13:00:00Z,0,False,5,0,0,0,0,2,0,4222,0,3,4,0.0,0,-742,234,976,55,True,0,0,0,0,0,2
Harry Maguire,DEF,Man Utd,2.2,a,,,,17.6,22,8,1,0,13,0,1.5,418,0.01,0.04,0.03,2.06,18,2,0,1.5,7.2,2026-08-30T15:30:00Z,90,False,12,0,0,0,0,2,0,1686850,1,2,5,6.0,4,-53358,52953,106311,50,True,0,4,5,4,1,2
Jérémy Doku,MID,Man City,0.0,i,Calf injury - Expected back 5 Sep,0,0,1.6,154,44,0,0,0,0,0.0,400,0.00,0.00,0.00,0.00,11,0,0,0.0,0.0,2026-08-28T19:00:00Z,0,False,8,0,0,0,0,2,0,122950,0,4,1,0.0,0,-69521,494,70015,75,False,0,0,0,0,0,2
Jake O'Brien,DEF,Everton,2.2,a,,,,0.5,259,97,0,0,0,0,0.0,232,0.00,0.00,0.00,0.00,12,0,0,0.0,0.0,2026-08-29T14:00:00Z,0,False,3,0,0,0,0,2,0,42208,0,1,1,0.0,0,-6326,1403,7729,50,False,0,0,0,0,0,2
Antoni Milambo,MID,Brentford,0.0,i,Knee injury - Unknown return date,0,0,0.0,606,265,0,0,0,0,0.0,99,0.00,0.00,0.00,0.00,17,0,0,0.0,0.0,2026-08-30T13:00:00Z,0,False,13,0,0,0,0,2,0,190,0,1,1,0.0,0,-17,28,45,50,False,0,0,0,0,0,2
Florian Wirtz,MID,Liverpool,2.6,a,,,,12.2,32,10,1,0,23,0,24.3,366,0.20,0.43,0.23,2.30,14,2,0,7.4,27.8,2026-08-29T11:30:00Z,90,False,18,0,0,0,0,2,0,1118328,1,2,2,22.0,4,-98339,24923,123262,75,True,1,0,10,7,3,2
Rio Cardines,DEF,Crystal Palace,0.0,u,Has joined Bristol City on loan for the rest of the season,0,0,0.0,604,202,0,0,0,0,0.0,220,0.00,0.00,0.00,0.00,11,0,0,0.0,0.0,2026-08-28T19:00:00Z,0,False,15,0,0,0,0,2,0,187,0,4,1,0.0,0,-65,0,65,45,True,0,0,0,0,0,2
Tarik Muharemović,DEF,Leeds,2.2,a,,,,3.4,99,41,0,0,17,0,0.8,334,0.01,0.01,0.00,1.67,17,1,0,5.4,51.6,2026-08-30T13:00:00Z,90,False,4,0,0,0,0,2,0,336009,1,1,1,2.0,4,9697,21539,11842,50,True,0,17,19,3,2,2
Ryan Yates,MID,Nott'm Forest,0.0,i,Unspecified injury - Unknown return date,0,0,1.6,151,43,0,0,0,0,0.0,489,0.00,0.00,0.00,0.00,14,0,0,0.0,0.0,2026-08-29T11:30:00Z,0,False,14,0,0,0,0,2,0,142945,0,2,2,0.0,0,-35340,1743,37083,45,False,0,0,0,0,0,2
Gustavo Hamer,MID,Coventry City,2.0,a,,,,0.2,384,147,0,0,2,0,1.5,584,0.02,0.02,0.00,0.69,13,1,0,0.2,0.2,2026-08-29T14:00:00Z,19,False,11,0,0,0,0,2,0,13996,0,1,0,0.0,1,-1042,386,1428,55,True,0,0,0,0,0,2
Victor Munoz,MID,Liverpool,2.3,a,,,,0.6,242,80,0,0,24,0,16.8,377,0.19,0.51,0.32,2.30,14,2,1,8.8,42.2,2026-08-29T11:30:00Z,90,False,18,0,0,0,0,2,0,60184,1,2,2,29.0,6,573,6486,5913,65,True,1,4,7,1,2,2
Anan Khalaili,DEF,Crystal Palace,2.2,a,,,,0.1,418,149,0,0,9,0,1.5,588,0.00,0.02,0.02,2.01,11,3,0,3.1,26.4,2026-08-28T19:00:00Z,74,False,15,0,0,0,0,2,0,10199,1,4,1,3.0,2,-365,462,827,50,True,1,4,14,5,10,2
Matheus França de Oliveira,MID,Crystal Palace,1.5,a,,,,0.0,526,218,0,0,0,0,0.0,217,0.00,0.00,0.00,0.00,11,0,0,0.0,0.0,2026-08-28T19:00:00Z,0,False,15,0,0,0,0,2,0,2546,0,4,1,0.0,0,-697,17,714,50,True,0,0,0,0,0,2
Juanlu Sánchez,DEF,Bournemouth,1.7,a,,,,0.2,330,125,0,0,0,0,0.0,573,0.00,0.00,0.00,0.00,12,0,0,0.0,0.0,2026-08-29T14:00:00Z,0,False,9,0,0,0,0,2,0,21445,0,1,1,0.0,0,-1013,452,1465,45,True,0,0,0,0,0,2
Saša Lukić,MID,Ipswich Town,1.5,a,,,,0.1,400,158,0,0,11,0,11.9,267,0.02,0.04,0.02,3.91,18,4,0,3.1,17.4,2026-08-30T15:30:00Z,72,False,16,0,0,0,0,2,0,12592,1,2,5,2.0,1,-167,1178,1345,50,False,1,7,11,1,3,2
Kenny Tete,DEF,Fulham,1.7,a,,,,0.3,305,114,0,0,0,0,0.0,256,0.00,0.00,0.00,0.00,19,0,0,0.0,0.0,2026-08-30T13:00:00Z,0,False,20,0,0,0,0,2,0,25956,0,0,1,0.0,0,-1723,338,2061,45,False,0,0,0,0,0,2
Djiamgone Jocelin Ta Bi,MID,Sunderland,1.5,a,,,,0.0,592,254,0,0,0,0,0.0,550,0.00,0.00,0.00,0.00,19,0,0,0.0,0.0,2026-08-30T13:00:00Z,0,False,10,0,0,0,0,2,0,569,0,0,1,0.0,0,-50,51,101,50,True,0,0,0,0,0,2
Cody Drameh,DEF,Hull City,1.0,a,,100,100,0.1,463,162,0,0,4,0,0.4,281,0.00,0.00,0.00,0.20,13,0,0,0.5,4.2,2026-08-29T14:00:00Z,45,False,7,0,0,0,0,2,0,7175,0,1,0,0.0,1,695,1108,413,40,False,0,3,3,2,0,2
Freddie Woodman,GK,Liverpool,1.0,a,,,,1.1,190,28,0,0,0,0,0.0,352,0.00,0.00,0.00,0.00,14,0,0,0.0,0.0,2026-08-29T11:30:00Z,0,False,18,0,0,0,0,2,0,107195,0,2,2,0.0,0,-2260,3263,5523,40,True,0,0,0,0,0,2
Norberto Bercique Gomes Betuncal,FWD,Everton,1.8,a,,,,2.6,113,16,0,0,2,0,0.3,248,0.00,0.04,0.04,1.58,12,0,0,0.6,3.0,2026-08-29T14:00:00Z,20,False,3,0,0,0,0,2,0,227543,0,1,1,3.0,1,-35102,7709,42811,55,False,0,1,1,0,0,2
Jay Dasilva,DEF,Coventry City,1.0,a,,,,0.9,211,78,0,0,15,0,7.3,176,0.05,0.23,0.18,0.72,13,1,0,4.0,15.2,2026-08-29T14:00:00Z,90,False,11,0,0,0,0,2,0,82832,1,1,0,17.0,2,-830,3224,4054,40,True,0,1,3,3,2,2
Jaouen Hadjam,DEF,Brighton,0.0,,,,,,,,0,0,0,0,0.0,614,0.00,0.00,0.00,0.00,16,0,0,0.0,0.0,2026-08-30T13:00:00Z,0,False,6,0,0,0,0,2,0,1839,0,3,4,0.0,0,952,1006,54,45,False,0,0,0,0,0,2
Emersonn Correia da Silva,FWD,Ipswich Town,1.8,a,,,,1.1,187,28,0,0,7,0,11.1,316,0.00,0.00,0.00,0.77,18,1,0,1.4,1.0,2026-08-30T15:30:00Z,45,False,16,0,0,0,0,2,0,182058,1,2,5,2.0,1,59997,76807,16810,55,False,0,1,1,0,0,2
Kristoffer Ajer,DEF,Brentford,1.7,a,,,,3.8,86,34,0,0,7,0,21.0,87,0.01,0.01,0.00,1.46,17,1,0,6.1,37.8,2026-08-30T13:00:00Z,90,False,13,0,0,0,0,2,0,412431,1,1,1,2.0,3,56076,69978,13902,45,False,1,17,17,2,0,2
Zach Abbott,DEF,Nott'm Forest,1.0,a,,,,0.3,315,118,0,0,0,0,0.0,477,0.00,0.00,0.00,0.00,14,0,0,0.0,0.0,2026-08-29T11:30:00Z,0,False,14,0,0,0,0,2,0,24822,0,2,2,0.0,0,-1227,996,2223,40,False,0,0,0,0,0,2
Carlos Alcaraz Durán,MID,Everton,1.5,a,,,,0.1,425,168,0,0,-2,0,0.5,243,0.02,0.05,0.03,0.00,12,0,0,0.5,0.0,2026-08-29T14:00:00Z,4,False,3,0,0,0,0,2,0,9333,0,1,1,8.0,0,-385,753,1138,50,False,1,0,0,0,0,2
Eberechi Eze,MID,Arsenal,2.3,a,,,,1.9,129,39,0,0,6,0,2.0,14,0.07,0.07,0.00,0.24,20,0,0,0.6,1.6,2026-08-31T19:00:00Z,45,False,2,0,0,0,0,2,0,169814,0,1,0,2.0,1,-38776,5716,44492,65,False,0,0,3,3,0,2
Josh Dasilva,MID,Brentford,1.5,a,,,,0.0,532,220,0,0,0,0,0.0,103,0.00,0.00,0.00,0.00,17,0,0,0.0,0.0,2026-08-30T13:00:00Z,0,False,13,0,0,0,0,2,0,2549,0,1,1,0.0,0,-189,164,353,50,False,0,0,0,0,0,2
Bradley Burrowes,MID,Aston Villa,1.0,a,,,,0.7,229,75,0,0,0,0,0.0,50,0.00,0.00,0.00,0.00,20,0,0,0.0,0.0,2026-08-31T19:00:00Z,0,False,1,0,0,0,0,2,0,64781,0,1,0,0.0,0,-3255,3513,6768,45,True,0,0,0,0,0,2
Chuba Akpom,FWD,Ipswich Town,1.4,a,,,,0.5,250,42,0,0,30,0,1.7,320,0.00,0.97,0.97,4.01,18,4,1,5.2,33.2,2026-08-30T15:30:00Z,45,False,16,0,0,0,0,2,0,52422,0,2,5,17.0,5,-1625,4625,6250,50,False,0,0,0,0,0,2
João Pedro Loureiro da Costa,DEF,Brighton,1.7,a,,,,0.0,519,179,0,0,-1,0,0.3,119,0.00,0.00,0.00,0.04,16,0,0,0.0,0.0,2026-08-30T13:00:00Z,10,False,6,0,0,0,0,2,0,3512,0,3,4,0.0,0,59,285,226,45,False,1,0,0,0,0,2
Ollie Watkins,FWD,Aston Villa,2.5,a,,,,9.4,45,7,0,0,0,0,0.0,55,0.00,0.00,0.00,0.00,20,0,0,0.0,0.0,2026-08-31T19:00:00Z,0,False,1,0,0,0,0,2,0,734872,0,1,0,0.0,0,-265828,10632,276460,79,True,0,0,0,0,0,2
Sindre Walle Egeli,FWD,Ipswich Town,1.0,a,,,,2.3,121,18,0,0,0,0,0.0,321,0.00,0.00,0.00,0.00,18,0,0,0.0,0.0,2026-08-30T15:30:00Z,0,False,16,0,0,0,0,2,0,247770,0,2,5,0.0,0,17271,40712,23441,45,False,0,0,0,0,0,2
Abdul Fatawu,MID,Ipswich Town,2.0,a,,,,0.2,326,114,1,0,25,0,42.3,315,0.22,0.22,0.00,4.59,18,5,0,7.1,26.6,2026-08-30T15:30:00Z,82,False,16,0,0,0,0,2,0,21573,1,2,5,2.0,4,-2198,570,2768,55,False,1,1,4,2,1,2
Ferdi Kadıoğlu,DEF,Brighton,1.7,d,Unspecified injury - 75% chance of playing,,75,2.5,114,46,0,0,-4,0,16.7,113,0.01,0.03,0.02,2.93,16,4,0,2.8,2.8,2026-08-30T13:00:00Z,90,False,6,0,0,0,0,2,0,221172,1,3,4,8.0,0,-48824,2580,51404,45,False,0,0,0,2,0,2
Mohamed Belloumi,MID,Hull City,1.5,a,,,,0.6,246,81,1,0,23,1,12.1,286,0.02,0.14,0.12,1.11,13,0,0,4.6,23.2,2026-08-29T14:00:00Z,82,False,7,0,0,0,0,2,0,63814,1,1,0,11.0,6,9859,13890,4031,50,False,0,3,10,5,2,2
Aurèle Amenda,DEF,Coventry City,1.0,a,,,,0.9,208,76,0,0,4,0,2.1,182,0.04,0.06,0.02,0.72,13,1,0,1.9,11.4,2026-08-29T14:00:00Z,90,False,11,0,0,0,0,2,0,84795,1,1,0,5.0,1,-1183,3328,4511,40,True,1,4,4,1,0,2
Enis Destan,FWD,Hull City,0.0,u,Has joined Konyaspor permanently,0,0,0.4,280,48,0,0,0,0,0.0,298,0.00,0.00,0.00,0.00,13,0,0,0.0,0.0,2026-08-29T14:00:00Z,0,False,7,0,0,0,0,2,0,31698,0,1,0,0.0,0,-8866,0,8866,45,False,0,0,0,0,0,2
Anthony Elanga,MID,Newcastle,2.2,a,,,,1.4,166,50,0,0,32,1,15.3,454,0.10,0.30,0.20,0.74,15,0,1,8.1,36.8,2026-08-29T16:30:00Z,81,False,19,0,0,0,0,2,0,215548,1,2,0,29.0,8,83568,95441,11873,60,False,0,0,3,1,2,2
Mitoma Kaoru,MID,Brighton,0.0,i,Hamstring injury - Unknown return date,0,0,0.0,488,201,0,0,0,0,0.0,121,0.00,0.00,0.00,0.00,16,0,0,0.0,0.0,2026-08-30T13:00:00Z,0,False,6,0,0,0,0,2,0,4114,0,3,4,0.0,0,-1078,159,1237,60,False,0,0,0,0,0,2
Ibrahim Osman,MID,Brighton,1.5,a,,,,0.0,572,241,0,0,6,0,1.3,600,0.01,0.01,0.00,0.10,16,1,0,0.6,3.0,2026-08-30T13:00:00Z,16,False,6,0,0,0,0,2,0,1521,0,3,4,2.0,1,75,218,143,50,False,0,0,1,0,1,2
Martin Dubravka,GK,Spurs,1.0,a,,,,19.0,18,4,0,0,0,0,0.0,497,0.00,0.00,0.00,0.00,15,0,0,0.0,0.0,2026-08-29T16:30:00Z,0,False,17,0,0,0,0,2,0,1835588,0,2,0,0.0,0,-28731,35086,63817,40,True,0,0,0,0,0,2
Semi Ajayi,DEF,Hull City,1.0,d,Hamstring injury - 75% chance of playing,,75,1.5,163,68,0,0,24,1,0.8,279,0.00,0.00,0.00,1.29,13,0,0,1.6,15.6,2026-08-29T14:00:00Z,90,False,7,0,0,0,0,2,0,200860,1,1,0,0.0,6,63813,79406,15593,40,False,0,5,7,5,2,2
Patrick Dorgu,MID,Man Utd,2.2,a,,,,1.2,178,58,0,0,4,0,11.7,415,0.01,0.19,0.18,1.00,18,1,0,5.8,7.0,2026-08-30T15:30:00Z,10,False,12,0,0,0,0,2,0,107542,0,2,5,39.0,1,-23853,4808,28661,60,True,0,1,2,0,1,2
Tyler Fredricson,DEF,Man Utd,0.0,u,Has joined Lausanne-Sport permanently,0,0,0.0,540,186,0,0,0,0,0.0,425,0.00,0.00,0.00,0.00,18,0,0,0.0,0.0,2026-08-30T15:30:00Z,0,False,12,0,0,0,0,2,0,1885,0,2,5,0.0,0,-680,0,680,40,True,0,0,0,0,0,2
Pedro Porro Sauceda,DEF,Spurs,0.0,d,Lack of match fitness - 75% chance of playing,0,75,14.2,27,9,0,0,1,0,7.9,499,0.10,0.43,0.33,0.72,15,2,0,3.8,9.4,2026-08-29T16:30:00Z,90,False,17,0,0,0,0,2,0,1331308,1,2,0,21.0,1,-296944,20574,317518,55,True,0,3,4,2,1,2
Enzo Fernández,MID,Chelsea,2.5,a,,,,5.0,69,22,0,0,0,0,0.0,155,0.00,0.00,0.00,0.00,16,0,0,0.0,0.0,2026-08-30T13:00:00Z,0,False,5,0,0,0,0,2,0,430662,0,3,4,0.0,0,-74211,14954,89165,70,True,0,0,0,0,0,2
Carlos Baleba,MID,Man Utd,0.0,i,Ankle injury - Unknown return date,0,0,0.2,354,129,0,0,0,0,0.0,131,0.00,0.00,0.00,0.00,18,0,0,0.0,0.0,2026-08-30T15:30:00Z,0,False,12,0,0,0,0,2,0,17743,0,2,5,0.0,0,-2097,2324,4421,50,True,0,0,0,0,0,2
Pape Matar Sarr,MID,Spurs,0.0,i,Hamstring injury - Unknown return date,0,0,0.2,349,127,0,0,0,0,0.0,518,0.00,0.00,0.00,0.00,15,0,0,0.0,0.0,2026-08-29T16:30:00Z,0,False,17,0,0,0,0,2,0,15118,0,2,0,0.0,0,-10351,113,10464,49,True,0,0,0,0,0,2
Konstantinos Tzolakis,GK,Hull City,1.9,a,,,,1.6,157,24,0,3,32,1,0.0,572,0.00,0.00,0.00,1.29,13,0,0,2.6,26.2,2026-08-29T14:00:00Z,90,False,7,0,0,0,0,2,3,301344,1,1,0,0.0,10,89555,101970,12415,45,False,0,0,0,11,0,2
Marc Guéhi,DEF,Man City,2.8,a,,,,18.3,19,6,0,0,12,0,15.8,388,0.04,0.04,0.00,0.66,11,1,0,4.0,24.2,2026-08-28T19:00:00Z,90,False,8,0,0,0,0,2,0,1952448,1,4,1,0.0,2,140987,182745,41758,60,False,0,5,5,4,0,2
Regan Slater,MID,Hull City,1.0,a,,,,3.5,96,32,0,0,6,1,2.8,290,0.01,0.01,0.00,1.29,13,0,0,1.5,9.8,2026-08-29T14:00:00Z,90,False,7,0,0,0,0,2,0,391444,1,1,0,2.0,2,69997,92371,22374,45,False,1,2,10,4,4,2
Daniel Jebbison,FWD,Bournemouth,1.4,a,,,,0.0,548,70,0,0,0,0,0.0,608,0.00,0.00,0.00,0.00,12,0,0,0.0,0.0,2026-08-29T14:00:00Z,0,False,9,0,0,0,0,2,0,4738,0,1,1,0.0,0,2056,2477,421,50,True,0,0,0,0,0,2
Cédric Kipré,DEF,Ipswich Town,1.0,a,,,,0.7,234,88,0,0,0,0,0.0,303,0.00,0.00,0.00,0.00,18,0,0,0.0,0.0,2026-08-30T15:30:00Z,0,False,16,0,0,0,0,2,0,60443,0,2,5,0.0,0,-4615,332,4947,40,False,0,0,0,0,0,2
Antoine Semenyo,MID,Man City,2.9,a,,,,25.3,11,5,1,0,33,0,43.0,397,0.57,0.63,0.06,0.66,11,1,0,11.2,29.2,2026-08-28T19:00:00Z,90,False,8,0,0,0,0,2,0,2377196,1,4,1,40.0,5,-124110,49100,173210,85,False,0,0,3,2,1,2
Jayden Danns,FWD,Liverpool,0.0,i,Unspecified injury - Unknown return date,0,0,0.0,515,67,0,0,0,0,0.0,382,0.00,0.00,0.00,0.00,14,0,0,0.0,0.0,2026-08-29T11:30:00Z,0,False,18,0,0,0,0,2,0,3423,0,2,2,0.0,0,-253,309,562,45,True,0,0,0,0,0,2
Nick Woltemade,FWD,Newcastle,2.0,a,,,,1.7,146,23,1,0,18,0,10.5,463,0.01,0.03,0.02,0.38,15,0,0,4.0,18.2,2026-08-29T16:30:00Z,19,False,19,0,0,0,0,2,0,150038,0,2,0,11.0,4,-23591,7193,30784,60,False,0,0,0,0,0,2
Lamare Bogarde,MID,Aston Villa,1.5,a,,,,0.1,453,183,0,0,0,0,0.0,35,0.00,0.00,0.00,0.00,20,0,0,0.0,0.0,2026-08-31T19:00:00Z,0,False,1,0,0,0,0,2,0,6973,0,1,0,0.0,0,-349,636,985,50,True,0,0,0,0,0,2
Wesley Fofana,DEF,Chelsea,0.0,a,,0,100,0.0,552,191,0,0,-2,0,0.9,145,0.01,0.01,0.00,1.26,16,2,0,2.0,19.4,2026-08-30T13:00:00Z,67,False,5,0,0,0,0,2,0,3489,1,3,4,0.0,0,552,813,261,50,True,1,9,9,0,0,2
Amario Cozier-Duberry,MID,Brighton,0.0,,,,,,,,0,0,0,0,0.0,624,0.00,0.00,0.00,0.00,16,0,0,0.0,0.0,2026-08-30T13:00:00Z,0,False,6,0,0,0,0,2,0,0,0,3,4,0.0,0,0,0,0,50,False,0,0,0,0,0,2
Charlie Hughes,DEF,Hull City,0.0,i,Groin injury - Unknown return date,0,0,0.1,407,144,0,0,0,0,0.0,278,0.00,0.00,0.00,0.00,13,0,0,0.0,0.0,2026-08-29T14:00:00Z,0,False,7,0,0,0,0,2,0,10606,0,1,0,0.0,0,-2221,99,2320,40,False,0,0,0,0,0,2
Noah Sadiki,MID,Sunderland,1.5,a,,,,0.3,286,95,0,0,21,1,7.8,545,0.02,0.04,0.02,0.95,19,0,0,3.2,18.4,2026-08-30T13:00:00Z,90,False,10,0,0,0,0,2,0,32341,1,0,1,6.0,3,-2332,1165,3497,50,True,0,6,11,2,3,2
Florentino Ibrain Morris Luís,MID,Ipswich Town,1.5,a,,,,0.1,391,152,0,0,0,0,0.0,571,0.00,0.00,0.00,0.00,18,0,0,0.0,0.0,2026-08-30T15:30:00Z,0,False,16,0,0,0,0,2,0,11870,0,2,5,0.0,0,-1993,214,2207,50,False,0,0,0,0,0,2
Simon Adingra,MID,Sunderland,0.0,i,Ankle injury - Unknown return date,0,0,0.1,449,180,0,0,0,0,0.0,546,0.00,0.00,0.00,0.00,19,0,0,0.0,0.0,2026-08-30T13:00:00Z,0,False,10,0,0,0,0,2,0,6042,0,0,1,0.0,0,-3506,53,3559,50,True,0,0,0,0,0,2
Yéremy Pino Santos,MID,Crystal Palace,2.0,a,,,,0.2,344,124,1,0,27,0,34.2,211,0.07,0.12,0.05,2.01,11,3,0,5.4,10.8,2026-08-28T19:00:00Z,67,False,15,0,0,0,0,2,0,18326,1,4,1,9.0,5,-2144,314,2458,55,True,0,2,10,6,2,2
Vitaly Janelt,MID,Brentford,1.5,a,,,,0.3,313,108,0,0,11,0,35.4,98,0.14,0.14,0.00,1.46,17,1,0,5.6,16.4,2026-08-30T13:00:00Z,90,False,13,0,0,0,0,2,0,49684,1,1,1,4.0,1,29474,33759,4285,50,False,1,5,10,2,3,2
Luc De Fougerolles,DEF,Fulham,1.0,a,,,,0.0,562,194,0,0,0,0,0.0,610,0.00,0.00,0.00,0.00,19,0,0,0.0,0.0,2026-08-30T13:00:00Z,0,False,20,0,0,0,0,2,0,7950,0,0,1,0.0,0,2577,3051,474,40,False,0,0,0,0,0,2
Joe Willock,MID,Newcastle,1.5,a,,,,0.2,369,138,0,0,0,1,4.3,460,0.02,0.09,0.07,0.74,15,0,0,0.5,0.0,2026-08-29T16:30:00Z,70,False,19,0,0,0,0,2,0,24746,1,2,0,8.0,3,6831,8763,1932,50,False,0,1,2,1,0,2
Myles Lewis-Skelly,MID,Arsenal,2.0,a,,,,0.7,223,72,0,0,15,1,3.2,7,0.02,0.09,0.07,0.33,20,0,0,1.9,10.6,2026-08-31T19:00:00Z,70,False,2,0,0,0,0,2,0,70615,1,1,0,5.0,3,642,9693,9051,55,False,0,4,5,1,0,2
Pedro Lomba Neto,MID,Chelsea,2.3,a,,,,1.3,171,52,0,0,32,0,25.6,156,0.33,0.74,0.41,1.26,16,2,1,10.9,45.2,2026-08-30T13:00:00Z,67,False,5,0,0,0,0,2,0,117566,1,3,4,38.0,7,-17727,5635,23362,65,True,0,3,4,1,0,2
Benjamin Sesko,FWD,Man Utd,1.7,a,,75,100,1.6,149,24,0,0,5,0,10.5,439,0.01,0.01,0.00,1.00,18,1,0,1.5,2.2,2026-08-30T15:30:00Z,10,False,12,0,0,0,0,2,0,181866,0,2,5,2.0,1,15428,30554,15126,70,True,0,0,3,3,0,2
Dilane Bakwa,MID,Nott'm Forest,2.0,a,,,,0.0,564,236,0,0,0,0,0.0,485,0.00,0.00,0.00,0.00,14,0,0,0.0,0.0,2026-08-29T11:30:00Z,0,False,14,0,0,0,0,2,0,1297,0,2,2,0.0,0,-298,107,405,55,False,0,0,0,0,0,2
Johan Manzambi,MID,Aston Villa,0.0,i,Knee injury - Unknown return date,0,0,0.2,333,117,0,0,0,0,0.0,53,0.00,0.00,0.00,0.00,20,0,0,0.0,0.0,2026-08-31T19:00:00Z,0,False,1,0,0,0,0,2,0,18618,0,1,0,0.0,0,-8558,232,8790,60,True,0,0,0,0,0,2
Leo Fuhr Hjelde,DEF,Sunderland,0.0,u,Has joined KV Mechelen on loan for the rest of the season,0,0,0.1,475,166,0,0,0,0,0.0,538,0.00,0.00,0.00,0.00,19,0,0,0.0,0.0,2026-08-30T13:00:00Z,0,False,10,0,0,0,0,2,0,5174,0,0,1,0.0,0,-990,0,990,40,True,0,0,0,0,0,2
Ola Aina,DEF,Nott'm Forest,1.7,a,,,,3.6,92,37,0,0,2,0,15.5,473,0.35,0.35,0.00,1.75,14,2,0,3.1,11.8,2026-08-29T11:30:00Z,85,False,14,0,0,0,0,2,0,345943,1,2,2,4.0,0,-5067,17770,22837,45,False,1,3,5,4,2,2
Luke Shaw,DEF,Man Utd,1.7,a,,,,20.4,16,4,0,0,12,0,1.6,423,0.02,0.02,0.00,1.06,18,1,0,2.4,18.4,2026-08-30T15:30:00Z,72,False,12,0,0,0,0,2,0,1935721,1,2,5,4.0,2,-74162,42927,117089,45,True,0,4,8,2,4,2
Jørgen Strand Larsen,FWD,Crystal Palace,2.0,a,,,,0.6,248,41,0,0,13,0,0.3,222,0.00,0.05,0.05,2.01,11,3,0,1.0,5.2,2026-08-28T19:00:00Z,62,False,15,0,0,0,0,2,0,50504,1,4,1,4.0,2,-6261,1510,7771,60,True,0,2,4,1,1,2
Nico González Iglesias,MID,Newcastle,2.0,a,,,,0.1,385,148,0,0,9,1,29.5,405,0.20,0.20,0.00,0.74,15,0,0,3.7,7.2,2026-08-29T16:30:00Z,70,False,19,0,0,0,0,2,0,15669,1,2,0,0.0,2,645,2387,1742,55,False,1,2,4,2,0,2
Matt Targett,DEF,Hull City,1.0,a,,,,2.4,119,48,0,0,0,0,0.0,556,0.00,0.00,0.00,0.00,13,0,0,0.0,0.0,2026-08-29T14:00:00Z,0,False,7,0,0,0,0,2,0,224749,0,1,0,0.0,0,-10048,5393,15441,40,False,0,0,0,0,0,2
Romain Esse,MID,Crystal Palace,1.5,a,,,,0.0,498,208,0,0,0,0,0.0,216,0.00,0.00,0.00,0.00,11,0,0,0.0,0.0,2026-08-28T19:00:00Z,0,False,15,0,0,0,0,2,0,3956,0,4,1,0.0,0,-379,211,590,50,True,0,0,0,0,0,2
Mateus Fernandes,MID,Spurs,2.2,a,,,,1.8,134,40,0,0,18,0,46.3,525,0.17,0.18,0.01,0.72,15,2,0,6.1,14.0,2026-08-29T16:30:00Z,90,False,17,0,0,0,0,2,0,160253,1,2,0,1.0,2,-26800,4529,31329,60,True,0,0,8,5,3,2
Emmanuel Emegha,FWD,Chelsea,1.4,a,,100,100,0.2,379,56,0,0,0,0,0.0,170,0.00,0.00,0.00,0.00,16,0,0,0.0,0.0,2026-08-30T13:00:00Z,0,False,5,0,0,0,0,2,0,14647,0,3,4,0.0,0,-884,1450,2334,50,True,0,0,0,0,0,2
Nobel Mendy,DEF,Hull City,1.0,d,Thigh injury - 75% chance of playing,,75,1.9,127,52,0,0,9,0,0.0,586,0.00,0.01,0.01,1.09,13,0,0,3.5,27.6,2026-08-29T14:00:00Z,58,False,7,0,0,0,0,2,0,418634,1,1,0,7.0,1,160120,179580,19460,40,False,0,7,9,2,2,2
Alejandro Garnacho Ferreyra,MID,Aston Villa,2.2,a,,,,0.6,240,79,0,0,3,0,2.0,160,0.00,0.00,0.00,0.00,20,0,0,0.2,0.2,2026-08-31T19:00:00Z,12,False,1,0,0,0,0,2,0,53506,0,1,0,0.0,1,-8554,2021,10575,60,True,0,0,2,2,0,2
Morgan Gibbs-White,MID,Nott'm Forest,2.8,d,Knee injury - 75% chance of playing,,75,10.4,37,14,1,3,36,0,12.5,480,0.04,0.83,0.79,1.75,14,2,1,8.6,56.4,2026-08-29T11:30:00Z,90,False,14,0,0,0,0,2,0,815842,1,2,2,17.0,13,-274313,8780,283093,80,False,0,1,5,2,2,2
Nicolás Domínguez,MID,Nott'm Forest,1.5,a,,,,0.1,438,175,0,0,3,0,0.0,487,0.00,0.00,0.00,0.00,14,0,0,0.0,0.2,2026-08-29T11:30:00Z,1,False,14,0,0,0,0,2,0,7613,0,2,2,0.0,1,-848,214,1062,50,False,0,0,0,0,0,2
Bryan Mbeumo,MID,Man Utd,2.8,a,,,,37.1,7,3,1,2,37,0,43.3,427,0.21,1.97,1.76,2.06,18,2,1,12.4,45.6,2026-08-30T15:30:00Z,90,False,12,0,0,0,0,2,0,3537164,1,2,5,35.0,11,-137963,82225,220188,80,True,1,0,5,2,3,2
Jayden Bogle,DEF,Leeds,1.7,a,,,,0.6,249,93,0,0,9,0,11.3,330,0.01,0.01,0.00,0.74,17,1,0,3.4,18.6,2026-08-30T13:00:00Z,67,False,4,0,0,0,0,2,0,54809,1,1,1,4.0,2,2801,5925,3124,45,True,0,5,7,5,2,2
Gabriel Gudmundsson,DEF,Leeds,0.0,i,Hamstring injury - Unknown return date,0,0,0.0,485,170,0,0,0,0,0.0,331,0.00,0.00,0.00,0.00,17,0,0,0.0,0.0,2026-08-30T13:00:00Z,0,False,4,0,0,0,0,2,0,4329,0,1,1,0.0,0,-926,66,992,45,True,0,0,0,0,0,2
Robert Lynch Sánchez,GK,Chelsea,2.6,a,,,,2.4,118,18,0,0,0,0,0.0,140,0.00,0.00,0.00,0.00,16,0,0,0.0,0.0,2026-08-30T13:00:00Z,0,False,5,0,0,0,0,2,0,217448,0,3,4,0.0,0,-18267,8924,27191,50,True,0,0,0,0,0,2
Jorrel Hato,DEF,Chelsea,1.7,a,,,,0.5,257,96,1,0,12,0,20.7,148,0.06,0.06,0.00,1.41,16,3,0,5.1,30.0,2026-08-30T13:00:00Z,90,False,5,0,0,0,0,2,0,47286,1,3,4,0.0,4,-126,4358,4484,45,True,0,4,6,3,2,2
Bendito Mantato,MID,Man Utd,1.0,a,,,,0.2,360,132,0,0,0,0,0.0,437,0.00,0.00,0.00,0.00,18,0,0,0.0,0.0,2026-08-30T15:30:00Z,0,False,12,0,0,0,0,2,0,17670,0,2,5,0.0,0,-1410,961,2371,45,True,0,0,0,0,0,2
Shumaira Mheuka,FWD,Chelsea,1.0,a,,,,0.4,283,49,0,0,0,0,0.0,169,0.00,0.00,0.00,0.00,16,0,0,0.0,0.0,2026-08-30T13:00:00Z,0,False,5,0,0,0,0,2,0,34265,0,3,4,0.0,0,-1480,2929,4409,45,True,0,0,0,0,0,2
Igor Julio dos Santos de Paulo,DEF,Brighton,1.7,a,,,,0.1,435,152,0,0,0,0,0.0,118,0.00,0.00,0.00,0.00,16,0,0,0.0,0.0,2026-08-30T13:00:00Z,0,False,6,0,0,0,0,2,0,8240,0,3,4,0.0,0,-404,471,875,45,False,0,0,0,0,0,2
Adrien Truffert,DEF,Bournemouth,2.5,a,,,,4.3,75,31,0,2,27,0,23.7,61,0.07,0.07,0.00,1.84,12,1,0,5.6,27.8,2026-08-29T14:00:00Z,90,False,9,0,0,0,0,2,0,417325,1,1,1,4.0,4,-5220,20601,25821,55,True,0,7,9,6,2,2
Ben Davies,DEF,Spurs,1.0,a,,,,1.1,188,72,0,0,0,0,0.0,508,0.00,0.00,0.00,0.00,15,0,0,0.0,0.0,2026-08-29T16:30:00Z,0,False,17,0,0,0,0,2,0,102932,0,2,0,0.0,0,-6106,2877,8983,40,True,0,0,0,0,0,2
Tom Watson,MID,Brighton,0.0,u,Has joined Leicester City on loan for the rest of the season,0,0,0.0,605,264,0,0,0,0,0.0,133,0.00,0.00,0.00,0.00,16,0,0,0.0,0.0,2026-08-30T13:00:00Z,0,False,6,0,0,0,0,2,0,182,0,3,4,0.0,0,-56,0,56,50,False,0,0,0,0,0,2
Leon Bailey,MID,Aston Villa,2.0,a,,,,0.2,382,145,0,0,0,0,0.0,44,0.00,0.00,0.00,0.00,20,0,0,0.0,0.0,2026-08-31T19:00:00Z,0,False,1,0,0,0,0,2,0,14192,0,1,0,0.0,0,-1655,1002,2657,55,True,0,0,0,0,0,2
Jacob Greaves,DEF,Ipswich Town,1.0,a,,,,1.5,161,67,0,0,-13,0,1.3,306,0.01,0.01,0.00,4.77,18,5,0,2.0,18.4,2026-08-30T15:30:00Z,90,False,16,1,0,0,0,2,0,141835,1,2,5,0.0,-1,-4475,1636,6111,40,False,1,9,10,4,1,2
Jack Clarke,MID,Ipswich Town,2.0,a,,,,0.3,300,101,0,0,0,0,0.0,313,0.00,0.00,0.00,0.00,18,0,0,0.0,0.0,2026-08-30T15:30:00Z,0,False,16,0,0,0,0,2,0,29170,0,2,5,0.0,0,759,3202,2443,55,False,0,0,0,0,0,2
Rodrigo 'Rodri' Hernandez Cascante,MID,Man City,0.0,u,Has joined Barcelona permanently,0,0,0.0,553,228,0,0,0,0,0.0,402,0.00,0.00,0.00,0.00,11,0,0,0.0,0.0,2026-08-28T19:00:00Z,0,False,8,0,0,0,0,2,0,1526,0,4,1,0.0,0,-796,0,796,65,False,0,0,0,0,0,2
Destiny Udogie,DEF,Spurs,1.7,a,,,,0.5,253,94,0,0,2,0,11.5,506,0.19,0.19,0.00,0.24,15,1,0,1.9,5.2,2026-08-29T16:30:00Z,22,False,17,0,0,0,0,2,0,47523,0,2,0,2.0,1,-3007,1685,4692,45,True,0,0,1,1,1,2
Joél Drakes-Thomas,MID,Crystal Palace,1.0,a,,,,0.1,433,172,0,0,0,0,0.0,221,0.00,0.00,0.00,0.00,11,0,0,0.0,0.0,2026-08-28T19:00:00Z,0,False,15,0,0,0,0,2,0,8204,0,4,1,0.0,0,-589,399,988,45,True,0,0,0,0,0,2
Jeremie Frimpong,DEF,Liverpool,2.5,a,,,,3.5,95,39,0,0,9,0,13.8,357,0.02,0.02,0.00,2.23,14,2,0,3.1,12.8,2026-08-29T11:30:00Z,70,False,18,0,0,0,0,2,0,339802,1,2,2,4.0,1,-9049,24520,33569,55,True,0,4,6,3,2,2
Jean-Philippe Mateta,FWD,Crystal Palace,2.1,a,,,,5.5,64,11,0,0,0,0,0.0,223,0.00,0.00,0.00,0.00,11,0,0,0.0,0.0,2026-08-28T19:00:00Z,0,False,15,0,0,0,0,2,0,510630,0,4,1,0.0,0,-48482,23951,72433,65,True,0,0,0,0,0,2
Charalampos Kostoulas,FWD,Brighton,1.8,a,,,,0.2,332,53,1,0,17,0,15.1,138,0.02,0.19,0.17,2.89,16,4,0,3.7,5.0,2026-08-30T13:00:00Z,79,False,6,0,0,0,0,2,0,22097,1,3,4,17.0,5,-767,1384,2151,55,False,0,0,6,6,0,2
Milan van Ewijk,DEF,Coventry City,1.0,a,,,,13.4,30,10,0,0,15,0,33.9,175,0.19,0.19,0.00,0.72,13,1,0,5.5,15.4,2026-08-29T14:00:00Z,90,False,11,0,0,0,0,2,0,1295672,1,1,0,6.0,2,-15407,34451,49858,40,True,0,1,2,3,1,2
Bobby Thomas,DEF,Coventry City,1.0,a,,,,8.0,53,21,0,2,28,1,0.7,173,0.01,0.01,0.00,0.18,13,0,0,1.8,17.0,2026-08-29T14:00:00Z,77,False,11,0,0,0,0,2,0,791028,1,1,0,0.0,8,14221,38111,23890,40,True,0,9,9,6,0,2
Mark Travers,GK,Everton,2.6,a,,,,0.0,514,56,0,0,0,0,0.0,227,0.00,0.00,0.00,0.00,12,0,0,0.0,0.0,2026-08-29T14:00:00Z,0,False,3,0,0,0,0,2,0,3593,0,1,1,0.0,0,-113,290,403,50,False,0,0,0,0,0,2
Mike Penders,GK,Chelsea,1.9,a,,,,0.1,455,50,0,0,0,0,0.0,560,0.00,0.00,0.00,0.00,16,0,0,0.0,0.0,2026-08-30T13:00:00Z,0,False,5,0,0,0,0,2,0,7073,0,3,4,0.0,0,-370,395,765,45,True,0,0,0,0,0,2
Sávio Moreira de Oliveira,MID,Spurs,2.3,a,,,,0.3,307,105,0,0,0,0,0.0,403,0.00,0.00,0.00,0.00,15,0,0,0.0,0.0,2026-08-29T16:30:00Z,0,False,17,0,0,0,0,2,0,92925,0,2,0,0.0,0,48883,55747,6864,65,True,0,0,0,0,0,2
Daniel Muñoz Mejía,DEF,Crystal Palace,2.5,a,,,,9.1,47,17,0,0,0,0,0.0,201,0.00,0.00,0.00,0.00,11,0,0,0.0,0.0,2026-08-28T19:00:00Z,0,False,15,0,0,0,0,2,0,815530,0,4,1,0.0,0,-109781,15645,125426,55,True,0,0,0,0,0,2
Dayann Méthalie,DEF,Sunderland,0.0,,,,,,,,0,0,0,0,0.0,612,0.00,0.00,0.00,0.00,19,0,0,0.0,0.0,2026-08-30T13:00:00Z,0,False,10,0,0,0,0,2,0,156,0,0,1,0.0,0,68,95,27,45,True,0,0,0,0,0,2
Calvin Ramsay,DEF,Liverpool,1.0,a,,,,0.2,334,127,0,0,0,0,0.0,365,0.00,0.00,0.00,0.00,14,0,0,0.0,0.0,2026-08-29T11:30:00Z,0,False,18,0,0,0,0,2,0,18344,0,2,2,0.0,0,-3114,638,3752,40,True,0,0,0,0,0,2
Jaden Philogene,MID,Ipswich Town,2.0,a,,,,0.2,375,142,0,0,0,0,0.0,318,0.00,0.00,0.00,0.00,18,0,0,0.0,0.0,2026-08-30T15:30:00Z,0,False,16,0,0,0,0,2,0,12592,0,2,5,0.0,0,-3822,106,3928,55,False,0,0,0,0,0,2
John Egan,DEF,Hull City,1.0,a,,,,1.9,131,54,0,1,25,1,0.4,277,0.00,0.00,0.00,1.29,13,0,0,2.4,23.8,2026-08-29T14:00:00Z,90,False,7,0,0,0,0,2,0,197783,1,1,0,0.0,9,31730,42937,11207,40,False,0,12,13,1,1,2
Tino Livramento,DEF,Newcastle,0.0,i,Calf injury - Unknown return date,0,0,0.0,505,175,0,0,0,0,0.0,450,0.00,0.00,0.00,0.00,15,0,0,0.0,0.0,2026-08-29T16:30:00Z,0,False,19,0,0,0,0,2,0,3475,0,2,0,0.0,0,-1137,91,1228,50,False,0,0,0,0,0,2
Leo Shahar,DEF,Newcastle,1.0,a,,,,0.1,458,160,0,0,0,0,0.0,609,0.00,0.00,0.00,0.00,15,0,0,0.0,0.0,2026-08-29T16:30:00Z,0,False,19,0,0,0,0,2,0,11777,0,2,0,0.0,0,3348,3993,645,40,False,0,0,0,0,0,2
Alfie McNally,GK,Fulham,1.0,a,,,,0.2,378,40,0,0,0,0,0.0,252,0.00,0.00,0.00,0.00,19,0,0,0.0,0.0,2026-08-30T13:00:00Z,0,False,20,0,0,0,0,2,0,15794,0,0,1,0.0,0,185,805,620,40,False,0,0,0,0,0,2
Benoît Badiashile Mukinayi,DEF,Chelsea,1.7,a,,,,0.0,529,181,0,0,0,0,0.0,146,0.00,0.00,0.00,0.00,16,0,0,0.0,0.0,2026-08-30T13:00:00Z,0,False,5,0,0,0,0,2,0,2126,0,3,4,0.0,0,-568,232,800,45,True,0,0,0,0,0,2
Junior Kroupi,MID,Bournemouth,0.0,i,Foot injury - Unknown return date,0,0,0.4,276,90,0,0,0,0,0.0,78,0.00,0.00,0.00,0.00,12,0,0,0.0,0.0,2026-08-29T14:00:00Z,0,False,9,0,0,0,0,2,0,30734,0,1,1,0.0,0,-12946,462,13408,75,True,0,0,0,0,0,2
Bukayo Saka,MID,Arsenal,3.2,a,,,,10.3,38,15,0,3,46,1,8.0,12,0.04,0.67,0.63,0.33,20,0,1,9.3,41.0,2026-08-31T19:00:00Z,90,False,2,0,0,0,0,2,0,1039189,1,1,0,44.0,11,53683,88913,35230,95,False,0,3,11,6,2,2
Callum Wilson,FWD,Brentford,1.8,a,,,,0.4,275,47,0,0,3,0,0.1,108,0.00,0.04,0.04,0.00,17,0,0,0.7,0.0,2026-08-30T13:00:00Z,2,False,13,0,0,0,0,2,0,37634,0,1,1,7.0,1,-457,4351,4808,55,False,0,0,1,1,0,2
Marcus Rashford,MID,Man Utd,2.5,a,,,,1.7,142,41,0,0,17,0,34.3,429,0.05,0.31,0.26,1.06,18,1,0,10.8,16.0,2026-08-30T15:30:00Z,79,False,12,0,0,0,0,2,0,165554,1,2,5,58.0,2,-7014,15064,22078,70,True,0,0,6,3,3,2
Oscar Bobb,MID,Fulham,2.0,a,,,,0.3,293,98,0,0,8,1,12.4,264,0.01,0.01,0.00,0.26,19,0,0,2.5,7.0,2026-08-30T13:00:00Z,67,False,20,0,0,0,0,2,0,33606,1,0,1,6.0,3,1523,4520,2997,55,False,0,1,5,2,2,2
Daniel Ballard,DEF,Sunderland,2.2,a,,,,5.4,67,27,0,0,27,1,1.2,532,0.00,0.03,0.03,0.95,19,0,0,3.2,23.6,2026-08-30T13:00:00Z,90,False,10,0,0,0,0,2,0,495946,1,0,1,7.0,8,-36906,12798,49704,50,True,0,9,10,1,1,2
Marco Bizot,GK,Aston Villa,1.9,a,,,,0.1,397,43,0,0,0,0,0.0,29,0.00,0.00,0.00,0.00,20,0,0,0.0,0.0,2026-08-31T19:00:00Z,0,False,1,0,0,0,0,2,0,13320,0,1,0,0.0,0,-36,845,881,45,True,0,0,0,0,0,2
Bafodé Diakité,DEF,Bournemouth,2.2,a,,,,0.2,346,130,0,0,0,0,0.0,62,0.00,0.00,0.00,0.00,12,0,0,0.0,0.0,2026-08-29T14:00:00Z,0,False,9,0,0,0,0,2,0,19940,0,1,1,0.0,0,401,2722,2321,50,True,0,0,0,0,0,2
Luka Lynch,MID,Aston Villa,1.0,a,,,,0.0,489,202,0,0,0,0,0.0,607,0.00,0.00,0.00,0.00,20,0,0,0.0,0.0,2026-08-31T19:00:00Z,0,False,1,0,0,0,0,2,0,8874,0,1,0,0.0,0,2771,3603,832,45,True,0,0,0,0,0,2
Diego Coppola,DEF,Brighton,1.7,a,,,,0.0,550,190,0,0,0,0,0.0,117,0.00,0.00,0.00,0.00,16,0,0,0.0,0.0,2026-08-30T13:00:00Z,0,False,6,0,0,0,0,2,0,1892,0,3,4,0.0,0,-33,191,224,45,False,0,0,0,0,0,2
Lucas Estella Perri,GK,Leeds,1.9,a,,,,0.6,241,33,0,0,0,0,0.0,326,0.00,0.00,0.00,0.00,17,0,0,0.0,0.0,2026-08-30T13:00:00Z,0,False,4,0,0,0,0,2,0,54468,0,1,1,0.0,0,-5031,328,5359,45,True,0,0,0,0,0,2
Gabriel Fernando de Jesus,FWD,Arsenal,2.0,a,,,,0.3,287,50,0,0,0,0,0.0,27,0.00,0.00,0.00,0.00,20,0,0,0.0,0.0,2026-08-31T19:00:00Z,0,False,2,0,0,0,0,2,0,32779,0,1,0,0.0,0,-5264,1914,7178,60,False,0,0,0,0,0,2
Tatsuhiro Sakamoto,MID,Coventry City,1.5,a,,,,0.1,417,163,0,0,8,0,5.9,185,0.02,0.04,0.02,0.69,13,1,0,1.9,6.2,2026-08-29T14:00:00Z,31,False,11,0,0,0,0,2,0,9710,0,1,0,7.0,1,-1318,137,1455,50,True,0,0,4,2,2,2
Mathys Tel,MID,Spurs,2.2,a,,,,0.5,252,83,0,0,10,0,3.3,514,0.03,0.17,0.14,0.48,15,1,0,4.1,3.8,2026-08-29T16:30:00Z,67,False,17,0,0,0,0,2,0,48495,1,2,0,34.0,2,-6287,4174,10461,60,True,0,0,3,2,1,2
Benjamin Lecomte,GK,Fulham,1.0,a,,,,1.2,177,26,0,0,0,0,0.0,251,0.00,0.00,0.00,0.00,19,0,0,0.0,0.0,2026-08-30T13:00:00Z,0,False,20,0,0,0,0,2,0,117798,0,0,1,0.0,0,-2636,1492,4128,40,False,0,0,0,0,0,2
Liam Delap,FWD,Nott'm Forest,1.8,a,,,,0.4,266,46,0,0,9,0,10.1,167,0.00,0.07,0.07,0.33,14,1,0,2.1,4.0,2026-08-29T11:30:00Z,24,False,14,0,0,0,0,2,0,48067,0,2,2,7.0,1,175,7740,7565,55,False,0,0,0,0,0,2
Christos Tzolis,MID,Arsenal,2.3,a,,,,25.7,10,4,0,0,1,0,11.8,557,0.01,0.01,0.00,0.10,20,0,0,1.6,0.0,2026-08-31T19:00:00Z,45,False,2,0,0,0,0,2,0,2597617,1,1,0,4.0,0,180987,236687,55700,65,False,1,1,3,2,0,2
Brandon Austin,GK,Spurs,1.0,a,,,,0.9,205,29,0,0,0,0,0.0,495,0.00,0.00,0.00,0.00,15,0,0,0.0,0.0,2026-08-29T16:30:00Z,0,False,17,0,0,0,0,2,0,88358,0,2,0,0.0,0,-490,3212,3702,40,True,0,0,0,0,0,2
Amad Diallo,MID,Man Utd,2.2,d,Unspecified injury - 75% chance of playing,,75,1.3,174,55,0,0,0,0,0.0,431,0.00,0.00,0.00,0.00,18,0,0,0.0,0.0,2026-08-30T15:30:00Z,0,False,12,0,0,0,0,2,0,91945,0,2,5,0.0,0,-57883,1576,59459,59,True,0,0,0,0,0,2
Chris Wood,FWD,Nott'm Forest,2.0,a,,,,1.7,140,22,0,0,0,0,0.0,490,0.00,0.00,0.00,0.00,14,0,0,0.0,0.0,2026-08-29T11:30:00Z,0,False,14,0,0,0,0,2,0,152998,0,2,2,0.0,0,-24782,4569,29351,60,False,0,0,0,0,0,2
Kevin Schade,MID,Brentford,2.2,a,,,,3.5,94,31,0,3,34,0,11.1,94,0.02,0.27,0.25,1.46,17,1,1,9.1,45.6,2026-08-30T13:00:00Z,87,False,13,0,0,0,0,2,0,344201,1,1,1,34.0,10,-791,24998,25789,60,False,0,3,9,4,2,2
Andrey Nascimento dos Santos,MID,Man Utd,1.5,a,,,,1.0,196,65,0,0,2,0,0.7,162,0.00,0.00,0.00,1.00,18,1,0,0.7,6.2,2026-08-30T15:30:00Z,10,False,12,0,0,0,0,2,0,96490,0,2,5,0.0,1,-7693,7456,15149,50,True,0,0,5,2,3,2
Matt Grimes,MID,Coventry City,1.5,a,,,,0.2,352,128,0,0,14,0,20.9,184,0.04,0.05,0.01,0.72,13,1,0,3.7,14.2,2026-08-29T14:00:00Z,90,False,11,0,0,0,0,2,0,20154,1,1,0,2.0,2,674,2290,1616,50,True,0,1,10,9,0,2
George Hemmings,MID,Aston Villa,1.0,a,,,,0.7,226,73,0,0,5,0,4.3,51,0.01,0.01,0.00,1.01,20,1,0,0.6,1.8,2026-08-31T19:00:00Z,70,False,1,0,0,0,0,2,0,72550,1,1,0,0.0,2,3259,8743,5484,45,True,0,0,6,4,2,2
Lucas Gourna-Douath,MID,Hull City,1.5,a,,,,0.0,527,219,0,0,6,0,0.9,589,0.01,0.01,0.00,0.20,13,0,0,1.4,12.8,2026-08-29T14:00:00Z,45,False,7,0,0,0,0,2,0,2781,0,1,0,0.0,1,-178,135,313,50,False,0,1,6,2,3,2
Amar Dedic,DEF,Newcastle,1.7,a,,,,0.3,299,112,1,2,37,1,30.4,593,0.06,0.06,0.00,1.12,15,0,0,7.3,42.6,2026-08-29T16:30:00Z,90,False,19,0,0,0,0,2,0,36928,1,2,0,0.0,11,8203,10359,2156,45,False,0,5,8,5,3,2
Marcelino Núñez,MID,Ipswich Town,1.5,a,,,,0.1,392,153,0,0,6,0,12.1,309,0.02,0.02,0.00,2.85,18,3,0,2.6,11.6,2026-08-30T15:30:00Z,61,False,16,0,0,0,0,2,0,14039,1,2,5,2.0,2,-196,1197,1393,50,False,0,4,9,4,1,2
Thimothée Lo-Tutala,GK,Hull City,0.0,u,Has joined Colchester United on loan for the rest of the season,0,0,0.0,518,58,0,0,0,0,0.0,276,0.00,0.00,0.00,0.00,13,0,0,0.0,0.0,2026-08-29T14:00:00Z,0,False,7,0,0,0,0,2,0,3116,0,1,0,0.0,0,-383,0,383,40,False,0,0,0,0,0,2
Matheus Nunes,DEF,Man City,2.8,a,,100,100,1.6,148,63,0,0,0,0,0.0,389,0.00,0.00,0.00,0.00,11,0,0,0.0,0.0,2026-08-28T19:00:00Z,0,False,8,0,0,0,0,2,0,142089,0,4,1,0.0,0,-14462,3031,17493,60,False,0,0,0,0,0,2
Jordan Pickford,GK,Everton,3.3,a,,,,8.5,49,6,0,0,22,0,0.0,226,0.00,0.00,0.00,2.16,12,1,0,3.2,31.6,2026-08-29T14:00:00Z,90,False,3,0,0,0,0,2,4,878157,1,1,1,0.0,3,35349,63539,28190,55,False,0,4,0,11,0,2
Abdülkadir Ömür,MID,Hull City,1.5,a,,,,0.0,555,229,0,0,0,0,0.0,292,0.00,0.00,0.00,0.00,13,0,0,0.0,0.0,2026-08-29T14:00:00Z,0,False,7,0,0,0,0,2,0,1668,0,1,0,0.0,0,-178,209,387,50,False,0,0,0,0,0,2
Jannik Schuster,DEF,Brentford,1.7,a,,,,0.2,363,138,0,0,0,0,0.0,93,0.00,0.00,0.00,0.00,17,0,0,0.0,0.0,2026-08-30T13:00:00Z,0,False,13,0,0,0,0,2,0,16511,0,1,1,0.0,0,-1064,142,1206,45,False,0,0,0,0,0,2
Jaidon Anthony,MID,Brentford,2.2,a,,,,0.2,370,139,0,0,4,1,25.9,105,0.06,0.17,0.11,0.09,17,0,0,4.4,3.2,2026-08-30T13:00:00Z,60,False,13,0,0,0,0,2,0,16949,1,1,1,15.0,2,-433,1958,2391,60,False,1,0,1,1,0,2
Noah Okafor,MID,Leeds,2.2,a,,,,0.5,262,84,0,0,11,0,7.5,336,0.01,0.09,0.08,0.74,17,1,0,2.4,6.4,2026-08-30T13:00:00Z,68,False,4,0,0,0,0,2,0,40559,1,1,1,10.0,2,-7813,1355,9168,60,True,0,1,2,0,1,2
Martín Zubimendi Ibáñez,MID,Arsenal,2.0,a,,,,1.1,191,63,0,0,5,0,0.9,19,0.00,0.00,0.00,0.00,20,0,0,0.6,4.8,2026-08-31T19:00:00Z,5,False,2,0,0,0,0,2,0,94430,0,1,0,0.0,1,-19013,1579,20592,55,False,0,0,2,0,2,2
Maxence Lacroix,DEF,Chelsea,2.8,a,,,,9.3,46,16,0,0,-3,0,0.1,200,0.00,0.02,0.02,1.41,16,3,0,1.9,13.0,2026-08-30T13:00:00Z,90,False,5,0,0,0,0,2,0,946023,1,3,4,6.0,1,18715,63522,44807,60,True,0,8,9,1,1,2
Josh King,MID,Fulham,2.0,a,,,,0.3,290,96,0,0,8,0,4.5,268,0.03,0.50,0.47,2.02,19,1,0,3.6,10.6,2026-08-30T13:00:00Z,90,False,20,0,0,0,0,2,0,59498,1,0,1,21.0,2,30519,34683,4164,55,False,0,1,4,1,2,2
Justin Devenny,MID,Crystal Palace,1.5,a,,,,0.0,577,245,0,0,0,0,0.0,215,0.00,0.00,0.00,0.00,11,0,0,0.0,0.0,2026-08-28T19:00:00Z,0,False,15,0,0,0,0,2,0,1141,0,4,1,0.0,0,-107,69,176,50,True,0,0,0,0,0,2
Reece James,DEF,Chelsea,2.5,a,,,,10.2,39,13,0,0,-1,0,0.4,142,0.00,0.00,0.00,0.14,16,1,0,0.3,0.4,2026-08-30T13:00:00Z,22,False,5,0,0,0,0,2,0,987947,0,3,4,2.0,1,-18793,62525,81318,55,True,0,0,0,1,0,2
Pascal Groß,MID,Brighton,2.0,a,,,,13.6,28,9,1,3,46,0,33.2,124,0.11,0.16,0.05,2.93,16,4,1,10.4,47.8,2026-08-30T13:00:00Z,90,False,6,0,0,0,0,2,0,1268429,1,3,4,23.0,13,-81694,24179,105873,55,False,0,2,6,3,1,2
Thomas Meunier,DEF,Sunderland,3.5,a,,100,100,0.3,297,110,0,0,0,0,1.5,541,0.00,0.11,0.11,0.76,22,1,0,1.3,5.2,2026-09-05T14:00:00Z,63,False,4,0,0,0,0,3,0,30963,1,1,1,6.0,2,301,2639,2338,45,False,0,2,2,0,0,3
Brian Brobbey,FWD,Sunderland,2.0,a,,,,9.3,47,7,0,0,11,0,37.1,552,0.06,0.32,0.26,1.21,22,1,0,7.1,4.4,2026-09-05T14:00:00Z,90,False,4,0,0,0,0,3,0,912046,1,1,1,29.0,2,-321733,27284,349017,59,False,0,0,3,3,0,3
Cristian Romero,DEF,Spurs,0.0,u,Has joined Atletico Madrid permanently,0,0,0.1,419,149,0,0,0,0,0.0,500,0.00,0.00,0.00,0.00,28,0,0,0.0,0.0,2026-09-05T14:00:00Z,0,False,18,0,0,0,0,3,0,11327,0,0,0,0.0,0,-3763,0,3763,50,False,0,0,0,0,0,3
Omar Marmoush,FWD,Spurs,1.0,a,,,,2.2,120,18,0,0,6,1,2.4,401,0.01,0.18,0.17,0.88,28,0,0,1.0,0.0,2026-09-05T14:00:00Z,83,False,18,0,0,0,0,3,0,232425,1,0,0,10.0,2,64907,100495,35588,70,False,0,0,0,0,0,3
Axel Disasi,DEF,Crystal Palace,0.5,a,,,,0.1,467,165,0,0,14,0,13.3,153,0.04,0.04,0.00,3.14,24,2,0,4.7,31.4,2026-09-05T14:00:00Z,90,False,10,0,0,0,0,3,0,7480,1,3,2,2.0,3,503,1511,1008,45,False,0,9,13,8,4,3
Dário Luís Essugo,MID,Chelsea,0.0,u,Has joined RC Strasbourg on loan for the rest of the season,,0,0.2,360,133,0,0,0,0,0.0,163,0.00,0.00,0.00,0.00,29,0,0,0.0,0.0,2026-09-06T15:30:00Z,0,False,1,0,0,0,0,3,0,16417,0,1,2,0.0,0,-3147,1446,4593,45,False,0,0,0,0,0,3
Alex Cairns,GK,Leeds,1.0,a,,,,0.2,349,39,0,0,0,0,0.0,625,0.00,0.00,0.00,0.00,23,0,0,0.0,0.0,2026-09-05T14:00:00Z,0,False,5,0,0,0,0,3,0,19774,0,1,1,0.0,0,8041,9425,1384,40,False,0,0,0,0,0,3
Gabriel dos Santos Magalhães,DEF,Arsenal,6.5,a,,,,25.4,10,2,0,0,10,0,2.4,4,0.02,0.33,0.31,0.39,29,1,0,10.2,23.6,2026-09-06T15:30:00Z,90,False,6,0,0,0,0,3,0,2590027,1,1,2,76.0,2,-298759,46883,345642,80,True,0,7,7,4,0,3
João Pedro Junqueira de Jesus,FWD,Chelsea,10.0,a,,,,69.3,2,2,0,0,8,0,28.8,165,0.05,0.07,0.02,2.05,29,2,0,3.7,0.0,2026-09-06T15:30:00Z,90,False,1,0,0,0,0,3,0,7177659,1,1,2,9.0,1,255757,446528,190771,77,False,1,0,1,1,0,3
Jack Harrison,MID,Leeds,0.0,u,Has joined New England Revolution permanently,0,0,0.0,651,289,0,0,0,0,0.0,342,0.00,0.00,0.00,0.00,23,0,0,0.0,0.0,2026-09-05T14:00:00Z,0,False,5,0,0,0,0,3,0,81,0,1,1,0.0,0,-17,0,17,50,False,0,0,0,0,0,3
Ben Johnson,DEF,Ipswich Town,0.0,u,Has joined Stoke City on loan for the rest of the season,,0,0.1,425,151,0,0,0,0,0.0,307,0.00,0.00,0.00,0.00,21,0,0,0.0,0.0,2026-09-04T19:00:00Z,0,False,14,0,0,0,0,3,0,10397,0,2,0,0.0,0,-658,710,1368,40,True,0,0,0,0,0,3
David Akintola,MID,Hull City,0.0,a,,,,0.0,507,208,0,0,0,0,0.0,296,0.00,0.00,0.00,0.00,25,0,0,0.0,0.0,2026-09-05T16:30:00Z,0,False,2,0,0,0,0,3,0,4439,0,0,0,0.0,0,-67,1268,1335,50,True,0,0,0,0,0,3
Carl Rushworth,GK,Coventry City,1.5,a,,,,1.0,196,30,0,0,13,0,0.0,110,0.00,0.00,0.00,2.12,26,1,0,1.9,18.8,2026-09-05T14:00:00Z,90,False,15,0,0,0,0,3,2,95482,1,0,1,0.0,2,-16015,2938,18953,45,False,0,1,0,9,0,3
Samuel Iling-Junior,MID,Aston Villa,0.0,u,Has joined Bolton Wanderers on loan for the rest of the season,0,0,0.0,642,282,0,0,0,0,0.0,49,0.00,0.00,0.00,0.00,25,0,0,0.0,0.0,2026-09-05T16:30:00Z,0,False,11,0,0,0,0,3,0,211,0,0,0,0.0,0,-63,0,63,50,False,0,0,0,0,0,3
Pep Chavarría,DEF,Chelsea,1.0,a,,,,0.2,356,132,0,0,2,0,2.0,583,0.00,0.00,0.00,0.14,29,0,0,0.8,2.4,2026-09-06T15:30:00Z,30,False,1,0,0,0,0,3,0,17402,0,1,2,4.0,1,-3413,664,4077,50,False,0,1,2,1,1,3
Miguel Brau,DEF,Coventry City,0.0,u,Has joined Academico de Viseu on loan for the rest of the season,,0,0.0,536,185,0,0,0,0,0.0,181,0.00,0.00,0.00,0.00,26,0,0,0.0,0.0,2026-09-05T14:00:00Z,0,False,15,0,0,0,0,3,0,3074,0,0,1,0.0,0,-956,19,975,40,False,0,0,0,0,0,3
Aladji Bamba,MID,Newcastle,0.5,a,,,,0.1,415,163,0,0,0,0,0.0,559,0.00,0.00,0.00,0.00,27,0,0,0.0,0.0,2026-09-05T11:30:00Z,0,False,3,0,0,0,0,3,0,11930,0,2,2,0.0,0,-1788,834,2622,50,True,0,0,0,0,0,3
Oliver Dovin,GK,Coventry City,0.0,u,Has joined Leyton Orient on loan for the rest of the season,,0,1.4,155,22,0,0,0,0,0.0,171,0.00,0.00,0.00,0.00,26,0,0,0.0,0.0,2026-09-05T14:00:00Z,0,False,15,0,0,0,0,3,0,141466,0,0,1,0.0,0,-12005,6290,18295,40,False,0,0,0,0,0,3
Mateo Kovačić,MID,Man City,1.0,a,,,,0.1,449,179,0,0,0,0,0.0,406,0.00,0.00,0.00,0.00,26,0,0,0.0,0.0,2026-09-05T14:00:00Z,0,False,7,0,0,0,0,3,0,8577,0,0,1,0.0,0,-1500,647,2147,55,True,0,0,0,0,0,3
Tom King,GK,Everton,0.0,a,,,,0.0,508,56,0,0,0,0,0.0,228,0.00,0.00,0.00,0.00,30,0,0,0.0,0.0,2026-09-06T13:00:00Z,0,False,16,0,0,0,0,3,0,4408,0,2,2,0.0,0,-211,303,514,45,True,0,0,0,0,0,3
Harrison Reed,MID,Fulham,0.0,a,,,,1.3,162,49,0,0,0,0,0.0,270,0.00,0.00,0.00,0.00,24,0,0,0.0,0.0,2026-09-05T14:00:00Z,0,False,8,0,0,0,0,3,0,132811,0,3,2,0.0,0,-11001,8075,19076,45,True,0,0,0,0,0,3
Morgan Rogers,MID,Chelsea,6.5,a,,,,24.1,11,5,0,0,22,0,13.6,40,0.03,0.11,0.08,2.05,29,2,1,6.0,30.2,2026-09-06T15:30:00Z,86,False,1,0,0,0,0,3,0,2472597,1,1,2,16.0,6,-110434,211550,321984,75,False,1,0,5,5,0,3
Marcus Tavernier,MID,Bournemouth,5.5,a,,,,2.3,119,35,0,3,43,0,13.2,68,0.05,1.06,1.01,0.66,27,2,1,13.7,46.6,2026-09-05T11:30:00Z,88,False,17,0,0,0,0,3,0,230783,1,2,2,77.0,10,-21585,28263,49848,60,False,0,0,9,8,1,3
Ryan Sessegnon,DEF,Fulham,1.0,a,,,,0.4,277,102,0,0,3,0,14.8,269,0.32,0.40,0.08,0.00,24,0,0,2.1,2.0,2026-09-05T14:00:00Z,11,False,8,0,0,0,0,3,0,37980,0,3,2,4.0,1,-3956,887,4843,45,True,0,1,1,1,0,3
Senne Lammens,GK,Man Utd,1.5,a,,,,13.5,32,5,0,0,13,0,0.0,412,0.00,0.00,0.00,1.01,30,2,0,3.2,31.8,2026-09-06T13:00:00Z,90,False,9,0,0,0,0,3,4,1379189,1,2,2,0.0,2,-158382,32200,190582,50,False,0,1,0,14,0,3
Ayyoub Bouaddi,MID,Man City,2.0,a,,,,0.1,375,140,0,0,5,0,0.5,616,0.00,0.00,0.00,0.37,26,0,0,1.2,11.2,2026-09-05T14:00:00Z,14,False,7,0,0,0,0,3,0,15546,0,0,1,0.0,1,6041,9299,3258,55,True,0,2,5,3,0,3
Ousmane Diomande,DEF,Nott'm Forest,0.0,a,,,,0.6,239,89,0,0,3,0,0.0,581,0.00,0.00,0.00,0.00,28,0,0,0.0,0.0,2026-09-05T14:00:00Z,1,False,19,0,0,0,0,3,0,61213,0,0,0,0.0,1,-12790,3142,15932,54,True,0,0,0,0,0,3
Chadi Riad Dnanou,DEF,Crystal Palace,0.0,i,Knee injury - Unknown return date,0,0,0.0,535,184,0,0,0,0,0.0,206,0.00,0.00,0.00,0.00,24,0,0,0.0,0.0,2026-09-05T14:00:00Z,0,False,10,0,0,0,0,3,0,3064,0,3,2,0.0,0,-1423,193,1616,44,False,0,0,0,0,0,3
Sean Neave,FWD,Newcastle,0.0,u,Has joined Wolves on loan for the rest of the season,,0,0.9,204,33,0,0,0,0,0.0,466,0.00,0.00,0.00,0.00,27,0,0,0.0,0.0,2026-09-05T11:30:00Z,0,False,3,0,0,0,0,3,0,87795,0,2,2,0.0,0,3928,17327,13399,45,True,0,0,0,0,0,3
Trey Nyoni,MID,Liverpool,0.5,a,,,,0.0,518,214,0,0,3,0,0.1,375,0.00,0.00,0.00,0.15,21,0,0,0.0,0.2,2026-09-04T19:00:00Z,6,False,12,0,0,0,0,3,0,3899,0,2,0,0.0,1,-319,503,822,50,False,0,0,0,0,0,3
Melker Ellborg,GK,Sunderland,0.0,a,,,,0.1,445,49,0,0,0,0,0.0,531,0.00,0.00,0.00,0.00,22,0,0,0.0,0.0,2026-09-05T14:00:00Z,0,False,4,0,0,0,0,3,0,8803,0,1,1,0.0,0,-546,405,951,45,False,0,0,0,0,0,3
Marc Guiu Paz,FWD,Chelsea,0.0,u,Has joined RB Leipzig permanently,,0,0.3,286,49,0,0,0,0,0.0,168,0.00,0.00,0.00,0.00,29,0,0,0.0,0.0,2026-09-06T15:30:00Z,0,False,1,0,0,0,0,3,0,33721,0,1,2,0.0,0,-10863,1924,12787,50,False,0,0,0,0,0,3
Harry Howell,MID,Brighton,0.0,u,Has joined Leicester City on loan for the rest of the season,0,0,0.0,512,211,0,0,0,0,0.0,132,0.00,0.00,0.00,0.00,23,0,0,0.0,0.0,2026-09-05T14:00:00Z,0,False,13,0,0,0,0,3,0,4183,0,1,1,0.0,0,-976,0,976,45,True,0,0,0,0,0,3
Lucas Bergvall,MID,Spurs,0.5,a,,,,0.2,354,130,0,0,0,0,0.0,520,0.00,0.00,0.00,0.00,28,0,0,0.0,0.0,2026-09-05T14:00:00Z,0,False,18,0,0,0,0,3,0,17646,0,0,0,0.0,0,-3012,482,3494,54,False,0,0,0,0,0,3
Ian Maatsen,DEF,Aston Villa,0.5,a,,,,0.8,217,81,0,1,29,1,19.8,36,0.42,0.42,0.00,0.22,25,0,0,3.4,10.6,2026-09-05T16:30:00Z,74,False,11,0,0,0,0,3,0,83194,1,0,0,4.0,7,2667,11292,8625,45,False,0,2,3,0,1,3
Ryan Gravenberch,MID,Liverpool,3.0,a,,,,1.6,141,42,0,0,2,0,1.7,371,0.00,0.00,0.00,0.17,21,0,0,0.4,2.2,2026-09-04T19:00:00Z,26,False,12,0,0,0,0,3,0,168420,0,2,0,0.0,1,-34196,10774,44970,60,False,0,1,2,1,0,3
Xavi Simons,MID,Spurs,0.0,i,Knee injury - Unknown return date,0,0,0.0,591,248,0,0,0,0,0.0,513,0.00,0.00,0.00,0.00,28,0,0,0.0,0.0,2026-09-05T14:00:00Z,0,False,18,0,0,0,0,3,0,1296,0,0,0,0.0,0,-291,78,369,60,False,0,0,0,0,0,3
Kiernan Dewsbury-Hall,MID,Everton,6.5,a,,,,4.3,87,28,0,0,20,0,30.0,236,0.07,0.34,0.27,0.69,30,2,0,8.7,24.0,2026-09-06T13:00:00Z,90,False,16,0,0,0,0,3,0,440536,1,2,2,33.0,2,-32072,60861,92933,65,True,0,2,11,5,4,3
Rayan Vitor Simplício Rocha,MID,Bournemouth,2.0,a,,,,2.3,118,34,0,0,8,0,0.9,67,0.01,0.05,0.04,0.66,27,2,0,1.3,1.6,2026-09-05T11:30:00Z,88,False,17,0,0,0,0,3,0,230133,1,2,2,10.0,2,-48316,11708,60024,65,False,0,1,2,0,1,3
Riccardo Calafiori,DEF,Arsenal,10.0,a,,,,44.3,4,1,0,0,0,0,3.2,8,0.03,0.42,0.39,0.26,29,1,0,3.4,4.4,2026-09-06T15:30:00Z,66,False,6,0,0,0,0,3,0,4639050,1,1,2,26.0,2,396923,515479,118556,57,True,0,0,1,1,1,3
Daichi Kamada,MID,Crystal Palace,2.5,a,,,,0.3,306,105,1,0,21,0,23.2,214,0.01,0.01,0.00,3.01,24,2,0,4.9,19.6,2026-09-05T14:00:00Z,88,False,10,0,0,0,0,3,0,28293,1,3,2,6.0,5,-259,4293,4552,50,False,0,0,4,4,0,3
Vitor de Oliveira Nunes dos Reis,DEF,Man City,0.5,a,,,,0.0,548,189,0,0,0,0,0.0,396,0.00,0.00,0.00,0.00,26,0,0,0.0,0.0,2026-09-05T14:00:00Z,0,False,7,0,0,0,0,3,0,2767,0,0,1,0.0,0,-130,132,262,45,True,0,0,0,0,0,3
Ibrahim Sangaré,MID,Nott'm Forest,0.0,a,,0,100,0.6,240,81,0,0,0,0,0.0,488,0.00,0.00,0.00,0.00,28,0,0,0.0,0.0,2026-09-05T14:00:00Z,0,False,19,0,0,0,0,3,0,60777,0,0,0,0.0,0,-26662,1817,28479,49,True,0,0,0,0,0,3
Malo Gusto,DEF,Chelsea,1.0,a,,,,1.1,181,71,0,0,4,0,3.4,144,0.01,0.05,0.04,0.14,29,0,0,0.7,3.0,2026-09-06T15:30:00Z,30,False,1,0,0,0,0,3,0,116347,0,1,2,1.0,1,-11595,9926,21521,50,False,0,0,2,2,2,3
Braiden Graham,MID,Everton,0.0,,,,,,,,0,0,0,0,0.0,654,0.00,0.00,0.00,0.00,30,0,0,0.0,0.0,2026-09-06T13:00:00Z,0,False,16,0,0,0,0,3,0,0,0,2,2,0.0,0,0,0,0,45,True,0,0,0,0,0,3
Armin Pecsi,GK,Liverpool,0.0,u,Has joined TSV Hartberg on loan for the rest of the season,0,0,0.0,559,66,0,0,0,0,0.0,353,0.00,0.00,0.00,0.00,21,0,0,0.0,0.0,2026-09-04T19:00:00Z,0,False,12,0,0,0,0,3,0,2180,0,2,0,0.0,0,-284,0,284,40,False,0,0,0,0,0,3
Michael Svoboda,DEF,Brighton,0.0,a,,,,0.1,491,172,0,0,0,0,0.0,120,0.00,0.00,0.00,0.00,23,0,0,0.0,0.0,2026-09-05T14:00:00Z,0,False,13,0,0,0,0,3,0,5613,0,1,1,0.0,0,-124,863,987,50,True,0,0,0,0,0,3
Iliman Ndiaye,MID,Man City,6.5,a,,,,12.1,33,12,0,0,12,1,17.9,237,0.04,0.06,0.02,1.35,26,0,0,3.5,7.0,2026-09-05T14:00:00Z,86,False,7,0,0,0,0,3,0,1152171,1,0,1,10.0,3,-391471,81681,473152,60,True,0,1,5,2,2,3
Loum Tchaouna,MID,Coventry City,1.5,a,,,,0.1,406,158,0,0,9,0,24.8,190,0.03,0.13,0.10,0.95,26,0,0,5.4,8.2,2026-09-05T14:00:00Z,27,False,15,0,0,0,0,3,0,12425,0,0,1,21.0,1,-3624,128,3752,55,False,0,0,1,1,0,3
Gabriel Martinelli Silva,MID,Arsenal,0.0,u,Has joined Al Hilal permanently,,0,0.2,364,136,0,0,0,0,0.0,18,0.00,0.00,0.00,0.00,29,0,0,0.0,0.0,2026-09-06T15:30:00Z,0,False,6,0,0,0,0,3,0,15232,0,1,2,0.0,0,-5441,1165,6606,63,True,0,0,0,0,0,3
Michael Keane,DEF,Everton,0.0,a,,,,1.0,191,73,0,0,0,0,0.0,231,0.00,0.00,0.00,0.00,30,0,0,0.0,0.0,2026-09-06T13:00:00Z,0,False,16,0,0,0,0,3,0,105416,0,2,2,0.0,0,-30710,2294,33004,49,True,0,0,0,0,0,3
Joelinton Cássio Apolinário de Lira,MID,Newcastle,0.0,i,Unspecified injury - Unknown return date,0,0,0.0,558,231,0,0,0,0,0.0,458,0.00,0.00,0.00,0.00,27,0,0,0.0,0.0,2026-09-05T11:30:00Z,0,False,3,0,0,0,0,3,0,2235,0,2,2,0.0,0,-546,86,632,54,True,0,0,0,0,0,3
Dominic Solanke-Mitchell,FWD,Spurs,1.0,a,,,,1.0,190,30,0,0,-1,0,0.3,526,0.00,0.17,0.17,0.04,28,0,0,0.4,0.0,2026-09-05T14:00:00Z,6,False,18,0,0,0,0,3,0,106592,0,0,0,4.0,1,-27806,7532,35338,59,False,0,1,1,0,0,3
Norman Bassette,FWD,Coventry City,0.0,u,Has joined KVC Westerlo on loan for the rest of the season,0,0,0.0,534,71,0,0,0,0,0.0,197,0.00,0.00,0.00,0.00,26,0,0,0.0,0.0,2026-09-05T14:00:00Z,0,False,15,0,0,0,0,3,0,3200,0,0,1,0.0,0,-548,0,548,45,False,0,0,0,0,0,3
Guglielmo Vicario,GK,Spurs,0.0,u,Has joined Juventus on loan for the rest of the season,0,0,0.2,350,40,0,0,0,0,0.0,494,0.00,0.00,0.00,0.00,28,0,0,0.0,0.0,2026-09-05T14:00:00Z,0,False,18,0,0,0,0,3,0,18205,0,0,0,0.0,0,-5759,0,5759,45,False,0,0,0,0,0,3
Michele Di Gregorio,GK,Bournemouth,2.0,a,,,,0.0,545,63,0,0,0,0,0.0,615,0.00,0.00,0.00,0.00,27,0,0,0.0,0.0,2026-09-05T11:30:00Z,0,False,17,0,0,0,0,3,0,2932,0,2,2,0.0,0,949,1404,455,45,False,0,0,0,0,0,3
Kaine Kesler-Hayden,DEF,Coventry City,0.0,i,Hamstring injury - Unknown return date,0,0,0.0,499,174,0,0,0,0,0.0,177,0.00,0.00,0.00,0.00,26,0,0,0.0,0.0,2026-09-05T14:00:00Z,0,False,15,0,0,0,0,3,0,4676,0,0,1,0.0,0,-1131,131,1262,40,False,0,0,0,0,0,3
Felipe Rodrigues da Silva,DEF,Nott'm Forest,0.0,u,Has joined West Ham on loan for the rest of the season,,0,0.0,520,180,0,0,0,0,0.0,470,0.00,0.00,0.00,0.00,28,0,0,0.0,0.0,2026-09-05T14:00:00Z,0,False,19,0,0,0,0,3,0,3599,0,0,0,0.0,0,-1172,194,1366,50,True,0,0,0,0,0,3
Darío Osorio,MID,Crystal Palace,2.0,a,,,,0.0,623,268,0,0,2,0,0.3,647,0.00,0.00,0.00,0.13,24,0,0,0.2,2.0,2026-09-05T14:00:00Z,1,False,10,0,0,0,0,3,0,535,0,3,2,0.0,1,411,461,50,55,False,0,0,1,0,1,3
Vitezslav Jaros,GK,Liverpool,0.0,i,Knee injury - Unknown return date,0,0,0.0,572,68,0,0,0,0,0.0,354,0.00,0.00,0.00,0.00,21,0,0,0.0,0.0,2026-09-04T19:00:00Z,0,False,12,0,0,0,0,3,0,1744,0,2,0,0.0,0,213,549,336,40,False,0,0,0,0,0,3
Bernd Leno,GK,Fulham,2.5,a,,,,3.2,102,18,0,0,8,0,0.0,250,0.00,0.00,0.00,1.97,24,3,0,1.9,18.8,2026-09-05T14:00:00Z,90,False,8,0,0,0,0,3,2,339301,1,3,2,0.0,1,14483,41560,27077,45,True,0,0,0,8,0,3
Jarrad Branthwaite,DEF,Everton,5.0,a,,,,1.8,137,57,0,0,10,0,0.6,230,0.00,0.08,0.08,0.69,30,2,0,7.6,41.6,2026-09-06T13:00:00Z,90,False,16,0,0,0,0,3,0,182675,1,2,2,34.0,3,-5884,15501,21385,55,True,0,10,11,4,1,3
Dominik Szoboszlai,MID,Liverpool,6.0,a,,,,41.3,5,2,0,0,20,1,29.9,368,0.08,0.24,0.16,0.75,21,0,0,7.0,19.4,2026-09-04T19:00:00Z,90,False,12,0,0,0,0,3,0,4313411,1,2,0,21.0,3,-105407,281021,386428,70,False,0,3,9,6,0,3
Julio Soler Barreto,DEF,Bournemouth,0.0,a,,75,100,0.3,305,114,0,0,0,0,0.0,66,0.00,0.00,0.00,0.00,27,0,0,0.0,0.0,2026-09-05T11:30:00Z,0,False,17,0,0,0,0,3,0,30657,0,2,2,0.0,0,3691,6046,2355,40,False,0,0,0,0,0,3
Lewis Hall,DEF,Newcastle,7.0,a,,,,9.9,43,15,1,0,20,0,13.4,449,0.01,0.02,0.01,1.35,27,2,0,4.4,28.0,2026-09-05T11:30:00Z,89,False,3,0,0,0,0,3,0,1101917,1,2,2,3.0,4,496570,576636,80066,51,True,0,5,6,13,1,3
Brian Madjo,FWD,Aston Villa,0.0,i,Unspecified injury - Unknown return date,0,0,0.3,295,50,0,0,0,0,0.0,582,0.00,0.00,0.00,0.00,25,0,0,0.0,0.0,2026-09-05T16:30:00Z,0,False,11,0,0,0,0,3,0,31743,0,0,0,0.0,0,-8463,894,9357,55,False,0,0,0,0,0,3
Valentín Barco,MID,Chelsea,0.5,a,,,,0.1,392,149,0,0,0,0,0.0,568,0.00,0.00,0.00,0.00,29,0,0,0.0,0.0,2026-09-06T15:30:00Z,0,False,1,0,0,0,0,3,0,13655,0,1,2,0.0,0,-1018,1055,2073,55,False,0,0,0,0,0,3
Ethan Nwaneri,MID,Arsenal,0.0,u,Has joined Borussia Dortmund on loan for the rest of the season,,0,0.0,594,251,0,0,0,0,0.0,22,0.00,0.00,0.00,0.00,29,0,0,0.0,0.0,2026-09-06T15:30:00Z,0,False,6,0,0,0,0,3,0,1107,0,1,2,0.0,0,-270,157,427,54,True,0,0,0,0,0,3
Olivier Boscagli,DEF,Brighton,2.5,a,,,,0.3,299,111,0,0,17,0,62.3,114,0.33,0.33,0.00,2.49,23,1,0,8.3,20.6,2026-09-05T14:00:00Z,90,False,13,0,0,0,0,3,0,31479,1,1,1,0.0,2,2298,6293,3995,45,True,0,4,4,4,0,3
Brenden Aaronson,MID,Leeds,2.0,a,,,,0.7,227,75,0,0,5,0,1.0,337,0.00,0.00,0.00,1.95,23,1,0,0.1,0.0,2026-09-05T14:00:00Z,28,False,5,0,0,0,0,3,0,70876,0,1,1,0.0,1,-14068,2026,16094,55,False,0,0,0,0,0,3
Chris Rigg,MID,Sunderland,1.0,a,,,,0.1,488,197,0,0,0,0,0.0,548,0.00,0.00,0.00,0.00,22,0,0,0.0,0.0,2026-09-05T14:00:00Z,0,False,4,0,0,0,0,3,0,5751,0,1,1,0.0,0,-719,143,862,50,False,0,0,0,0,0,3
Sebastiaan Bornauw,DEF,Leeds,0.0,u,Has joined Hamburg SV on loan for the rest of the season,0,0,0.0,631,209,0,0,0,0,0.0,333,0.00,0.00,0.00,0.00,23,0,0,0.0,0.0,2026-09-05T14:00:00Z,0,False,5,0,0,0,0,3,0,276,0,1,1,0.0,0,-63,0,63,45,False,0,0,0,0,0,3
Allan Andrade Elias,MID,Man City,2.2,a,,,,0.0,629,273,0,0,0,0,0.0,628,0.00,0.00,0.00,0.00,26,0,0,0.0,0.0,2026-09-05T14:00:00Z,0,False,7,0,0,0,0,3,0,365,0,0,1,0.0,0,213,300,87,60,True,0,0,0,0,0,3
Jayden Lienou,DEF,Leeds,0.0,a,,,,0.1,423,150,0,0,0,0,0.0,603,0.00,0.00,0.00,0.00,23,0,0,0.0,0.0,2026-09-05T14:00:00Z,0,False,5,0,0,0,0,3,0,11399,0,1,1,0.0,0,1400,2536,1136,40,False,0,0,0,0,0,3
Andrés García,DEF,Aston Villa,0.0,a,,,,1.8,136,56,0,0,0,0,0.0,38,0.00,0.00,0.00,0.00,25,0,0,0.0,0.0,2026-09-05T16:30:00Z,0,False,11,0,0,0,0,3,0,187661,0,0,0,0.0,0,-506,16171,16677,40,False,0,0,0,0,0,3
Dango Ouattara,MID,Brentford,2.0,a,,,,0.9,208,65,0,0,6,0,11.3,95,0.01,0.01,0.00,0.35,22,0,0,1.8,6.8,2026-09-05T14:00:00Z,45,False,20,0,0,0,0,3,0,85265,1,1,1,0.0,1,-24974,4607,29581,65,True,0,3,11,7,1,3
Kevin Santos Lopes de Macedo,MID,Fulham,1.0,a,,,,0.0,496,202,0,0,0,0,0.0,263,0.00,0.00,0.00,0.00,24,0,0,0.0,0.0,2026-09-05T14:00:00Z,0,False,8,0,0,0,0,3,0,4945,0,3,2,0.0,0,-789,553,1342,54,True,0,0,0,0,0,3
Tammy Abraham,FWD,Aston Villa,0.2,a,,50,100,0.1,389,56,0,0,3,0,1.0,56,0.00,0.00,0.00,0.35,25,0,0,0.3,2.0,2026-09-05T16:30:00Z,5,False,11,0,0,0,0,3,0,14917,0,0,0,0.0,1,2174,4925,2751,55,False,0,0,1,0,1,3
Romaine Mundle,MID,Sunderland,0.5,a,,,,0.0,609,259,0,0,0,0,0.0,547,0.00,0.00,0.00,0.00,22,0,0,0.0,0.0,2026-09-05T14:00:00Z,0,False,4,0,0,0,0,3,0,810,0,1,1,0.0,0,-51,83,134,50,False,0,0,0,0,0,3
James Trafford,GK,Leeds,6.0,a,,,,5.1,72,10,0,0,18,0,0.0,385,0.00,0.00,0.00,2.19,23,1,0,3.5,34.8,2026-09-05T14:00:00Z,90,False,5,0,0,0,0,3,4,532682,1,1,1,0.0,3,32677,81497,48820,50,False,0,2,0,11,0,3
Matthijs de Ligt,DEF,Man Utd,0.0,i,Back injury - Unknown return date,0,0,0.0,554,191,0,0,0,0,0.0,416,0.00,0.00,0.00,0.00,30,0,0,0.0,0.0,2026-09-06T13:00:00Z,0,False,9,0,0,0,0,3,0,2390,0,2,2,0.0,0,-367,96,463,50,False,0,0,0,0,0,3
Mark Gillespie,GK,Newcastle,0.0,a,,,,0.0,526,59,0,0,0,0,0.0,443,0.00,0.00,0.00,0.00,27,0,0,0.0,0.0,2026-09-05T11:30:00Z,0,False,3,0,0,0,0,3,0,3576,0,2,2,0.0,0,-143,239,382,45,True,0,0,0,0,0,3
Matias Fernandez-Pardo,FWD,Newcastle,2.1,a,,,,0.0,501,68,0,0,4,0,0.8,634,0.00,0.00,0.00,0.04,27,0,0,0.7,0.0,2026-09-05T11:30:00Z,27,False,3,0,0,0,0,3,0,5694,0,2,2,6.0,1,4798,5384,586,60,True,0,0,1,1,0,3
Ryan Giles,DEF,Hull City,6.0,a,,,,1.1,180,70,0,2,30,1,26.4,282,0.04,0.04,0.00,1.93,25,0,0,4.1,14.8,2026-09-05T16:30:00Z,90,False,2,0,0,0,0,3,0,123114,1,0,0,0.0,8,18469,26812,8343,40,True,0,3,4,5,1,3
Jesurun Rak-Sakyi,MID,Crystal Palace,0.0,a,,,,0.0,621,266,0,0,0,0,0.0,219,0.00,0.00,0.00,0.00,24,0,0,0.0,0.0,2026-09-05T14:00:00Z,0,False,10,0,0,0,0,3,0,553,0,3,2,0.0,0,-60,51,111,50,False,0,0,0,0,0,3
Calvin Bassey,DEF,Fulham,1.0,a,,,,0.8,222,83,0,0,2,0,6.4,257,0.04,0.04,0.00,1.97,24,3,0,2.0,13.8,2026-09-05T14:00:00Z,90,False,8,0,0,0,0,3,0,79648,1,3,2,0.0,1,224,8199,7975,45,True,0,1,2,2,1,3
William Saliba,DEF,Arsenal,0.0,i,Back injury - Unknown return date,0,0,0.2,324,118,0,0,0,0,0.0,6,0.00,0.00,0.00,0.00,29,0,0,0.0,0.0,2026-09-06T15:30:00Z,0,False,6,0,0,0,0,3,0,23846,0,1,2,0.0,0,-4380,1102,5482,60,True,0,0,0,0,0,3
Anis Mehmeti,MID,Ipswich Town,0.0,a,,,,0.0,514,213,0,0,0,0,0.0,324,0.00,0.00,0.00,0.00,21,0,0,0.0,0.0,2026-09-04T19:00:00Z,0,False,14,0,0,0,0,3,0,4120,0,2,0,0.0,0,-648,109,757,49,True,0,0,0,0,0,3
Sean Steur,MID,Newcastle,1.0,a,,,,0.1,439,174,0,0,3,0,0.5,462,0.00,0.00,0.00,0.04,27,0,0,0.3,2.0,2026-09-05T11:30:00Z,13,False,3,0,0,0,0,3,0,8925,0,2,2,0.0,1,-1763,584,2347,50,True,0,1,2,1,0,3
Virgil van Dijk,DEF,Liverpool,1.5,a,,,,17.7,21,6,0,0,32,1,1.8,356,0.02,0.02,0.00,0.75,21,0,0,2.5,23.2,2026-09-04T19:00:00Z,90,False,12,0,0,0,0,3,0,1837428,1,2,0,0.0,6,-205785,67650,273435,65,False,0,4,7,4,3,3
Tijjani Reijnders,MID,Man City,0.0,u,Has joined Al Qadsiah permanently,0,0,0.0,506,207,0,0,0,0,0.0,404,0.00,0.00,0.00,0.00,26,0,0,0.0,0.0,2026-09-05T14:00:00Z,0,False,7,0,0,0,0,3,0,4425,0,0,1,0.0,0,-1696,0,1696,60,True,0,0,0,0,0,3
Sidiki Cherif,FWD,Coventry City,0.0,a,,,,0.1,427,61,0,0,0,0,0.0,599,0.00,0.00,0.00,0.00,26,0,0,0.0,0.0,2026-09-05T14:00:00Z,0,False,15,0,0,0,0,3,0,10406,0,0,1,0.0,0,-134,2227,2361,50,False,0,0,0,0,0,3
Alisson Becker,GK,Liverpool,1.0,a,,,,3.8,90,14,0,1,35,1,0.0,350,0.00,0.00,0.00,0.75,21,0,0,3.0,30.4,2026-09-04T19:00:00Z,90,False,12,0,0,0,0,3,5,402518,1,2,0,0.0,8,-15469,42521,57990,55,False,0,2,0,14,0,3
Jack Butland,GK,Hull City,0.0,i,Arm injury - Unknown return date,0,0,0.1,453,51,0,0,0,0,0.0,274,0.00,0.00,0.00,0.00,25,0,0,0.0,0.0,2026-09-05T16:30:00Z,0,False,2,0,0,0,0,3,0,8463,0,0,0,0.0,0,-1301,166,1467,45,True,0,0,0,0,0,3
Adam Aznou,DEF,Everton,0.0,u,Has joined Malaga on loan for the rest of the season,,0,0.1,374,137,0,0,0,0,0.0,235,0.00,0.00,0.00,0.00,30,0,0,0.0,0.0,2026-09-06T13:00:00Z,0,False,16,0,0,0,0,3,0,14764,0,2,2,0.0,0,-3462,719,4181,40,True,0,0,0,0,0,3
Lisandro Martínez,DEF,Man Utd,0.5,a,,100,100,1.2,167,67,0,0,7,0,0.3,419,0.00,0.00,0.00,1.01,30,2,0,2.9,29.0,2026-09-06T13:00:00Z,90,False,9,0,0,0,0,3,0,128156,1,2,2,0.0,3,-9944,8174,18118,50,False,0,10,10,2,0,3
Alex Tóth,MID,Bournemouth,0.5,a,,,,0.0,576,239,0,0,0,0,0.0,76,0.00,0.00,0.00,0.00,27,0,0,0.0,0.0,2026-09-05T11:30:00Z,0,False,17,0,0,0,0,3,0,1563,0,2,2,0.0,0,-108,123,231,50,False,0,0,0,0,0,3
Nicolò Savona,DEF,Nott'm Forest,0.0,i,Knee injury - Unknown return date,0,0,0.0,640,211,0,0,0,0,0.0,475,0.00,0.00,0.00,0.00,28,0,0,0.0,0.0,2026-09-05T14:00:00Z,0,False,19,0,0,0,0,3,0,221,0,0,0,0.0,0,-97,34,131,45,True,0,0,0,0,0,3
Jacob Ramsey,MID,Newcastle,0.5,a,,,,0.3,298,102,0,0,22,0,0.8,456,0.02,0.13,0.11,0.04,27,0,1,5.0,32.4,2026-09-05T11:30:00Z,27,False,3,0,0,0,0,3,0,30127,0,2,2,17.0,6,-4753,1799,6552,50,True,0,0,4,4,0,3
Kasey McAteer,MID,Ipswich Town,1.0,a,,,,1.3,163,50,0,0,5,0,0.5,323,0.00,0.05,0.05,0.00,21,0,0,1.1,3.2,2026-09-04T19:00:00Z,11,False,14,0,0,0,0,3,0,133131,0,2,0,7.0,1,-4340,11626,15966,45,True,0,0,1,1,0,3
Nehemiah Oriola,MID,Brighton,0.0,a,,,,0.3,304,104,0,0,0,0,0.0,134,0.00,0.00,0.00,0.00,23,0,0,0.0,0.0,2026-09-05T14:00:00Z,0,False,13,0,0,0,0,3,0,29432,0,1,1,0.0,0,-147,3612,3759,45,True,0,0,0,0,0,3
Malick Thiaw,DEF,Newcastle,4.5,a,,,,2.1,122,51,0,0,0,0,12.3,445,0.05,0.05,0.00,1.37,27,2,0,2.2,7.6,2026-09-05T11:30:00Z,90,False,3,1,0,0,0,3,0,238054,1,2,2,2.0,-1,40274,72237,31963,50,True,0,3,3,3,0,3
António João Pereira de Albuquerque Tavares da Silva,DEF,Bournemouth,3.0,a,,,,0.4,270,100,0,0,8,0,1.2,566,0.01,0.03,0.02,0.71,27,2,0,4.2,23.8,2026-09-05T11:30:00Z,90,False,17,0,0,0,0,3,0,43269,1,2,2,17.0,1,3048,9722,6674,50,False,0,7,8,2,1,3
Aaron Hickey,DEF,Brentford,1.0,a,,,,0.1,461,162,0,0,0,0,1.0,90,0.00,0.00,0.00,1.36,22,1,0,0.9,7.6,2026-09-05T14:00:00Z,45,False,20,0,0,0,0,3,0,7835,0,1,1,0.0,1,-239,653,892,45,True,0,4,5,2,1,3
Reinildo Mandava,DEF,Sunderland,3.5,a,,,,0.4,272,101,0,0,14,0,1.5,536,0.01,0.01,0.00,1.21,22,1,0,1.6,14.4,2026-09-05T14:00:00Z,90,False,4,0,0,0,0,3,0,41923,1,1,1,0.0,2,-2351,1972,4323,45,False,0,4,7,7,3,3
Georginio Rutter,FWD,Brighton,1.9,d,Unspecified injury - 75% chance of playing,75,75,0.7,224,38,0,0,0,0,0.0,125,0.00,0.00,0.00,0.00,23,0,0,0.0,0.0,2026-09-05T14:00:00Z,0,False,13,0,0,0,0,3,0,74079,0,1,1,0.0,0,-21930,4546,26476,55,True,0,0,0,0,0,3
Ewen Jaouen,GK,Newcastle,0.0,a,,,,0.0,551,64,0,0,0,0,0.0,444,0.00,0.00,0.00,0.00,27,0,0,0.0,0.0,2026-09-05T11:30:00Z,0,False,3,0,0,0,0,3,0,2647,0,2,2,0.0,0,-279,182,461,45,True,0,0,0,0,0,3
Noussair Mazraoui,DEF,Man Utd,1.0,a,,,,0.6,236,86,0,0,-1,0,0.5,422,0.01,0.01,0.00,0.07,30,1,0,0.5,2.2,2026-09-06T13:00:00Z,1,False,9,0,0,0,0,3,0,64636,0,2,2,2.0,1,-9779,3244,13023,45,False,0,0,1,0,1,3
Tyler Adams,MID,Bournemouth,1.0,a,,100,100,0.2,315,109,0,0,15,0,11.5,73,0.01,0.01,0.00,0.48,27,1,0,2.4,12.2,2026-09-05T11:30:00Z,75,False,17,0,0,0,0,3,0,26019,1,2,2,0.0,4,897,5588,4691,50,False,0,1,12,8,3,3
Pascal Struijk,DEF,Brighton,0.0,a,,100,100,0.2,337,124,0,0,3,0,0.1,328,0.00,0.00,0.00,0.00,23,0,0,0.0,0.2,2026-09-05T14:00:00Z,1,False,13,0,0,0,0,3,0,21218,0,1,1,0.0,1,-2128,1548,3676,50,True,0,0,0,0,0,3
James Justin,DEF,Leeds,6.0,a,,,,1.4,153,63,0,0,9,0,1.5,332,0.00,0.14,0.14,2.19,23,1,0,3.9,16.8,2026-09-05T14:00:00Z,90,False,5,0,0,0,0,3,0,150950,1,1,1,21.0,4,14204,35632,21428,45,False,0,7,10,4,3,3
Wellity Lucky,DEF,Liverpool,0.0,a,,,,0.1,398,143,0,0,0,0,0.0,361,0.00,0.00,0.00,0.00,21,0,0,0.0,0.0,2026-09-04T19:00:00Z,0,False,12,0,0,0,0,3,0,13766,0,2,0,0.0,0,-8,1420,1428,40,False,0,0,0,0,0,3
Will Hughes,MID,Crystal Palace,0.0,a,,,,9.4,45,18,0,0,3,0,0.3,212,0.00,0.00,0.00,0.57,24,0,0,0.3,2.4,2026-09-05T14:00:00Z,16,False,10,0,0,0,0,3,0,969611,0,3,2,0.0,1,-96023,37588,133611,45,False,0,2,3,1,0,3
Alfie Cresswell,MID,Leeds,0.0,a,,,,0.1,396,152,0,0,0,0,0.0,604,0.00,0.00,0.00,0.00,23,0,0,0.0,0.0,2026-09-05T14:00:00Z,0,False,5,0,0,0,0,3,0,14318,0,1,1,0.0,0,3728,5922,2194,45,False,0,0,0,0,0,3
Rayan Cherki,MID,Man City,11.0,a,,,,30.1,7,3,0,0,23,1,52.2,399,0.30,0.51,0.21,0.86,26,0,0,8.4,7.4,2026-09-05T14:00:00Z,65,False,7,0,0,0,0,3,0,3431400,1,0,1,24.0,3,1783948,1865890,81942,77,True,0,0,3,3,0,3
Sepp van den Berg,DEF,Brentford,0.0,i,Groin injury - Unknown return date,0,0,0.1,452,160,0,0,0,0,0.0,85,0.00,0.00,0.00,0.00,22,0,0,0.0,0.0,2026-09-05T14:00:00Z,0,False,20,0,0,0,0,3,0,8510,0,1,1,0.0,0,-2342,121,2463,49,True,0,0,0,0,0,3
Tyler Bindon,DEF,Nott'm Forest,0.0,u,Has joined Charlton Athletic on loan for the rest of the season,,0,0.2,366,135,0,0,0,0,0.0,479,0.00,0.00,0.00,0.00,28,0,0,0.0,0.0,2026-09-05T14:00:00Z,0,False,19,0,0,0,0,3,0,15742,0,0,0,0.0,0,-2507,434,2941,40,True,0,0,0,0,0,3
Macaulay Zepa,MID,Fulham,1.0,a,,,,0.3,284,94,0,0,0,0,0.0,626,0.00,0.00,0.00,0.00,24,0,0,0.0,0.0,2026-09-05T14:00:00Z,0,False,8,0,0,0,0,3,0,40392,0,3,2,0.0,0,17179,22010,4831,45,True,0,0,0,0,0,3
Ethan Ampadu,MID,Leeds,3.5,a,,,,1.1,178,56,0,0,13,0,1.3,338,0.01,0.01,0.00,2.19,23,1,0,2.5,23.6,2026-09-05T14:00:00Z,90,False,5,0,0,0,0,3,0,117203,1,1,1,0.0,2,-15707,3562,19269,55,False,0,6,11,1,4,3
Chemsdine Talbi,MID,Sunderland,0.5,a,,,,0.2,357,131,0,0,0,0,0.0,549,0.00,0.00,0.00,0.00,22,0,0,0.0,0.0,2026-09-05T14:00:00Z,0,False,4,0,0,0,0,3,0,17189,0,1,1,0.0,0,-3700,427,4127,54,False,0,0,0,0,0,3
Azor Matusiwa,MID,Ipswich Town,0.0,i,Muscular injury - Unknown return date,0,0,0.0,632,275,0,0,0,0,0.0,310,0.00,0.00,0.00,0.00,21,0,0,0.0,0.0,2026-09-04T19:00:00Z,0,False,14,0,0,0,0,3,0,278,0,2,0,0.0,0,-55,12,67,50,True,0,0,0,0,0,3
Jahnoah Markelo,FWD,Coventry City,0.0,u,Has joined Shabab Al-Ahli Dubai permanently,0,0,0.0,602,76,0,0,0,0,0.0,196,0.00,0.00,0.00,0.00,26,0,0,0.0,0.0,2026-09-05T14:00:00Z,0,False,15,0,0,0,0,3,0,929,0,0,1,0.0,0,-296,0,296,50,False,0,0,0,0,0,3
Tyler Dibling,MID,Everton,0.0,a,,,,0.0,531,220,0,0,0,0,0.0,245,0.00,0.00,0.00,0.00,30,0,0,0.0,0.0,2026-09-06T13:00:00Z,0,False,16,0,0,0,0,3,0,3219,0,2,2,0.0,0,-512,356,868,54,True,0,0,0,0,0,3
Alex Palmer,GK,Ipswich Town,0.0,a,,,,4.3,85,12,0,0,0,0,0.0,301,0.00,0.00,0.00,0.00,21,0,0,0.0,0.0,2026-09-04T19:00:00Z,0,False,14,0,0,0,0,3,0,452044,0,2,0,0.0,0,-1187,29680,30867,40,True,0,0,0,0,0,3
Tanaka Ao,MID,Leeds,0.5,a,,,,0.2,335,122,1,0,18,0,12.2,345,0.01,0.54,0.53,0.87,23,1,0,4.6,20.8,2026-09-05T14:00:00Z,72,False,5,0,0,0,0,3,0,21765,1,1,1,13.0,5,-1035,3466,4501,49,False,0,3,8,3,2,3
Caoimhín Kelleher,GK,Brentford,4.5,a,,,,7.7,57,9,0,0,10,0,0.0,82,0.00,0.00,0.00,1.71,22,1,0,1.7,16.8,2026-09-05T14:00:00Z,90,False,20,0,0,0,0,3,2,832099,1,1,1,0.0,2,54758,113703,58945,50,True,0,2,0,6,0,3
Victor Lindelöf,DEF,Aston Villa,0.0,a,,,,0.3,303,113,0,0,28,1,24.9,37,0.08,0.08,0.00,0.57,25,0,0,4.9,22.4,2026-09-05T16:30:00Z,90,False,11,0,0,0,0,3,0,29725,1,0,0,2.0,6,216,3211,2995,45,False,0,4,4,3,0,3
Ben Wilson,GK,Coventry City,0.0,a,,,,0.4,274,36,0,0,0,0,0.0,172,0.00,0.00,0.00,0.00,26,0,0,0.0,0.0,2026-09-05T14:00:00Z,0,False,15,0,0,0,0,3,0,41782,0,0,1,0.0,0,-3942,265,4207,45,False,0,0,0,0,0,3
Brennan Johnson,MID,Everton,1.0,a,,,,0.1,399,154,0,0,3,0,22.9,209,0.04,0.09,0.05,0.37,30,1,0,3.9,6.6,2026-09-06T13:00:00Z,65,False,16,0,0,0,0,3,0,13119,1,2,2,9.0,1,-2691,786,3477,59,True,1,3,8,4,1,3
Jamie Bynoe-Gittens,MID,Chelsea,0.0,a,,,,0.0,538,222,0,0,0,0,0.0,158,0.00,0.00,0.00,0.00,29,0,0,0.0,0.0,2026-09-06T15:30:00Z,0,False,1,0,0,0,0,3,0,2954,0,1,2,0.0,0,-715,260,975,59,False,0,0,0,0,0,3
Toby Collyer,MID,Man Utd,0.0,u,Has joined West Brom permanently,,0,0.0,579,241,0,0,0,0,0.0,436,0.00,0.00,0.00,0.00,30,0,0,0.0,0.0,2026-09-06T13:00:00Z,0,False,9,0,0,0,0,3,0,1461,0,2,2,0.0,0,-291,90,381,50,False,0,0,0,0,0,3
Đorđe Petrović,GK,Bournemouth,2.5,a,,,,3.4,96,17,0,0,0,0,0.0,57,0.00,0.00,0.00,0.71,27,2,0,0.3,3.4,2026-09-05T11:30:00Z,90,False,17,0,0,0,0,3,0,349425,1,2,2,0.0,1,11030,45982,34952,45,False,0,1,0,8,0,3
Christian Walton,GK,Ipswich Town,0.0,a,,,,0.4,267,35,0,0,0,0,0.0,300,0.00,0.00,0.00,0.00,21,0,0,0.0,0.0,2026-09-04T19:00:00Z,0,False,14,0,0,0,0,3,0,44862,0,2,0,0.0,0,-4114,350,4464,45,True,0,0,0,0,0,3
Promise David,FWD,Brighton,0.5,a,,,,0.2,314,53,0,0,-7,0,0.0,594,0.00,0.42,0.42,0.10,23,0,0,0.0,0.0,2026-09-05T14:00:00Z,13,False,13,0,0,0,0,3,0,25799,0,1,1,4.0,0,-1278,4444,5722,60,True,1,0,0,0,0,3
Piero Hincapié,DEF,Arsenal,0.5,a,,,,1.2,174,69,0,0,3,0,0.5,9,0.00,0.00,0.00,0.13,29,0,0,0.9,6.0,2026-09-06T15:30:00Z,23,False,6,0,0,0,0,3,0,119369,0,1,2,2.0,1,-31216,4425,35641,54,True,0,2,3,0,1,3
Marcos Senesi Barón,DEF,Spurs,1.5,a,,,,5.6,67,27,0,0,0,0,0.0,498,0.00,0.00,0.00,0.00,28,0,0,0.0,0.0,2026-09-05T14:00:00Z,0,False,18,0,0,0,0,3,0,558130,0,0,0,0.0,0,-185202,5382,190584,59,False,0,0,0,0,0,3
Hidemasa Morita,MID,Hull City,0.5,a,,100,100,0.0,552,227,0,0,0,0,0.0,563,0.00,0.00,0.00,0.00,25,0,0,0.0,0.0,2026-09-05T16:30:00Z,0,False,2,0,0,0,0,3,0,2482,0,0,0,0.0,0,104,421,317,50,True,0,0,0,0,0,3
Oli McBurnie,FWD,Hull City,3.0,a,,,,2.1,128,19,0,0,2,1,11.3,295,0.05,0.43,0.38,1.93,25,0,0,2.9,2.6,2026-09-05T16:30:00Z,90,False,2,0,0,0,0,3,0,211366,1,0,0,15.0,2,-9368,40632,50000,55,True,0,1,3,0,2,3
Kayne van Oevelen,GK,Ipswich Town,0.0,u,Has joined Valencia on loan for the rest of the season,0,0,0.0,555,65,0,0,0,0,0.0,554,0.00,0.00,0.00,0.00,21,0,0,0.0,0.0,2026-09-04T19:00:00Z,0,False,14,0,0,0,0,3,0,2365,0,2,0,0.0,0,-698,0,698,45,True,0,0,0,0,0,3
Remi Matthews,GK,Crystal Palace,0.0,a,,,,1.8,133,19,0,0,0,0,0.0,555,0.00,0.00,0.00,0.00,24,0,0,0.0,0.0,2026-09-05T14:00:00Z,0,False,10,0,0,0,0,3,0,188559,0,3,2,0.0,0,-1097,7566,8663,40,False,0,0,0,0,0,3
Julio Enciso,MID,Ipswich Town,5.0,a,,100,100,0.7,223,72,0,0,16,0,22.5,591,0.02,0.26,0.24,0.69,21,2,0,5.6,10.2,2026-09-04T19:00:00Z,90,False,14,0,0,0,0,3,0,82553,1,2,0,23.0,1,25086,35897,10811,55,True,1,2,5,3,0,3
Chiedozie Ogbene,MID,Ipswich Town,0.0,u,Has joined Lincoln City on loan until January,,0,0.0,593,250,0,0,0,0,0.0,314,0.00,0.00,0.00,0.00,21,0,0,0.0,0.0,2026-09-04T19:00:00Z,0,False,14,0,0,0,0,3,0,1159,0,2,0,0.0,0,-351,67,418,49,True,0,0,0,0,0,3
Sandro Tonali,MID,Spurs,2.0,a,,,,2.9,110,32,0,0,22,1,8.0,455,0.01,0.01,0.00,0.92,28,0,0,3.1,22.8,2026-09-05T14:00:00Z,90,False,18,0,0,0,0,3,0,288825,1,0,0,0.0,5,-83285,14031,97316,54,False,0,4,12,4,4,3
João Victor de Souza Menezes,DEF,Spurs,0.0,u,Has joined FC Porto on loan for the rest of the season,,0,0.2,313,116,0,0,0,0,0.0,511,0.00,0.00,0.00,0.00,28,0,0,0.0,0.0,2026-09-05T14:00:00Z,0,False,18,0,0,0,0,3,0,25220,0,0,0,0.0,0,-4780,1362,6142,40,False,0,0,0,0,0,3
Eliot Matazo,MID,Hull City,0.0,i,Knee injury - Unknown return date,0,0,0.0,615,262,0,0,0,0,0.0,291,0.00,0.00,0.00,0.00,25,0,0,0.0,0.0,2026-09-05T16:30:00Z,0,False,2,0,0,0,0,3,0,637,0,0,0,0.0,0,-33,103,136,45,True,0,0,0,0,0,3
Raphael Borges Rodrigues,MID,Coventry City,0.0,u,Has joined Burton Albion on loan for the rest of the season,,0,0.1,377,142,0,0,0,0,0.0,191,0.00,0.00,0.00,0.00,26,0,0,0.0,0.0,2026-09-05T14:00:00Z,0,False,15,0,0,0,0,3,0,14534,0,0,1,0.0,0,-2425,1263,3688,45,False,0,0,0,0,0,3
Mathias Jensen,MID,Brentford,3.0,d,Unspecified injury - 75% chance of playing,,75,0.2,359,132,0,0,0,0,0.0,97,0.00,0.00,0.00,0.00,22,0,0,0.0,0.0,2026-09-05T14:00:00Z,0,False,20,0,0,0,0,3,0,16413,0,1,1,0.0,0,-6340,569,6909,55,True,0,0,0,0,0,3
Harry Wilson,MID,Leeds,2.0,a,,,,4.1,88,29,0,0,0,0,20.3,260,0.00,0.00,0.00,1.32,23,0,0,2.4,1.4,2026-09-05T14:00:00Z,17,False,5,0,0,0,0,3,0,401861,0,1,1,2.0,0,-148278,7327,155605,64,False,1,0,1,1,0,3
Alex Scott,MID,Bournemouth,7.0,a,,,,2.0,131,40,2,2,37,0,22.9,69,0.02,0.09,0.07,0.71,27,2,0,4.8,13.4,2026-09-05T11:30:00Z,90,False,17,0,0,0,0,3,0,210299,1,2,2,12.0,10,39114,56885,17771,60,False,0,5,11,6,0,3
Manuel Ángel Morán Ibáñez,MID,Fulham,1.5,a,,,,0.0,650,288,0,0,0,0,0.0,636,0.00,0.00,0.00,0.00,24,0,0,0.0,0.0,2026-09-05T14:00:00Z,0,False,8,0,0,0,0,3,0,151,0,3,2,0.0,0,106,120,14,50,True,0,0,0,0,0,3
Wilson Odobert,MID,Spurs,0.0,i,Knee injury - Unknown return date,0,0,0.0,648,286,0,0,0,0,0.0,517,0.00,0.00,0.00,0.00,28,0,0,0.0,0.0,2026-09-05T14:00:00Z,0,False,18,0,0,0,0,3,0,117,0,0,0,0.0,0,-11,27,38,55,False,0,0,0,0,0,3
Jack Taylor,MID,Ipswich Town,0.0,i,Knee injury - Unknown return date,0,0,0.0,527,218,0,0,0,0,0.0,312,0.00,0.00,0.00,0.00,21,0,0,0.0,0.0,2026-09-04T19:00:00Z,0,False,14,0,0,0,0,3,0,3500,0,2,0,0.0,0,-505,190,695,45,True,0,0,0,0,0,3
Giovanni Leoni,DEF,Liverpool,0.0,i,Knee injury - Unknown return date,0,0,0.0,519,179,0,0,0,0,0.0,363,0.00,0.00,0.00,0.00,21,0,0,0.0,0.0,2026-09-04T19:00:00Z,0,False,12,0,0,0,0,3,0,3887,0,2,0,0.0,0,-285,332,617,40,False,0,0,0,0,0,3
Kepa Arrizabalaga Revuelta,GK,Arsenal,0.0,a,,,,0.1,458,52,0,0,0,0,0.0,2,0.00,0.00,0.00,0.00,29,0,0,0.0,0.0,2026-09-06T15:30:00Z,0,False,6,0,0,0,0,3,0,8025,0,1,2,0.0,0,-615,599,1214,50,True,0,0,0,0,0,3
Taylor Harwood-Bellis,DEF,Aston Villa,1.8,a,,,,0.0,606,203,0,0,0,0,0.0,630,0.00,0.00,0.00,0.00,25,0,0,0.0,0.0,2026-09-05T16:30:00Z,0,False,11,0,0,0,0,3,0,1010,0,0,0,0.0,0,755,945,190,45,False,0,0,0,0,0,3
Dean Henderson,GK,Crystal Palace,1.5,a,,100,100,1.8,134,20,0,0,19,0,0.0,198,0.00,0.00,0.00,3.14,24,2,0,3.8,38.4,2026-09-05T14:00:00Z,90,False,10,0,0,0,0,3,5,188350,1,3,2,0.0,2,-3328,15007,18335,50,False,0,1,0,7,0,3
Ryan Christie,MID,Bournemouth,0.5,a,,100,100,0.0,546,224,0,0,3,0,0.0,75,0.00,0.00,0.00,0.00,27,0,0,0.0,0.0,2026-09-05T11:30:00Z,1,False,17,0,0,0,0,3,0,2833,0,2,2,0.0,1,522,1038,516,50,False,0,0,0,0,0,3
Lukás Hornícek,GK,Newcastle,4.0,a,,,,1.2,177,27,0,0,12,0,0.0,567,0.00,0.00,0.00,1.37,27,2,0,3.3,33.4,2026-09-05T11:30:00Z,90,False,3,0,0,0,0,3,4,125893,1,2,2,0.0,2,39154,58261,19107,50,True,0,0,0,6,0,3
Kalvin Phillips,MID,Man City,0.0,u,Has joined Sheffield United on loan for the rest of the season,0,0,0.0,616,263,0,0,0,0,0.0,408,0.00,0.00,0.00,0.00,26,0,0,0.0,0.0,2026-09-05T14:00:00Z,0,False,7,0,0,0,0,3,0,608,0,0,1,0.0,0,-156,0,156,50,True,0,0,0,0,0,3
Alex Murphy,DEF,Newcastle,0.0,u,Has joined FC Kaiserslautern on loan for the rest of the season,0,0,0.1,462,163,0,0,0,0,0.0,451,0.00,0.00,0.00,0.00,27,0,0,0.0,0.0,2026-09-05T11:30:00Z,0,False,3,0,0,0,0,3,0,7660,0,2,2,0.0,0,-1826,0,1826,40,True,0,0,0,0,0,3
Reiss Nelson,MID,Arsenal,0.0,u,has departed the club as a free agent.,,0,0.0,614,261,0,0,0,0,0.0,24,0.00,0.00,0.00,0.00,29,0,0,0.0,0.0,2026-09-06T15:30:00Z,0,False,6,0,0,0,0,3,0,662,0,1,2,0.0,0,-299,4,303,55,True,0,0,0,0,0,3
Facundo Buonanotte,MID,Brighton,0.0,u,Has joined Elche on loan for the rest of the season,0,0,0.0,637,280,0,0,0,0,0.0,128,0.00,0.00,0.00,0.00,23,0,0,0.0,0.0,2026-09-05T14:00:00Z,0,False,13,0,0,0,0,3,0,257,0,1,1,0.0,0,-94,0,94,50,True,0,0,0,0,0,3
Ronald Araujo,DEF,Liverpool,0.5,a,,,,2.1,127,53,0,0,27,1,2.4,579,0.01,0.01,0.00,0.75,21,0,0,2.4,20.0,2026-09-04T19:00:00Z,90,False,12,0,0,0,0,3,0,212525,1,2,0,2.0,8,-69165,11375,80540,54,False,0,9,10,1,1,3
George Shepherd,MID,Coventry City,0.0,a,,,,0.3,308,107,0,0,0,0,0.0,189,0.00,0.00,0.00,0.00,26,0,0,0.0,0.0,2026-09-05T14:00:00Z,0,False,15,0,0,0,0,3,0,27151,0,0,1,0.0,0,-2042,1697,3739,45,False,0,0,0,0,0,3
Harrison Armstrong,MID,Everton,5.0,a,,,,0.4,275,91,0,0,5,0,6.7,244,0.03,0.12,0.09,0.69,30,2,0,2.1,5.2,2026-09-06T13:00:00Z,90,False,16,0,0,0,0,3,0,41659,1,2,2,9.0,1,12190,21368,9178,50,True,1,3,5,1,1,3
Kevin Danso,DEF,Sunderland,0.0,a,,,,0.2,363,134,0,0,9,0,10.9,501,0.08,0.08,0.00,1.21,22,1,0,3.2,20.8,2026-09-05T14:00:00Z,90,False,4,0,0,0,0,3,0,16199,1,1,1,0.0,2,-2005,1307,3312,50,False,0,7,8,3,1,3
Elliot Stroud,MID,Hull City,1.5,a,,,,0.1,440,175,0,0,5,1,11.8,576,0.01,0.05,0.04,1.81,25,0,0,1.4,0.0,2026-09-05T16:30:00Z,62,False,2,0,0,0,0,3,0,8900,1,0,0,4.0,3,-916,770,1686,50,True,0,0,2,2,0,3
Mikkel Damsgaard,MID,Brentford,2.0,a,,,,0.5,259,86,1,3,30,0,28.5,96,0.21,0.21,0.00,1.63,22,1,0,4.5,10.0,2026-09-05T14:00:00Z,85,False,20,0,0,0,0,3,0,49863,1,1,1,6.0,8,-3734,3933,7667,55,True,0,1,4,3,0,3
Darko Gyabi,MID,Hull City,0.0,i,Thigh injury - Unknown return date,0,0,0.0,560,232,0,0,0,0,0.0,297,0.00,0.00,0.00,0.00,25,0,0,0.0,0.0,2026-09-05T16:30:00Z,0,False,2,0,0,0,0,3,0,2158,0,0,0,0.0,0,-302,141,443,45,True,0,0,0,0,0,3
Bart Verbruggen,GK,Brighton,3.0,a,,,,21.8,12,2,0,0,17,0,3.0,109,0.20,0.20,0.00,2.49,23,1,0,3.2,29.2,2026-09-05T14:00:00Z,90,False,13,0,0,0,0,3,3,2293721,1,1,1,0.0,3,114050,270948,156898,45,True,0,0,0,5,0,3
Yankuba Minteh,MID,Brighton,0.0,i,Leg injury - Expected back 28 Nov,0,0,0.0,502,205,0,0,0,0,0.0,122,0.00,0.00,0.00,0.00,23,0,0,0.0,0.0,2026-09-05T14:00:00Z,0,False,13,0,0,0,0,3,0,4472,0,1,1,0.0,0,-1839,87,1926,59,True,0,0,0,0,0,3
Adam Wharton,MID,Crystal Palace,3.0,a,,100,100,0.9,206,63,0,0,10,0,2.8,210,0.01,0.01,0.00,3.14,24,2,0,2.0,14.8,2026-09-05T14:00:00Z,90,False,10,0,0,0,0,3,0,89835,1,3,2,2.0,2,-3644,10076,13720,55,False,0,7,8,0,1,3
Kostas Tsimikas,DEF,Liverpool,0.5,a,,,,0.1,460,161,0,0,0,0,0.0,364,0.00,0.00,0.00,0.00,21,0,0,0.0,0.0,2026-09-04T19:00:00Z,0,False,12,0,0,0,0,3,0,7858,0,2,0,0.0,0,-600,487,1087,50,False,0,0,0,0,0,3
Cheick Doucouré,MID,Crystal Palace,0.0,a,,,,0.1,484,195,0,0,0,0,0.0,218,0.00,0.00,0.00,0.00,24,0,0,0.0,0.0,2026-09-05T14:00:00Z,0,False,10,0,0,0,0,3,0,6155,0,3,2,0.0,0,-336,984,1320,49,False,0,0,0,0,0,3
Fábio Freitas Gouveia Carvalho,MID,Brentford,0.0,a,,100,100,0.0,562,233,0,0,0,0,0.0,100,0.00,0.00,0.00,0.00,22,0,0,0.0,0.0,2026-09-05T14:00:00Z,0,False,20,0,0,0,0,3,0,2107,0,1,1,0.0,0,185,543,358,50,True,0,0,0,0,0,3
Bruno Guimarães Rodriguez Moura,MID,Arsenal,0.4,a,,75,100,2.1,124,37,0,0,0,0,0.0,452,0.00,0.00,0.00,0.00,29,0,0,0.0,0.0,2026-09-06T15:30:00Z,0,False,6,0,0,0,0,3,0,212586,0,1,2,0.0,0,-57236,5546,62782,68,True,0,0,0,0,0,3
Jorge Cuenca Barreno,DEF,Fulham,1.5,a,,,,0.0,528,182,0,0,0,0,0.0,255,0.00,0.00,0.00,0.00,24,0,0,0.0,0.0,2026-09-05T14:00:00Z,0,False,8,0,0,0,0,3,0,3459,0,3,2,0.0,0,-183,506,689,45,True,0,0,0,0,0,3
Phil Foden,MID,Man City,5.0,a,,,,5.8,64,21,0,0,3,0,14.8,398,0.01,0.63,0.62,0.50,26,0,0,2.6,4.4,2026-09-05T14:00:00Z,24,False,7,0,0,0,0,3,0,687362,0,0,1,7.0,1,187857,262736,74879,70,True,0,0,1,1,0,3
Evan Ferguson,FWD,Brighton,0.0,i,Ankle injury - Expected back 10 Oct,0,0,0.0,533,70,0,0,0,0,0.0,139,0.00,0.00,0.00,0.00,23,0,0,0.0,0.0,2026-09-05T14:00:00Z,0,False,13,0,0,0,0,3,0,3252,0,1,1,0.0,0,-173,545,718,50,True,0,0,0,0,0,3
Cody Gakpo,MID,Liverpool,8.5,a,,,,8.6,48,19,2,2,43,1,42.7,367,0.40,0.46,0.06,0.75,21,0,0,10.5,49.6,2026-09-04T19:00:00Z,90,False,12,0,0,0,0,3,0,933667,1,2,0,13.0,11,103812,234993,131181,71,False,0,2,10,5,3,3
Aaron Anselmino,DEF,Chelsea,0.0,a,,100,100,0.0,566,193,0,0,0,0,0.0,561,0.00,0.00,0.00,0.00,29,0,0,0.0,0.0,2026-09-06T15:30:00Z,0,False,1,0,0,0,0,3,0,1971,0,1,2,0.0,0,-49,225,274,45,False,0,0,0,0,0,3
Jack Grealish,MID,Everton,0.5,a,,100,100,0.3,307,106,0,0,8,0,12.3,238,0.13,0.15,0.02,0.31,30,1,0,2.8,6.0,2026-09-06T13:00:00Z,24,False,16,0,0,0,0,3,0,28839,0,2,2,10.0,1,3989,9521,5532,65,True,0,0,1,0,1,3
David Brooks,MID,Bournemouth,0.5,a,,100,100,0.1,489,198,0,0,2,0,0.0,74,0.00,0.00,0.00,0.23,27,1,0,0.0,0.0,2026-09-05T11:30:00Z,14,False,17,0,0,0,0,3,0,5938,0,2,2,0.0,1,292,1296,1004,50,False,0,0,0,0,0,3
Stefanos Tzimas,FWD,Brighton,0.0,i,Knee injury - Unknown return date,0,0,0.0,612,77,0,0,0,0,0.0,137,0.00,0.00,0.00,0.00,23,0,0,0.0,0.0,2026-09-05T14:00:00Z,0,False,13,0,0,0,0,3,0,754,0,1,1,0.0,0,-130,80,210,55,True,0,0,0,0,0,3
Nathan Collins,DEF,Brentford,4.5,a,,,,2.4,116,48,0,0,4,0,0.0,84,0.00,0.00,0.00,0.10,22,0,0,0.1,1.0,2026-09-05T14:00:00Z,16,False,20,0,0,0,0,3,0,271484,1,1,1,0.0,1,11591,32175,20584,55,True,0,1,1,0,0,3
Jurriën Timber,DEF,Arsenal,0.0,i,Groin injury - Unknown return date,0,0,0.1,450,158,0,0,0,0,0.0,5,0.00,0.00,0.00,0.00,29,0,0,0.0,0.0,2026-09-06T15:30:00Z,0,False,6,0,0,0,0,3,0,8594,0,1,2,0.0,0,-1892,549,2441,65,True,0,0,0,0,0,3
James Tarkowski,DEF,Everton,9.0,a,,,,10.6,39,14,0,0,11,0,1.0,229,0.01,0.03,0.02,0.69,30,2,0,3.1,24.4,2026-09-06T13:00:00Z,90,False,16,0,0,0,0,3,0,1115834,1,2,2,6.0,3,126081,211638,85557,60,True,0,9,12,3,3,3
Lewis Koumas,MID,Liverpool,0.5,a,,,,0.0,553,228,0,0,3,0,0.0,381,0.00,0.00,0.00,0.10,21,0,0,0.0,0.0,2026-09-04T19:00:00Z,1,False,12,0,0,0,0,3,0,2473,0,2,0,0.0,1,-217,161,378,50,False,0,0,0,0,0,3
Christos Mouzakitis,MID,Hull City,1.5,a,,,,0.0,639,281,0,0,0,0,0.0,645,0.00,0.00,0.00,0.00,25,0,0,0.0,0.0,2026-09-05T16:30:00Z,0,False,2,0,0,0,0,3,0,288,0,0,0,0.0,0,186,210,24,50,True,0,0,0,0,0,3
Femi Azeez,MID,Brighton,2.0,i,Unspecified injury - Expected back 13 Sep,,0,0.0,636,279,0,0,0,0,0.0,652,0.00,0.00,0.00,0.00,23,0,0,0.0,0.0,2026-09-05T14:00:00Z,0,False,13,0,0,0,0,3,0,256,0,1,1,0.0,0,214,248,34,55,True,0,0,0,0,0,3
Darnell Furlong,DEF,Ipswich Town,0.5,a,,,,0.5,247,93,0,0,0,0,0.0,308,0.00,0.00,0.00,0.00,21,0,0,0.0,0.0,2026-09-04T19:00:00Z,0,False,14,0,0,0,0,3,0,55806,0,2,0,0.0,0,-3936,612,4548,40,True,0,0,0,0,0,3
Abdoul Ouattara,DEF,Ipswich Town,1.0,a,,,,1.0,198,75,0,0,4,0,14.0,592,0.02,0.02,0.00,0.00,21,0,0,1.8,3.6,2026-09-04T19:00:00Z,12,False,14,0,0,0,0,3,0,100578,0,2,0,0.0,1,-2760,4401,7161,40,True,0,0,0,2,0,3
Nikola Milenković,DEF,Nott'm Forest,2.5,a,,,,1.6,142,59,0,0,27,1,0.8,471,0.01,0.01,0.00,1.06,28,0,0,3.1,28.6,2026-09-05T14:00:00Z,90,False,19,0,0,0,0,3,0,168090,1,0,0,2.0,7,-12221,5627,17848,55,True,1,9,11,3,2,3
Sam Szmodics,MID,Ipswich Town,0.0,u,Has joined Derby County on loan for the rest of the season,0,0,0.0,625,269,0,0,0,0,0.0,319,0.00,0.00,0.00,0.00,21,0,0,0.0,0.0,2026-09-04T19:00:00Z,0,False,14,0,0,0,0,3,0,427,0,2,0,0.0,0,-191,0,191,50,True,0,0,0,0,0,3
Shea Lacey,MID,Man Utd,0.5,a,,,,0.1,493,200,0,0,0,0,0.0,435,0.00,0.00,0.00,0.00,30,0,0,0.0,0.0,2026-09-06T13:00:00Z,0,False,9,0,0,0,0,3,0,5286,0,2,2,0.0,0,-740,298,1038,50,False,0,0,0,0,0,3
Eddie Nketiah,FWD,Crystal Palace,1.5,a,,,,0.5,251,40,1,0,16,0,10.7,224,0.00,0.14,0.14,1.60,24,2,0,5.1,21.2,2026-09-05T14:00:00Z,45,False,10,0,0,0,0,3,0,55843,1,3,2,19.0,4,3590,11874,8284,55,False,0,0,2,1,1,3
Timothy Castagne,DEF,Fulham,6.0,a,,,,0.9,200,77,0,0,-1,0,24.1,258,0.19,0.77,0.58,1.97,24,3,0,7.5,20.6,2026-09-05T14:00:00Z,90,False,8,0,0,0,0,3,0,105919,1,3,2,30.0,1,33375,44214,10839,45,True,0,5,7,5,2,3
Walter Benítez,GK,Crystal Palace,0.0,a,,,,0.1,420,47,0,0,0,0,0.0,199,0.00,0.00,0.00,0.00,24,0,0,0.0,0.0,2026-09-05T14:00:00Z,0,False,10,0,0,0,0,3,0,11282,0,3,2,0.0,0,-646,648,1294,45,False,0,0,0,0,0,3
Geovany Quenda,MID,Chelsea,0.5,a,,100,100,0.0,521,215,0,0,0,0,0.0,164,0.00,0.00,0.00,0.00,29,0,0,0.0,0.0,2026-09-06T15:30:00Z,0,False,1,0,0,0,0,3,0,3704,0,1,2,0.0,0,-904,292,1196,54,False,0,0,0,0,0,3
Amadou Onana,MID,Aston Villa,0.0,i,Knee injury - Unknown return date,0,0,0.0,569,235,0,0,0,0,0.0,48,0.00,0.00,0.00,0.00,25,0,0,0.0,0.0,2026-09-05T16:30:00Z,0,False,11,0,0,0,0,3,0,1852,0,0,0,0.0,0,-430,140,570,50,False,0,0,0,0,0,3
Merlin Röhl,MID,Everton,2.5,a,,,,0.1,492,199,0,0,10,0,16.8,246,0.13,0.13,0.00,0.40,30,1,0,2.1,4.4,2026-09-06T13:00:00Z,74,False,16,0,0,0,0,3,0,5345,1,2,2,0.0,1,-587,580,1167,50,True,1,2,6,4,0,3
Giorgi Mamardashvili,GK,Liverpool,0.0,a,,,,0.1,386,46,0,0,0,0,0.0,351,0.00,0.00,0.00,0.00,21,0,0,0.0,0.0,2026-09-04T19:00:00Z,0,False,12,0,0,0,0,3,0,14432,0,2,0,0.0,0,-1838,1002,2840,49,False,0,0,0,0,0,3
Borna Sosa,DEF,Crystal Palace,0.0,u,Has joined FC Cologne on loan for the rest of the season,,0,0.0,550,190,0,0,0,0,0.0,205,0.00,0.00,0.00,0.00,24,0,0,0.0,0.0,2026-09-05T14:00:00Z,0,False,10,0,0,0,0,3,0,2568,0,3,2,0.0,0,-594,110,704,45,False,0,0,0,0,0,3
Christian Nørgaard,MID,Everton,0.0,i,Groin injury - Unknown return date,0,0,0.1,481,193,0,0,0,0,0.0,21,0.00,0.00,0.00,0.00,30,0,0,0.0,0.0,2026-09-06T13:00:00Z,0,False,16,0,0,0,0,3,0,6444,0,2,2,0.0,0,-1962,209,2171,49,True,0,0,0,0,0,3
Jordan Henderson,MID,Chelsea,0.0,d,Wrist injury - 75% chance of playing,75,75,0.0,530,219,0,0,0,0,0.0,101,0.00,0.00,0.00,0.00,29,0,0,0.0,0.0,2026-09-06T15:30:00Z,0,False,1,0,0,0,0,3,0,3322,0,1,2,0.0,0,-557,209,766,50,False,0,0,0,0,0,3
Zavier Gozo,MID,Crystal Palace,0.5,a,,,,0.0,587,245,0,0,0,0,0.0,595,0.00,0.00,0.00,0.00,24,0,0,0.0,0.0,2026-09-05T14:00:00Z,0,False,10,0,0,0,0,3,0,1444,0,3,2,0.0,0,-66,158,224,50,False,0,0,0,0,0,3
Melvin Bard,DEF,Leeds,1.8,a,,,,0.0,644,213,0,0,0,0,0.0,641,0.00,0.00,0.00,0.00,23,0,0,0.0,0.0,2026-09-05T14:00:00Z,0,False,5,0,0,0,0,3,0,242,0,1,1,0.0,0,149,177,28,45,False,0,0,0,0,0,3
Nick Pope,GK,Newcastle,0.0,a,,,,1.1,183,28,0,0,0,0,0.0,442,0.00,0.00,0.00,0.00,27,0,0,0.0,0.0,2026-09-05T11:30:00Z,0,False,3,0,0,0,0,3,0,115196,0,2,2,0.0,0,-14257,4952,19209,50,True,0,0,0,0,0,3
Ayden Heaven,DEF,Man Utd,0.5,a,,,,0.3,285,107,0,0,0,0,0.0,421,0.00,0.00,0.00,0.00,30,0,0,0.0,0.0,2026-09-06T13:00:00Z,0,False,9,0,0,0,0,3,0,34853,0,2,2,0.0,0,-7661,1300,8961,45,False,0,0,0,0,0,3
Tyrique George,MID,Everton,2.5,a,,,,0.2,316,110,0,3,35,0,34.4,242,0.07,0.11,0.04,0.69,30,2,1,10.4,44.2,2026-09-06T13:00:00Z,90,False,16,0,0,0,0,3,0,25310,1,2,2,25.0,10,-3040,1760,4800,55,True,0,1,4,3,0,3
Victor Torp,MID,Coventry City,1.0,a,,,,0.1,393,150,0,0,0,0,0.0,188,0.00,0.00,0.00,0.00,26,0,0,0.0,0.0,2026-09-05T14:00:00Z,0,False,15,0,0,0,0,3,0,13303,0,0,1,0.0,0,-2872,100,2972,54,False,0,0,0,0,0,3
Max Dowman,MID,Arsenal,0.0,a,,,,0.1,463,184,0,0,0,0,0.0,20,0.00,0.00,0.00,0.00,29,0,0,0.0,0.0,2026-09-06T15:30:00Z,0,False,6,0,0,0,0,3,0,7381,0,1,2,0.0,0,-1389,608,1997,54,True,0,0,0,0,0,3
Ethan Pinnock,DEF,Coventry City,0.5,a,,,,0.1,468,166,0,0,3,0,0.0,91,0.00,0.11,0.11,2.12,26,1,0,2.4,18.2,2026-09-05T14:00:00Z,90,False,15,0,0,0,0,3,0,7182,1,0,1,6.0,3,-811,505,1316,45,False,1,12,13,2,1,3
Antonín Kinský,GK,Spurs,1.5,a,,,,19.2,15,3,0,0,24,1,10.0,496,0.00,0.00,0.00,0.92,28,0,0,2.0,10.4,2026-09-05T14:00:00Z,90,False,18,0,0,0,0,3,1,1949396,1,0,0,0.0,6,-225719,46420,272139,45,False,0,2,0,8,0,3
Keane Lewis-Potter,MID,Brentford,8.0,a,,,,2.1,123,36,0,0,4,0,45.1,86,0.40,0.64,0.24,1.71,22,1,0,7.5,8.2,2026-09-05T14:00:00Z,90,False,20,0,0,0,0,3,0,235201,1,1,1,22.0,2,74882,101209,26327,55,True,0,4,6,1,1,3
Diogo Dalot Teixeira,DEF,Man Utd,1.5,a,,,,2.1,121,50,0,0,8,0,22.7,417,0.01,0.02,0.01,0.92,30,1,0,3.4,4.8,2026-09-06T13:00:00Z,83,False,9,0,0,0,0,3,0,219064,1,2,2,6.0,1,-29674,9011,38685,50,False,1,2,4,3,2,3
Callum Olusesi,MID,Spurs,0.0,a,,,,0.7,226,74,0,0,0,0,0.0,524,0.00,0.00,0.00,0.00,28,0,0,0.0,0.0,2026-09-05T14:00:00Z,0,False,18,0,0,0,0,3,0,72776,0,0,0,0.0,0,-7853,1613,9466,45,False,0,0,0,0,0,3
Ben Gannon-Doak,MID,Bournemouth,0.5,a,,,,0.1,469,186,0,0,3,0,0.5,72,0.00,0.02,0.02,0.05,27,0,0,0.8,2.0,2026-09-05T11:30:00Z,1,False,17,0,0,0,0,3,0,7170,0,2,2,5.0,1,-1165,384,1549,50,False,0,0,2,1,1,3
Xaver Schlager,MID,Nott'm Forest,2.5,a,,,,0.1,429,168,0,0,18,1,2.3,558,0.06,0.09,0.03,1.06,28,0,0,1.5,11.2,2026-09-05T14:00:00Z,90,False,19,0,0,0,0,3,0,10377,1,0,0,1.0,3,99,1419,1320,50,True,0,3,10,3,4,3
Nicolas Jackson,FWD,Aston Villa,1.0,a,,,,1.0,195,32,0,0,10,1,17.5,166,0.44,0.68,0.24,0.22,25,0,0,3.9,1.2,2026-09-05T16:30:00Z,84,False,11,0,0,0,0,3,0,115958,1,0,0,20.0,2,37834,46877,9043,65,False,0,0,2,2,0,3
Viktor Gyökeres,FWD,Arsenal,0.0,a,,,,4.7,76,10,0,0,2,0,0.1,25,0.00,0.00,0.00,0.11,29,0,0,0.0,0.0,2026-09-06T15:30:00Z,12,False,6,0,0,0,0,3,0,466852,0,1,2,0.0,1,-192830,8161,200991,73,True,0,0,1,1,0,3
Mohammed Kudus,MID,Spurs,0.4,a,,75,100,0.1,414,162,0,0,13,0,15.1,512,0.16,0.16,0.00,0.43,28,0,0,2.2,5.2,2026-09-05T14:00:00Z,29,False,18,0,0,0,0,3,0,12485,0,0,0,2.0,1,2526,4599,2073,65,False,0,0,3,3,0,3
Omar Alderete,DEF,Sunderland,0.5,a,,100,100,0.4,281,105,0,0,0,0,0.0,535,0.00,0.00,0.00,0.00,22,0,0,0.0,0.0,2026-09-05T14:00:00Z,0,False,4,0,0,0,0,3,0,35107,0,1,1,0.0,0,-8564,1476,10040,50,False,0,0,0,0,0,3
Ilyas Ansah,FWD,Hull City,1.4,a,,,,0.0,561,72,0,0,0,0,0.0,632,0.00,0.00,0.00,0.00,25,0,0,0.0,0.0,2026-09-05T16:30:00Z,0,False,2,0,0,0,0,3,0,2839,0,0,0,0.0,0,2012,2222,210,50,True,0,0,0,0,0,3
Luke Woolfenden,DEF,Coventry City,0.0,i,Knee injury - Unknown return date,0,0,0.1,379,139,0,0,0,0,0.0,180,0.00,0.00,0.00,0.00,26,0,0,0.0,0.0,2026-09-05T14:00:00Z,0,False,15,0,0,0,0,3,0,15091,0,0,1,0.0,0,-2522,659,3181,40,False,0,0,0,0,0,3
Jenson Seelt,DEF,Sunderland,0.0,u,Has joined Swansea City on loan for the rest of the season,,0,0.0,613,205,0,0,0,0,0.0,537,0.00,0.00,0.00,0.00,22,0,0,0.0,0.0,2026-09-05T14:00:00Z,0,False,4,0,0,0,0,3,0,701,0,1,1,0.0,0,-357,3,360,45,False,0,0,0,0,0,3
Lewie Coyle,DEF,Hull City,3.0,d,Unspecified injury - 75% chance of playing,100,75,0.5,249,95,0,0,19,1,4.6,280,0.01,0.01,0.00,1.81,25,0,0,0.6,1.4,2026-09-05T16:30:00Z,63,False,2,0,0,0,0,3,0,54378,1,0,0,0.0,6,-8654,1532,10186,40,True,0,0,0,0,0,3
Elliot Anderson,MID,Man City,2.5,a,,100,100,5.1,73,23,0,0,23,1,28.1,481,0.17,0.19,0.02,1.37,26,0,0,6.0,26.6,2026-09-05T14:00:00Z,90,False,7,0,0,0,0,3,0,514714,1,0,1,5.0,3,-91799,41120,132919,64,True,0,4,11,6,1,3
Yasin Ayari,MID,Brighton,1.0,d,Ankle injury - 75% chance of playing,,75,0.4,268,89,0,0,18,0,14.8,129,0.04,0.21,0.17,2.49,23,1,0,4.4,11.4,2026-09-05T14:00:00Z,90,False,13,0,0,0,0,3,0,42114,1,1,1,18.0,2,-19892,1443,21335,54,True,0,1,3,2,0,3
Josh Eccles,MID,Coventry City,0.0,a,,,,0.0,577,240,0,0,0,0,0.0,187,0.00,0.00,0.00,0.00,26,0,0,0.0,0.0,2026-09-05T14:00:00Z,0,False,15,0,0,0,0,3,0,1547,0,0,1,0.0,0,30,434,404,49,False,0,0,0,0,0,3
James Garner,MID,Everton,1.0,a,,100,100,0.1,394,151,0,0,19,0,31.1,239,0.08,0.08,0.00,0.40,30,1,0,4.1,9.6,2026-09-06T13:00:00Z,76,False,16,0,0,0,0,3,0,14095,1,2,2,0.0,2,-336,2988,3324,60,True,0,2,8,5,1,3
Joël Piroe,FWD,Leeds,0.0,u,Has joined West Ham United on loan for the rest of the season,0,0,0.1,443,62,0,0,0,0,0.0,348,0.00,0.00,0.00,0.00,23,0,0,0.0,0.0,2026-09-05T14:00:00Z,0,False,5,0,0,0,0,3,0,8831,0,1,1,0.0,0,-2945,0,2945,50,False,0,0,0,0,0,3
Vitalii Mykolenko,DEF,Everton,5.0,a,,,,1.7,139,58,0,0,8,0,2.5,233,0.01,0.01,0.00,0.69,30,2,0,1.5,12.8,2026-09-06T13:00:00Z,90,False,16,0,0,0,0,3,0,178705,1,2,2,0.0,1,13864,40120,26256,45,True,0,3,6,4,3,3
Claudio Echeverri,MID,Man City,0.0,u,Has joined Benfica on loan for the rest of the season,,0,0.0,581,243,0,0,0,0,0.0,407,0.00,0.00,0.00,0.00,26,0,0,0.0,0.0,2026-09-05T14:00:00Z,0,False,7,0,0,0,0,3,0,1429,0,0,1,0.0,0,-349,157,506,49,True,0,0,0,0,0,3
Sander Berge,MID,Fulham,2.0,a,,,,0.4,282,93,0,0,9,0,2.9,265,0.10,0.10,0.00,0.84,24,1,0,0.6,3.2,2026-09-05T14:00:00Z,29,False,8,0,0,0,0,3,0,36133,0,3,2,0.0,1,-3309,1875,5184,50,True,0,0,2,2,0,3
John Victor Maciel Furtado,GK,Nott'm Forest,0.0,a,,,,0.1,482,55,0,0,0,0,0.0,468,0.00,0.00,0.00,0.00,28,0,0,0.0,0.0,2026-09-05T14:00:00Z,0,False,19,0,0,0,0,3,0,6270,0,0,0,0.0,0,-392,259,651,45,True,0,0,0,0,0,3
Evann Guessand,MID,Crystal Palace,1.0,a,,,,0.0,509,209,0,0,0,0,0.0,42,0.00,0.00,0.00,0.00,24,0,0,0.0,0.0,2026-09-05T14:00:00Z,0,False,10,0,0,0,0,3,0,4367,0,3,2,0.0,0,-422,556,978,55,False,0,0,0,0,0,3
Alysson Edward Franco da Rocha dos Santos,MID,Aston Villa,0.5,a,,,,0.0,500,204,0,0,3,0,1.8,52,0.00,0.00,0.00,0.35,25,0,0,0.2,0.2,2026-09-05T16:30:00Z,15,False,11,0,0,0,0,3,0,4733,0,0,0,0.0,1,-102,827,929,50,False,0,0,1,1,0,3
Arthur Masuaku,DEF,Sunderland,0.0,u,Has joined Konyaspor permanently,0,0,0.2,358,133,0,0,0,0,0.0,540,0.00,0.00,0.00,0.00,22,0,0,0.0,0.0,2026-09-05T14:00:00Z,0,False,4,0,0,0,0,3,0,17428,0,1,1,0.0,0,-3070,0,3070,40,False,0,0,0,0,0,3
Mason Burstow,FWD,Hull City,0.0,u,Has joined Sheffield Wednesday on loan for the rest of the season,0,0,0.0,510,69,0,0,0,0,0.0,299,0.00,0.00,0.00,0.00,25,0,0,0.0,0.0,2026-09-05T16:30:00Z,0,False,2,0,0,0,0,3,0,4321,0,0,0,0.0,0,-778,0,778,45,True,0,0,0,0,0,3
Danny Welbeck,FWD,Chelsea,0.0,a,,100,100,0.8,212,35,0,0,3,0,0.3,136,0.00,0.00,0.00,0.00,29,0,0,0.2,0.0,2026-09-06T15:30:00Z,3,False,1,0,0,0,0,3,0,84671,0,1,2,2.0,1,-16503,7873,24376,59,False,0,0,0,0,0,3
Zion Suzuki,GK,Aston Villa,1.0,a,,,,1.3,164,25,0,3,38,1,0.0,597,0.00,0.00,0.00,0.57,25,0,0,2.7,27.2,2026-09-05T16:30:00Z,90,False,11,0,0,0,0,3,4,144003,1,0,0,0.0,10,21820,33094,11274,50,False,0,1,0,13,0,3
Mamadou Sarr,DEF,Chelsea,0.0,u,Has joined Real Sociedad on loan for the rest of the season,,0,0.0,503,175,0,0,0,0,0.0,150,0.00,0.00,0.00,0.00,29,0,0,0.0,0.0,2026-09-06T15:30:00Z,0,False,1,0,0,0,0,3,0,4381,0,1,2,0.0,0,-3325,24,3349,45,False,0,0,0,0,0,3
Bruno Borges Fernandes,MID,Man Utd,12.5,a,,,,48.5,3,1,0,0,11,0,33.6,426,0.06,0.21,0.15,1.01,30,2,0,5.1,3.4,2026-09-06T13:00:00Z,90,False,9,0,0,0,0,3,0,5025755,1,2,2,14.0,2,36750,371832,335082,120,False,0,0,2,2,0,3
Matteo Ruggeri,DEF,Aston Villa,0.5,a,,,,0.1,428,152,0,0,3,0,2.6,596,0.01,0.01,0.00,0.35,25,0,0,0.5,2.6,2026-09-05T16:30:00Z,15,False,11,0,0,0,0,3,0,10240,0,0,0,0.0,1,-990,736,1726,45,False,0,1,1,2,0,3
Lukas Nmecha,FWD,Leeds,2.0,a,,,,0.5,257,43,0,0,2,0,1.8,347,0.14,0.31,0.17,1.32,23,0,0,0.9,0.0,2026-09-05T14:00:00Z,17,False,5,0,0,0,0,3,0,50649,0,1,1,9.0,1,-3112,5427,8539,55,False,0,0,0,0,0,3
Jack Fletcher,MID,Man Utd,0.0,a,,,,0.0,595,252,0,0,0,0,0.0,434,0.00,0.00,0.00,0.00,30,0,0,0.0,0.0,2026-09-06T13:00:00Z,0,False,9,0,0,0,0,3,0,1121,0,2,2,0.0,0,-102,84,186,50,False,0,0,0,0,0,3
Boubacar Kamara,MID,Aston Villa,2.0,a,,100,100,0.3,287,95,0,0,20,1,26.2,47,0.07,0.07,0.00,0.57,25,0,0,4.0,13.6,2026-09-05T16:30:00Z,90,False,11,0,0,0,0,3,0,35132,1,0,0,0.0,3,-720,5061,5781,50,False,0,3,10,6,1,3
Conor Bradley,DEF,Liverpool,0.0,i,Knee injury - Unknown return date,0,0,0.0,599,201,0,0,0,0,0.0,360,0.00,0.00,0.00,0.00,21,0,0,0.0,0.0,2026-09-04T19:00:00Z,0,False,12,0,0,0,0,3,0,1036,0,2,0,0.0,0,-104,114,218,50,False,0,0,0,0,0,3
Omar Richards,DEF,Nott'm Forest,0.0,a,,,,0.2,328,122,0,0,0,0,0.0,476,0.00,0.00,0.00,0.00,28,0,0,0.0,0.0,2026-09-05T14:00:00Z,0,False,19,0,0,0,0,3,0,23523,0,0,0,0.0,0,-858,1258,2116,40,True,0,0,0,0,0,3
Ross Barkley,MID,Aston Villa,2.0,a,,,,0.3,310,108,0,0,15,1,34.1,46,0.09,0.31,0.22,0.57,25,0,0,6.3,13.6,2026-09-05T16:30:00Z,90,False,11,0,0,0,0,3,0,27497,1,0,0,15.0,3,1735,5744,4009,50,False,0,2,6,4,0,3
Jean-Mattéo Bahoya,MID,Leeds,1.5,a,,,,0.0,605,257,0,0,0,0,0.0,648,0.00,0.00,0.00,0.00,23,0,0,0.0,0.0,2026-09-05T14:00:00Z,0,False,5,0,0,0,0,3,0,1030,0,1,1,0.0,0,819,1015,196,50,False,0,0,0,0,0,3
Matz Sels,GK,Nott'm Forest,1.5,a,,,,1.4,156,23,0,0,21,1,0.0,467,0.00,0.00,0.00,1.06,28,0,0,0.2,2.4,2026-09-05T14:00:00Z,90,False,19,0,0,0,0,3,0,143042,1,0,0,0.0,6,-9819,8404,18223,50,True,0,1,0,11,0,3
Lucas Herrington,DEF,Hull City,1.0,a,,,,0.6,237,87,0,0,2,0,0.1,585,0.00,0.00,0.00,0.12,25,0,0,0.7,6.6,2026-09-05T16:30:00Z,19,False,2,0,0,0,0,3,0,64658,0,0,0,0.0,1,-1665,3434,5099,40,True,0,1,2,1,1,3
Christantus Uche,FWD,Crystal Palace,0.0,u,has returned to Getafe CF,0,0,0.0,652,78,0,0,0,0,0.0,225,0.00,0.00,0.00,0.00,24,0,0,0.0,0.0,2026-09-05T14:00:00Z,0,False,10,0,0,0,0,3,0,0,0,3,2,0.0,0,0,0,0,50,False,0,0,0,0,0,3
Michael Kayode,DEF,Brentford,7.5,a,,,,9.7,44,16,0,0,2,0,0.3,88,0.00,0.03,0.03,0.35,22,0,0,1.0,7.6,2026-09-05T14:00:00Z,45,False,20,0,0,0,0,3,0,1044649,1,1,1,2.0,1,121903,201513,79610,46,True,0,5,5,2,0,3
Kai Andrews,MID,Coventry City,0.0,u,Has joined Oxford United on loan for the rest of the season,,0,0.4,266,88,0,0,0,0,0.0,192,0.00,0.00,0.00,0.00,26,0,0,0.0,0.0,2026-09-05T14:00:00Z,0,False,15,0,0,0,0,3,0,44026,0,0,1,0.0,0,-17623,142,17765,45,False,0,0,0,0,0,3
Liam Millar,MID,Hull City,3.0,u,Has joined Birmingham on loan for the rest of the season,,0,0.1,465,185,0,0,0,0,0.0,287,0.00,0.00,0.00,0.00,25,0,0,0.0,0.0,2026-09-05T16:30:00Z,0,False,2,0,0,0,0,3,0,6931,0,0,0,0.0,0,140,2873,2733,50,True,0,0,0,0,0,3
Sorba Thomas,MID,Hull City,2.0,a,,,,0.0,622,267,0,0,5,0,10.8,642,0.04,0.04,0.00,0.12,25,0,0,1.4,3.2,2026-09-05T16:30:00Z,27,False,2,0,0,0,0,3,0,569,0,0,0,0.0,1,388,446,58,55,True,0,0,1,1,0,3
Bazoumana Touré,MID,Newcastle,0.5,a,,,,0.2,362,135,0,0,0,0,0.0,461,0.00,0.00,0.00,0.00,27,0,0,0.0,0.0,2026-09-05T11:30:00Z,0,False,3,0,0,0,0,3,0,15932,0,2,2,0.0,0,-5573,657,6230,59,True,0,0,0,0,0,3
David Affengruber,DEF,Fulham,1.8,a,,,,0.0,638,210,0,0,0,0,0.0,650,0.00,0.00,0.00,0.00,24,0,0,0.0,0.0,2026-09-05T14:00:00Z,0,False,8,0,0,0,0,3,0,317,0,3,2,0.0,0,177,204,27,45,True,0,0,0,0,0,3
Maxim De Cuyper,DEF,Brighton,8.5,a,,,,17.3,22,7,1,0,17,0,22.1,115,0.14,0.14,0.00,2.40,23,1,0,4.4,19.6,2026-09-05T14:00:00Z,76,False,13,0,0,0,0,3,0,1978466,1,1,1,2.0,4,762031,871841,109810,47,True,1,1,2,4,1,3
Kai Havertz,FWD,Arsenal,4.0,a,,,,6.7,61,8,0,2,38,0,37.0,26,0.27,0.54,0.27,0.27,29,1,1,13.7,43.0,2026-09-06T15:30:00Z,77,False,6,0,0,0,0,3,0,686572,1,1,2,57.0,8,-68870,72519,141389,75,True,0,1,1,0,0,3
Trevoh Chalobah,DEF,Chelsea,0.0,u,Has joined Como permanently,0,0,0.1,432,153,0,0,0,0,0.0,143,0.00,0.00,0.00,0.00,29,0,0,0.0,0.0,2026-09-06T15:30:00Z,0,False,1,0,0,0,0,3,0,9527,0,1,2,0.0,0,-3529,0,3529,55,False,0,0,0,0,0,3
Benjamin White,DEF,Arsenal,9.0,a,,100,100,7.2,59,23,0,0,11,0,5.1,10,0.03,0.03,0.00,0.39,29,1,0,3.1,15.8,2026-09-06T15:30:00Z,90,False,6,0,0,0,0,3,0,745511,1,1,2,10.0,2,45919,163295,117376,55,True,0,4,6,4,2,3
Andrew Robertson,DEF,Spurs,2.5,a,,,,3.2,98,37,0,0,3,0,0.3,502,0.00,0.00,0.00,0.43,28,0,0,0.6,6.0,2026-09-05T14:00:00Z,29,False,18,0,0,0,0,3,0,328965,0,0,0,0.0,1,-47646,13705,61351,45,False,0,1,1,1,0,3
Igor Jesus Maciel da Cruz,FWD,Nott'm Forest,1.5,a,,,,3.0,105,16,0,0,3,0,0.4,491,0.00,0.00,0.00,0.26,28,0,0,0.2,1.2,2026-09-05T14:00:00Z,31,False,19,0,0,0,0,3,0,307784,0,0,0,0.0,1,-56312,25411,81723,59,True,0,0,1,0,1,3
Jefferson Lerma Solís,MID,Crystal Palace,0.0,a,,,,0.1,435,172,0,0,0,0,0.0,213,0.00,0.00,0.00,0.00,24,0,0,0.0,0.0,2026-09-05T14:00:00Z,0,False,10,0,0,0,0,3,0,9259,0,3,2,0.0,0,-1246,496,1742,49,False,0,0,0,0,0,3
Ephron Mason-Clark,MID,Coventry City,0.5,a,,100,100,0.1,426,167,0,0,4,0,0.8,186,0.00,0.00,0.00,1.17,26,1,0,0.1,0.0,2026-09-05T14:00:00Z,70,False,15,0,0,0,0,3,0,10318,1,0,1,2.0,2,-1860,228,2088,54,False,0,2,5,3,0,3
Arnaud Kalimuendo,FWD,Nott'm Forest,0.5,a,,,,0.0,495,67,0,0,0,0,0.0,493,0.00,0.00,0.00,0.00,28,0,0,0.0,0.0,2026-09-05T14:00:00Z,0,False,19,0,0,0,0,3,0,5117,0,0,0,0.0,0,-411,838,1249,54,True,0,0,0,0,0,3
Alex Iwobi,MID,Fulham,2.0,a,,,,0.9,207,64,0,0,15,0,23.7,261,0.26,0.30,0.04,1.97,24,3,0,4.2,7.6,2026-09-05T14:00:00Z,82,False,8,0,0,0,0,3,0,88922,1,3,2,11.0,2,-9517,7354,16871,55,True,0,0,4,3,1,3
Jack Rudoni,MID,Coventry City,2.0,a,,100,100,0.1,409,159,0,0,9,0,28.5,183,0.09,0.38,0.29,1.17,26,1,0,7.6,14.4,2026-09-05T14:00:00Z,62,False,15,0,0,0,0,3,0,12234,1,0,1,33.0,2,-1863,706,2569,50,False,0,2,5,2,1,3
Lewis Cook,MID,Bournemouth,3.0,a,,,,0.2,331,118,0,0,2,0,0.3,71,0.00,0.00,0.00,0.23,27,1,0,0.0,0.0,2026-09-05T11:30:00Z,14,False,17,0,0,0,0,3,0,23118,0,2,2,0.0,1,2757,6600,3843,50,False,0,1,1,0,0,3
Divine Mukasa,MID,Man City,0.0,u,has joined West Ham on loan for the rest of the seaon.,,0,0.1,381,144,0,0,0,0,0.0,409,0.00,0.00,0.00,0.00,26,0,0,0.0,0.0,2026-09-05T14:00:00Z,0,False,7,0,0,0,0,3,0,14465,0,0,1,0.0,0,-3281,694,3975,45,True,0,0,0,0,0,3
Anthony Patterson,GK,Sunderland,0.0,u,Has joined Wrexham permanently,0,0,0.1,384,45,0,0,0,0,0.0,530,0.00,0.00,0.00,0.00,22,0,0,0.0,0.0,2026-09-05T14:00:00Z,0,False,4,0,0,0,0,3,0,14484,0,1,1,0.0,0,-1616,0,1616,40,False,0,0,0,0,0,3
Rúben dos Santos Gato Alves Dias,DEF,Man City,2.0,a,,,,1.8,135,55,0,0,25,1,6.6,390,0.03,0.03,0.00,1.37,26,0,0,2.7,20.6,2026-09-05T14:00:00Z,90,False,7,0,0,0,0,3,0,186055,1,0,1,0.0,6,-3537,20417,23954,55,True,0,3,3,0,0,3
Gianluigi Donnarumma,GK,Man City,1.5,a,,,,8.0,54,7,0,0,29,1,0.0,384,0.00,0.00,0.00,1.37,26,0,0,2.7,26.8,2026-09-05T14:00:00Z,90,False,7,0,0,0,0,3,3,836587,1,0,1,0.0,7,-48925,71140,120065,55,True,0,1,0,2,0,3
Ismaïla Sarr,MID,Crystal Palace,0.0,i,Groin injury - Unknown return date,0,0,1.2,173,54,0,0,0,0,0.0,208,0.00,0.00,0.00,0.00,24,0,0,0.0,0.0,2026-09-05T14:00:00Z,0,False,10,0,0,0,0,3,0,109790,0,3,2,0.0,0,-118099,330,118429,63,False,0,0,0,0,0,3
Jair Paula da Cunha Filho,DEF,Nott'm Forest,1.0,a,,,,0.2,341,126,0,0,24,1,0.7,474,0.01,0.04,0.03,1.06,28,0,0,2.2,20.0,2026-09-05T14:00:00Z,90,False,19,0,0,0,0,3,0,20256,1,0,0,1.0,8,-1070,924,1994,45,True,0,10,12,2,2,3
Diego Gómez Amarilla,MID,Brighton,5.5,a,,,,4.8,75,25,0,0,13,0,26.4,127,0.05,0.14,0.09,2.49,23,1,0,7.2,15.2,2026-09-05T14:00:00Z,90,False,13,0,0,0,0,3,0,525464,1,1,1,30.0,2,117389,177501,60112,50,True,0,2,9,4,3,3
Veljko Milosavljevic,DEF,Bournemouth,0.0,i,Unspecified injury - Unknown return date,0,0,0.0,603,202,0,0,0,0,0.0,63,0.00,0.00,0.00,0.00,27,0,0,0.0,0.0,2026-09-05T11:30:00Z,0,False,17,0,0,0,0,3,0,919,0,2,2,0.0,0,-154,88,242,50,False,0,0,0,0,0,3
Cristhian Mosquera,DEF,Arsenal,6.0,a,,,,4.6,80,33,0,0,0,0,0.0,11,0.00,0.00,0.00,0.00,29,0,0,0.0,0.0,2026-09-06T15:30:00Z,0,False,6,0,0,0,0,3,0,438589,0,1,2,0.0,0,-114822,13546,128368,55,True,0,0,0,0,0,3
Gonzalo García,FWD,Fulham,4.0,a,,,,4.7,77,11,0,0,10,0,14.0,569,0.20,0.64,0.44,1.97,24,3,0,5.9,5.8,2026-09-05T14:00:00Z,90,False,8,0,0,0,0,3,0,490355,1,3,2,39.0,2,49426,128611,79185,60,True,0,3,7,3,1,3
James Hill,DEF,Bournemouth,2.5,a,,,,0.8,209,79,0,0,4,0,31.5,60,0.02,0.02,0.00,0.71,27,2,0,5.0,16.8,2026-09-05T11:30:00Z,90,False,17,0,0,0,0,3,0,87381,1,2,2,2.0,1,-4574,7094,11668,55,False,0,6,6,1,0,3
Tom Cairney,MID,Fulham,0.0,i,Knee injury - Expected back 10 Oct,0,0,0.0,628,272,0,0,0,0,0.0,266,0.00,0.00,0.00,0.00,24,0,0,0.0,0.0,2026-09-05T14:00:00Z,0,False,8,0,0,0,0,3,0,335,0,3,2,0.0,0,-58,24,82,50,True,0,0,0,0,0,3
Abu Kamara,MID,Hull City,0.0,u,Has joined Portsmouth permanently,0,0,0.0,635,278,0,0,0,0,0.0,293,0.00,0.00,0.00,0.00,25,0,0,0.0,0.0,2026-09-05T16:30:00Z,0,False,2,0,0,0,0,3,0,258,0,0,0,0.0,0,-96,0,96,50,True,0,0,0,0,0,3
Micky van de Ven,DEF,Spurs,0.0,a,,100,100,3.7,92,36,0,3,30,1,1.2,503,0.00,0.57,0.57,0.92,28,0,0,3.7,21.4,2026-09-05T14:00:00Z,90,False,18,0,0,0,0,3,0,380320,1,0,0,14.0,9,-61459,16557,78016,50,False,0,6,9,4,3,3
Martin Ødegaard,MID,Arsenal,7.0,a,,,,11.0,36,13,0,3,47,0,54.2,15,0.88,1.60,0.72,0.27,29,1,1,12.9,45.0,2026-09-06T15:30:00Z,76,False,6,0,0,0,0,3,0,1130521,1,1,2,30.0,10,-52949,119653,172602,66,True,0,0,3,3,0,3
Mamadou Sangaré,MID,Brentford,9.0,a,,,,14.8,27,10,0,0,0,0,1.3,565,0.01,0.16,0.15,0.35,22,0,0,0.6,0.0,2026-09-05T14:00:00Z,45,False,20,0,0,0,0,3,0,1631469,1,1,1,8.0,0,509396,639468,130072,57,True,1,1,5,3,1,3
Thierno Barry,FWD,Everton,5.0,a,,,,4.7,79,12,0,0,7,0,15.0,249,0.02,0.40,0.38,0.69,30,2,0,3.9,0.2,2026-09-06T13:00:00Z,90,False,16,0,0,0,0,3,0,501671,1,2,2,24.0,2,104566,195909,91343,55,True,0,0,4,4,0,3
Malick Yalcouyé,MID,Brighton,4.5,a,,,,2.1,126,38,0,0,16,0,24.4,605,0.09,0.14,0.05,2.49,23,1,0,5.3,8.2,2026-09-05T14:00:00Z,90,False,13,0,0,0,0,3,0,252653,1,1,1,20.0,2,174780,208413,33633,45,True,0,2,5,3,0,3
Floyd Samba,MID,Man City,0.0,,,,,,,,0,0,0,0,0.0,653,0.00,0.00,0.00,0.00,26,0,0,0.0,0.0,2026-09-05T14:00:00Z,0,False,7,0,0,0,0,3,0,0,0,0,1,0.0,0,0,0,0,45,True,0,0,0,0,0,3
Omari Hutchinson,MID,Nott'm Forest,0.0,u,Has joined AC Milan on loan for the rest of the season,,0,0.1,413,161,0,0,0,0,0.0,484,0.00,0.00,0.00,0.00,28,0,0,0.0,0.0,2026-09-05T14:00:00Z,0,False,19,0,0,0,0,3,0,11458,0,0,0,0.0,0,-4400,213,4613,54,True,0,0,0,0,0,3
Quinten Timber,MID,Crystal Palace,1.5,a,,,,0.0,619,265,0,0,8,0,0.2,644,0.00,0.02,0.02,2.57,24,2,0,0.5,4.2,2026-09-05T14:00:00Z,73,False,10,0,0,0,0,3,0,782,1,3,2,1.0,2,556,656,100,50,False,0,2,6,3,1,3
Kaye Furo,FWD,Brentford,0.0,a,,,,1.1,187,27,0,0,0,0,0.0,107,0.00,0.00,0.00,0.00,22,0,0,0.0,0.0,2026-09-05T14:00:00Z,0,False,20,0,0,0,0,3,0,116698,0,1,1,0.0,0,13495,27280,13785,45,True,0,0,0,0,0,3
Jules Ahoka,MID,Sunderland,1.0,a,,,,0.2,318,112,0,0,0,0,0.0,613,0.00,0.00,0.00,0.00,22,0,0,0.0,0.0,2026-09-05T14:00:00Z,0,False,4,0,0,0,0,3,0,27345,0,1,1,0.0,0,8884,13182,4298,45,False,0,0,0,0,0,3
Tim Iroegbunam,MID,Hull City,0.0,a,,0,100,0.0,590,247,0,0,0,0,0.0,240,0.00,0.00,0.00,0.00,25,0,0,0.0,0.0,2026-09-05T16:30:00Z,0,False,2,0,0,0,0,3,0,1385,0,0,0,0.0,0,122,309,187,50,True,0,0,0,0,0,3
Ashley Phillips,DEF,Spurs,0.0,u,Has joined Middlesbrough permanently,0,0,0.0,574,195,0,0,0,0,0.0,507,0.00,0.00,0.00,0.00,28,0,0,0.0,0.0,2026-09-05T14:00:00Z,0,False,18,0,0,0,0,3,0,1605,0,0,0,0.0,0,-312,0,312,45,False,0,0,0,0,0,3
Archie Gray,MID,Spurs,2.0,a,,,,0.2,334,121,0,0,0,0,0.0,522,0.00,0.00,0.00,0.00,28,0,0,0.0,0.0,2026-09-05T14:00:00Z,0,False,18,0,0,0,0,3,0,21616,0,0,0,0.0,0,-1885,2161,4046,50,False,0,0,0,0,0,3
Leif Davis,DEF,Ipswich Town,4.0,a,,,,5.1,71,31,0,0,4,0,21.5,305,0.12,0.23,0.11,0.69,21,2,0,5.8,17.4,2026-09-04T19:00:00Z,90,False,14,0,0,0,0,3,0,540194,1,2,0,19.0,1,22917,62873,39956,40,True,0,4,6,3,2,3
Milos Kerkez,DEF,Liverpool,0.5,a,,,,3.0,108,44,0,0,23,1,11.3,358,0.03,0.03,0.00,0.75,21,0,0,2.5,13.8,2026-09-04T19:00:00Z,90,False,12,0,0,0,0,3,0,302995,1,2,0,0.0,5,-51052,13999,65051,55,False,1,3,5,1,2,3
Dane Scarlett,FWD,Spurs,0.0,u,Has joined Leyton Orient permanently,,0,1.8,138,20,0,0,0,0,0.0,528,0.00,0.00,0.00,0.00,28,0,0,0.0,0.0,2026-09-05T14:00:00Z,0,False,18,0,0,0,0,3,0,178567,0,0,0,0.0,0,-5408,29341,34749,45,False,0,0,0,0,0,3
Richarlison de Andrade,FWD,Spurs,1.0,u,not included in squad.,,0,1.7,140,21,0,0,0,0,0.0,527,0.00,0.00,0.00,0.00,28,0,0,0.0,0.0,2026-09-05T14:00:00Z,0,False,18,0,0,0,0,3,0,153916,0,0,0,0.0,0,-117513,6716,124229,59,False,0,0,0,0,0,3
Tyler Fletcher,MID,Man Utd,0.0,a,,,,0.3,296,101,0,0,0,0,0.0,438,0.00,0.00,0.00,0.00,30,0,0,0.0,0.0,2026-09-06T13:00:00Z,0,False,9,0,0,0,0,3,0,32226,0,2,2,0.0,0,-2436,1884,4320,45,False,0,0,0,0,0,3
Yehor Yarmoliuk,MID,Brentford,1.0,a,,,,0.9,202,61,0,0,1,0,3.4,102,0.02,0.05,0.03,1.36,22,1,0,0.8,2.4,2026-09-05T14:00:00Z,45,False,20,0,0,0,0,3,0,93335,0,1,1,2.0,0,-18230,1076,19306,49,True,1,1,5,3,1,3
Cole Palmer,MID,Chelsea,10.0,a,,100,100,18.4,19,8,0,0,11,0,15.8,154,0.04,0.15,0.11,2.05,29,2,0,5.5,7.0,2026-09-06T15:30:00Z,90,False,1,0,0,0,0,3,0,1912956,1,1,2,32.0,1,195102,387902,192800,96,False,1,0,3,3,0,3
Ali Al-Hamadi,FWD,Ipswich Town,0.0,u,Has joined Sheffield Wednesday on loan for the rest of the season,0,0,0.1,454,64,0,0,0,0,0.0,322,0.00,0.00,0.00,0.00,21,0,0,0.0,0.0,2026-09-04T19:00:00Z,0,False,14,0,0,0,0,3,0,8170,0,2,0,0.0,0,-3877,0,3877,50,True,0,0,0,0,0,3
Chris Richards,DEF,Crystal Palace,1.5,a,,,,0.7,233,84,0,0,8,0,0.5,202,0.00,0.04,0.04,3.14,24,2,0,3.6,28.8,2026-09-05T14:00:00Z,90,False,10,0,0,0,0,3,0,68124,1,3,2,7.0,1,-5426,5745,11171,50,False,0,8,9,4,1,3
Harvey Davies,GK,Liverpool,0.0,a,,,,0.2,367,41,0,0,0,0,0.0,355,0.00,0.00,0.00,0.00,21,0,0,0.0,0.0,2026-09-04T19:00:00Z,0,False,12,0,0,0,0,3,0,16191,0,2,0,0.0,0,578,1717,1139,40,False,0,0,0,0,0,3
Jeremy Monga,MID,Man City,0.0,u,Has joined Swansea City on loan for the rest of the season,,0,0.0,589,246,0,0,0,0,0.0,410,0.00,0.00,0.00,0.00,26,0,0,0.0,0.0,2026-09-05T14:00:00Z,0,False,7,0,0,0,0,3,0,1321,0,0,1,0.0,0,-309,143,452,49,True,0,0,0,0,0,3
Leon Goretzka,MID,Aston Villa,2.2,a,,,,0.0,498,203,0,0,0,0,0.0,618,0.00,0.00,0.00,0.00,25,0,0,0.0,0.0,2026-09-05T16:30:00Z,0,False,11,0,0,0,0,3,0,5084,0,0,0,0.0,0,2608,3449,841,60,False,0,0,0,0,0,3
Frank Onyeka,MID,Coventry City,1.0,a,,,,0.1,404,156,0,0,5,0,0.4,104,0.00,0.00,0.00,1.17,26,1,0,0.1,0.4,2026-09-05T14:00:00Z,62,False,15,0,0,0,0,3,0,12452,1,0,1,0.0,2,-3826,379,4205,50,False,0,0,3,2,1,3
Zadok Yohanna,MID,Brighton,0.5,a,,,,0.1,483,194,0,0,0,0,0.0,135,0.00,0.00,0.00,0.00,23,0,0,0.0,0.0,2026-09-05T14:00:00Z,0,False,13,0,0,0,0,3,0,6108,0,1,1,0.0,0,-1062,517,1579,50,True,0,0,0,0,0,3
Noni Madueke,MID,Arsenal,0.5,a,,,,0.2,317,111,0,0,3,0,0.8,16,0.01,0.01,0.00,0.00,29,0,0,0.3,2.2,2026-09-06T15:30:00Z,1,False,6,0,0,0,0,3,0,24885,0,1,2,0.0,1,-6797,1276,8073,63,True,0,0,1,0,1,3
Takehiro Tomiyasu,DEF,Crystal Palace,1.0,a,,,,0.3,291,109,0,0,0,0,0.0,577,0.00,0.00,0.00,0.00,24,0,0,0.0,0.0,2026-09-05T14:00:00Z,0,False,10,0,0,0,0,3,0,33461,0,3,2,0.0,0,-2052,1378,3430,45,False,0,0,0,0,0,3
Francisco Evanilson de Lima Barbosa,FWD,Bournemouth,4.5,a,,,,3.2,100,15,0,0,4,0,5.1,79,0.01,0.14,0.13,0.71,27,2,0,2.9,3.2,2026-09-05T11:30:00Z,90,False,17,0,0,0,0,3,0,336364,1,2,2,21.0,2,26119,69571,43452,60,False,0,4,7,3,0,3
Mason Mount,MID,Man Utd,0.0,d,Foot injury - 75% chance of playing,75,75,0.0,557,230,0,0,0,0,0.0,430,0.00,0.00,0.00,0.00,30,0,0,0.0,0.0,2026-09-06T13:00:00Z,0,False,9,0,0,0,0,3,0,2327,0,2,2,0.0,0,-530,60,590,54,False,0,0,0,0,0,3
Harvey Elliott,MID,Liverpool,0.0,u,Has joined Valencia on loan for the rest of the season,,0,0.1,486,196,0,0,0,0,0.0,383,0.00,0.00,0.00,0.00,21,0,0,0.0,0.0,2026-09-04T19:00:00Z,0,False,12,0,0,0,0,3,0,5742,0,2,0,0.0,0,-1929,527,2456,54,False,0,0,0,0,0,3
James Rowswell,DEF,Spurs,0.0,a,,,,0.1,442,157,0,0,0,0,0.0,510,0.00,0.00,0.00,0.00,28,0,0,0.0,0.0,2026-09-05T14:00:00Z,0,False,18,0,0,0,0,3,0,9320,0,0,0,0.0,0,-25,898,923,40,False,0,0,0,0,0,3
Luca Netz,DEF,Nott'm Forest,1.0,a,,,,0.0,529,183,0,0,0,0,0.0,478,0.00,0.00,0.00,0.00,28,0,0,0.0,0.0,2026-09-05T14:00:00Z,0,False,19,0,0,0,0,3,0,3401,0,0,0,0.0,0,-304,168,472,45,True,0,0,0,0,0,3
Josh Acheampong,DEF,Chelsea,2.0,a,,,,0.4,278,103,0,0,-3,0,1.8,151,0.01,0.01,0.00,2.05,29,2,0,0.8,2.2,2026-09-06T15:30:00Z,90,False,1,0,0,0,0,3,0,38207,1,1,2,4.0,1,-1989,4792,6781,45,False,0,1,1,1,0,3
Altay Bayındır,GK,Man Utd,0.0,u,Has joined Celta Vigo on loan for the rest of the season,0,0,0.0,583,69,0,0,0,0,0.0,413,0.00,0.00,0.00,0.00,30,0,0,0.0,0.0,2026-09-06T13:00:00Z,0,False,9,0,0,0,0,3,0,1465,0,2,2,0.0,0,-292,0,292,45,False,0,0,0,0,0,3
Matt Crooks,MID,Hull City,1.0,d,Thigh injury - 75% chance of playing,,75,0.6,243,83,0,0,0,0,0.0,289,0.00,0.00,0.00,0.00,25,0,0,0.0,0.0,2026-09-05T16:30:00Z,0,False,2,0,0,0,0,3,0,57596,0,0,0,0.0,0,-12365,2885,15250,45,True,0,0,0,0,0,3
Steven Benda,GK,Nott'm Forest,0.0,a,,,,0.1,464,53,0,0,0,0,0.0,590,0.00,0.00,0.00,0.00,28,0,0,0.0,0.0,2026-09-05T14:00:00Z,0,False,19,0,0,0,0,3,0,7389,0,0,0,0.0,0,79,950,871,45,True,0,0,0,0,0,3
Tosin Adarabioyo,DEF,Spurs,0.0,a,,,,0.2,353,130,0,0,0,0,0.0,147,0.00,0.00,0.00,0.00,28,0,0,0.0,0.0,2026-09-05T14:00:00Z,0,False,18,0,0,0,0,3,0,17692,0,0,0,0.0,0,-2004,553,2557,45,False,0,0,0,0,0,3
Matt O'Riley,MID,Brighton,0.0,a,,,,0.1,430,169,0,0,0,0,0.0,126,0.00,0.00,0.00,0.00,23,0,0,0.0,0.0,2026-09-05T14:00:00Z,0,False,13,0,0,0,0,3,0,10276,0,1,1,0.0,0,-909,1040,1949,55,True,0,0,0,0,0,3
Trai Hume,DEF,Sunderland,4.0,a,,,,5.3,70,30,0,0,8,0,0.1,534,0.00,0.00,0.00,0.45,22,0,0,0.4,3.8,2026-09-05T14:00:00Z,26,False,4,0,0,0,0,3,0,528010,0,1,1,0.0,1,-68992,17561,86553,45,False,0,0,2,2,2,3
Gerónimo Rulli,GK,Man City,0.0,a,,,,0.0,563,67,0,0,0,0,0.0,587,0.00,0.00,0.00,0.00,26,0,0,0.0,0.0,2026-09-05T14:00:00Z,0,False,7,0,0,0,0,3,0,2050,0,0,1,0.0,0,-193,147,340,50,True,0,0,0,0,0,3
James McConnell,MID,Liverpool,0.0,a,,,,0.2,322,115,0,0,0,0,0.0,378,0.00,0.00,0.00,0.00,21,0,0,0.0,0.0,2026-09-04T19:00:00Z,0,False,12,0,0,0,0,3,0,24779,0,2,0,0.0,0,-1919,1404,3323,45,False,0,0,0,0,0,3
Fábio Ferreira Vieira,MID,Arsenal,0.0,u,Has joined Hamburger SV permanently,,0,0.0,600,254,0,0,0,0,0.0,23,0.00,0.00,0.00,0.00,29,0,0,0.0,0.0,2026-09-06T15:30:00Z,0,False,6,0,0,0,0,3,0,972,0,1,2,0.0,0,-136,175,311,55,True,0,0,0,0,0,3
Manuel Ugarte Ribeiro,MID,Man Utd,0.0,i,Knee injury - Unknown return date,0,0,0.0,626,270,0,0,0,0,0.0,433,0.00,0.00,0.00,0.00,30,0,0,0.0,0.0,2026-09-06T13:00:00Z,0,False,9,0,0,0,0,3,0,371,0,2,2,0.0,0,-37,32,69,50,False,0,0,0,0,0,3
Tyrone Mings,DEF,Aston Villa,0.5,a,,,,0.4,279,104,0,0,28,1,4.4,33,0.02,0.13,0.11,0.57,25,0,0,3.2,14.8,2026-09-05T16:30:00Z,90,False,11,0,0,0,0,3,0,38099,1,0,0,13.0,6,-2214,2622,4836,45,False,0,4,5,2,1,3
Kobbie Mainoo,MID,Man Utd,2.5,a,,,,1.1,184,58,1,2,32,0,24.5,432,0.07,0.07,0.00,0.92,30,1,0,5.9,34.2,2026-09-06T13:00:00Z,83,False,9,0,0,0,0,3,0,117218,1,2,2,0.0,9,6351,19482,13131,55,False,0,3,15,10,2,3
James McAtee,MID,Nott'm Forest,2.5,a,,,,0.1,457,182,0,0,22,1,59.5,486,0.22,0.35,0.13,1.06,28,0,0,8.4,14.2,2026-09-05T14:00:00Z,90,False,19,0,0,0,0,3,0,8416,1,0,0,10.0,2,1865,3393,1528,55,True,1,0,7,4,3,3
Aaron Wan-Bissaka,DEF,Aston Villa,1.8,a,,,,0.1,378,138,0,0,3,0,0.9,611,0.00,0.00,0.00,0.35,25,0,0,0.4,2.8,2026-09-05T16:30:00Z,5,False,11,0,0,0,0,3,0,15829,0,0,0,0.0,1,5012,6633,1621,45,False,0,1,1,0,0,3
Liam Kitching,DEF,Coventry City,0.0,u,Has joined Sheffield United on loan for the rest of the season,,0,0.5,248,94,0,0,0,0,0.0,174,0.00,0.00,0.00,0.00,26,0,0,0.0,0.0,2026-09-05T14:00:00Z,0,False,15,0,0,0,0,3,0,53997,0,0,1,0.0,0,-9976,461,10437,40,False,0,0,0,0,0,3
Haji Wright,FWD,Coventry City,0.0,i,Thigh injury - Unknown return date,0,0,0.1,424,60,0,0,0,0,0.0,193,0.00,0.00,0.00,0.00,26,0,0,0.0,0.0,2026-09-05T14:00:00Z,0,False,15,0,0,0,0,3,0,10607,0,0,1,0.0,0,-3102,246,3348,54,False,0,0,0,0,0,3
David Raya Martín,GK,Arsenal,6.0,a,,,,37.5,6,1,0,0,15,0,0.0,1,0.01,0.01,0.00,0.39,29,1,0,2.9,28.8,2026-09-06T15:30:00Z,90,False,6,0,0,0,0,3,4,3887669,1,1,2,0.0,3,-23780,204948,228728,60,True,0,2,0,11,0,3
Joshua Zirkzee,FWD,Man Utd,0.0,a,,,,0.5,262,46,0,0,0,0,0.0,440,0.00,0.00,0.00,0.00,30,0,0,0.0,0.0,2026-09-06T13:00:00Z,0,False,9,0,0,0,0,3,0,47734,0,2,2,0.0,0,-7291,5615,12906,54,False,0,0,0,0,0,3
Harvey Cartwright,GK,Hull City,0.0,u,Has joined Grimsby Town on loan for the rest of the season,0,0,0.0,608,71,0,0,0,0,0.0,275,0.00,0.00,0.00,0.00,25,0,0,0.0,0.0,2026-09-05T16:30:00Z,0,False,2,0,0,0,0,3,0,816,0,0,0,0.0,0,-83,0,83,40,True,0,0,0,0,0,3
Jaka Bijol,DEF,Leeds,5.5,a,,,,0.9,201,78,0,0,1,0,0.0,327,0.00,0.00,0.00,1.95,23,1,0,0.6,6.2,2026-09-05T14:00:00Z,29,False,5,0,0,0,0,3,0,95603,0,1,1,0.0,1,-2619,14908,17527,50,False,0,2,4,0,2,3
Hákon Rafn Valdimarsson,GK,Brentford,0.0,a,,,,0.1,421,48,0,0,0,0,0.0,83,0.00,0.00,0.00,0.00,22,0,0,0.0,0.0,2026-09-05T14:00:00Z,0,False,20,0,0,0,0,3,0,11246,0,1,1,0.0,0,-432,975,1407,45,True,0,0,0,0,0,3
Joe Rodon,DEF,Leeds,3.5,i,Hamstring injury - Expected back 21 Nov,,0,2.4,114,46,0,0,0,0,0.0,329,0.00,0.00,0.00,0.00,23,0,0,0.0,0.0,2026-09-05T14:00:00Z,0,False,5,0,0,0,0,3,0,220934,0,1,1,0.0,0,-122557,5070,127627,45,False,0,0,0,0,0,3
Will Dennis,GK,Bournemouth,0.0,u,Has joined MK Dons permanently,0,0,0.2,368,42,0,0,0,0,0.0,59,0.00,0.00,0.00,0.00,27,0,0,0.0,0.0,2026-09-05T11:30:00Z,0,False,17,0,0,0,0,3,0,15695,0,2,2,0.0,0,-2784,0,2784,40,False,0,0,0,0,0,3
Wilfried Gnonto,MID,Leeds,0.0,u,Has joined ACF Fiorentina on loan for the rest of the season,75,0,0.0,586,244,0,0,0,0,0.0,341,0.00,0.00,0.00,0.00,23,0,0,0.0,0.0,2026-09-05T14:00:00Z,0,False,5,0,0,0,0,3,0,1395,0,1,1,0.0,0,-222,226,448,50,False,0,0,0,0,0,3
Dara O'Shea,DEF,Ipswich Town,2.0,a,,,,3.2,99,38,0,0,5,0,4.4,304,0.01,0.01,0.00,0.69,21,2,0,3.2,23.8,2026-09-04T19:00:00Z,90,False,14,0,0,0,0,3,0,330000,1,2,0,4.0,3,-15021,22172,37193,40,True,0,8,11,3,3,3
Dominic Calvert-Lewin,FWD,Leeds,4.5,a,,,,25.7,9,3,0,0,0,0,11.3,346,0.06,0.62,0.56,0.87,23,1,0,3.7,4.4,2026-09-05T14:00:00Z,72,False,5,0,0,0,0,3,0,2612462,1,1,1,21.0,1,-144642,198586,343228,60,False,1,1,3,2,0,3
Jake Bidwell,DEF,Coventry City,0.0,a,,,,0.1,451,159,0,0,0,0,0.0,178,0.00,0.00,0.00,0.00,26,0,0,0.0,0.0,2026-09-05T14:00:00Z,0,False,15,0,0,0,0,3,0,8763,0,0,1,0.0,0,-315,663,978,40,False,0,0,0,0,0,3
Kieran Dowell,MID,Hull City,0.0,a,,,,0.4,280,92,0,0,0,0,0.0,288,0.00,0.00,0.00,0.00,25,0,0,0.0,0.0,2026-09-05T16:30:00Z,0,False,2,0,0,0,0,3,0,37923,0,0,0,0.0,0,-165,5767,5932,45,True,0,0,0,0,0,3
Youri Tielemans,MID,Man Utd,3.0,a,,100,100,2.0,129,39,0,0,17,0,18.9,43,0.06,0.11,0.05,1.01,30,2,0,4.7,18.6,2026-09-06T13:00:00Z,90,False,9,0,0,0,0,3,0,201931,1,2,2,9.0,2,-38742,12766,51508,59,False,0,2,7,5,0,3
Paddy McNair,DEF,Hull City,0.5,a,,,,0.1,403,146,0,0,0,0,0.0,285,0.00,0.00,0.00,0.00,25,0,0,0.0,0.0,2026-09-05T16:30:00Z,0,False,2,0,0,0,0,3,0,13231,0,0,0,0.0,0,-491,1008,1499,40,True,0,0,0,0,0,3
Julián Araujo Zúñiga,DEF,Bournemouth,0.0,i,Thigh injury - Unknown return date,0,0,0.0,588,199,0,0,0,0,0.0,65,0.00,0.00,0.00,0.00,27,0,0,0.0,0.0,2026-09-05T11:30:00Z,0,False,17,0,0,0,0,3,0,1391,0,2,2,0.0,0,-270,96,366,45,False,0,0,0,0,0,3
Jason Steele,GK,Brighton,0.0,a,,,,4.3,86,13,0,0,0,0,0.0,111,0.00,0.00,0.00,0.00,23,0,0,0.0,0.0,2026-09-05T14:00:00Z,0,False,13,0,0,0,0,3,0,459848,0,1,1,0.0,0,27834,62093,34259,40,True,0,0,0,0,0,3
Joachim Andersen,DEF,Fulham,0.5,a,,100,100,0.1,388,140,0,0,8,0,22.9,253,0.06,0.06,0.00,1.97,24,3,0,5.3,24.4,2026-09-05T14:00:00Z,90,False,8,0,0,0,0,3,0,15474,1,3,2,6.0,1,3704,5842,2138,50,True,0,5,7,7,2,3
Emiliano Martínez Romero,GK,Chelsea,1.0,a,,,,4.4,83,11,0,0,26,0,0.0,28,0.00,0.00,0.00,2.05,29,2,0,6.3,63.2,2026-09-06T15:30:00Z,90,False,1,0,0,0,0,3,8,459337,1,1,2,0.0,3,13115,68378,55263,50,False,0,0,0,8,0,3
Dan Ndoye,MID,Nott'm Forest,6.0,a,,,,0.7,231,78,0,0,5,0,0.3,483,0.00,0.00,0.00,0.81,28,0,0,0.1,0.4,2026-09-05T14:00:00Z,58,False,19,0,0,0,0,3,0,73790,1,0,0,0.0,1,22451,33732,11281,55,True,0,0,5,4,1,3
Taiwo Awoniyi,FWD,Coventry City,1.5,a,,,,0.7,230,39,0,0,6,0,10.3,492,0.00,0.31,0.31,1.17,26,1,0,1.7,3.6,2026-09-05T14:00:00Z,70,False,15,0,0,0,0,3,0,69494,1,0,1,3.0,2,-13314,4842,18156,55,False,0,2,5,3,0,3
Leny Yoro,DEF,Man Utd,0.5,a,,,,0.6,245,91,0,0,1,0,0.6,420,0.01,0.01,0.00,0.09,30,1,0,0.9,6.0,2026-09-06T13:00:00Z,6,False,9,0,0,0,0,3,0,56599,0,2,2,2.0,1,-9461,1735,11196,49,False,0,1,3,0,2,3
Anton Stach,MID,Leeds,8.5,a,,,,2.9,109,31,0,0,7,0,16.5,335,0.10,0.42,0.32,2.19,23,1,0,5.1,15.4,2026-09-05T14:00:00Z,90,False,5,0,0,0,0,3,0,303711,1,1,1,19.0,2,12619,62176,49557,60,False,0,2,6,2,2,3
William Osula,FWD,Newcastle,0.0,i,Foot injury - Unknown return date,0,0,0.5,253,41,0,0,0,0,0.0,465,0.00,0.00,0.00,0.00,27,0,0,0.0,0.0,2026-09-05T11:30:00Z,0,False,3,0,0,0,0,3,0,51608,0,2,2,0.0,0,-37692,557,38249,59,True,0,0,0,0,0,3
Erling Haaland,FWD,Man City,7.5,a,,,,71.9,1,1,0,3,40,1,13.6,411,0.48,1.54,1.06,1.37,26,0,1,12.5,48.8,2026-09-05T14:00:00Z,90,False,7,0,0,0,0,3,0,7594638,1,0,1,63.0,9,360063,400573,40510,155,True,0,5,7,2,0,3
Dillon Phillips,GK,Hull City,0.0,a,,,,1.5,150,21,0,0,0,0,0.0,273,0.00,0.00,0.00,0.00,25,0,0,0.0,0.0,2026-09-05T16:30:00Z,0,False,2,0,0,0,0,3,0,154754,0,0,0,0.0,0,-1922,9318,11240,40,True,0,0,0,0,0,3
Álvaro Rodríguez,FWD,Bournemouth,0.5,a,,100,100,0.1,411,59,0,0,0,0,0.0,81,0.00,0.00,0.00,0.00,27,0,0,0.0,0.0,2026-09-05T11:30:00Z,0,False,17,0,0,0,0,3,0,12281,0,2,2,0.0,0,-398,1521,1919,60,False,0,0,0,0,0,3
Hayden Hackney,MID,Everton,1.0,a,,50,100,0.2,333,120,1,0,14,0,25.5,247,0.09,0.13,0.04,0.29,30,1,0,5.6,20.6,2026-09-06T13:00:00Z,15,False,16,0,0,0,0,3,0,21598,0,2,2,10.0,4,-3215,499,3714,55,True,0,0,1,0,1,3
Jacob Murphy,MID,Newcastle,0.5,a,,,,0.1,387,147,0,0,5,0,0.3,457,0.00,0.00,0.00,0.04,27,0,0,0.1,0.2,2026-09-05T11:30:00Z,13,False,3,0,0,0,0,3,0,14114,0,2,2,0.0,1,-2357,1115,3472,59,True,0,0,1,1,0,3
Neco Williams,DEF,Nott'm Forest,4.0,a,,,,8.3,51,19,0,1,28,1,10.9,469,0.07,0.07,0.00,1.06,28,0,0,2.6,11.4,2026-09-05T14:00:00Z,90,False,19,0,0,0,0,3,0,851007,1,0,0,4.0,7,-35180,53518,88698,50,True,0,3,6,8,3,3
Mikey Moore,MID,Spurs,1.5,u,Has joined FC Köln on loan for the rest of the season,,0,0.1,383,145,0,0,0,0,0.0,523,0.00,0.00,0.00,0.00,28,0,0,0.0,0.0,2026-09-05T14:00:00Z,0,False,18,0,0,0,0,3,0,13268,0,0,0,0.0,0,-5650,839,6489,50,False,0,0,0,0,0,3
El Hadji Malick Diouf,DEF,Brentford,1.8,a,,,,0.1,433,154,0,0,0,0,0.0,620,0.00,0.00,0.00,0.00,22,0,0,0.0,0.0,2026-09-05T14:00:00Z,0,False,20,0,0,0,0,3,0,10083,0,1,1,0.0,0,6560,9542,2982,45,True,0,0,0,0,0,3
Ellis Simms,FWD,Coventry City,1.0,a,,,,0.9,205,34,0,0,3,0,10.0,195,0.00,0.30,0.30,0.95,26,0,0,5.0,5.0,2026-09-05T14:00:00Z,19,False,15,0,0,0,0,3,0,88094,0,0,1,35.0,1,-11944,10057,22001,50,False,0,0,0,0,0,3
Mohamed-Ali Cho,MID,Hull City,1.5,a,,,,0.0,607,258,0,0,5,0,0.0,617,0.00,0.05,0.05,0.00,25,0,0,2.0,3.0,2026-09-05T16:30:00Z,8,False,2,0,0,0,0,3,0,871,0,0,0,17.0,1,482,671,189,50,True,0,0,0,0,0,3
Kjell Scherpen,GK,Ipswich Town,2.0,a,,,,0.6,242,32,0,0,13,0,0.0,564,0.00,0.00,0.00,0.69,21,2,0,2.8,27.8,2026-09-04T19:00:00Z,90,False,14,0,0,0,0,3,5,58738,1,2,0,0.0,2,-2758,4399,7157,45,True,0,0,0,7,0,3
Ezri Konsa Ngoyo,DEF,Arsenal,0.5,a,,,,10.7,38,13,0,0,15,0,1.4,31,0.01,0.01,0.00,0.39,29,1,0,2.5,19.4,2026-09-06T15:30:00Z,90,False,6,0,0,0,0,3,0,1139279,1,1,2,4.0,4,71726,270872,199146,44,True,0,7,10,5,3,3
Issa Diop,DEF,Ipswich Town,2.0,a,,,,15.6,25,9,0,0,10,0,10.8,259,0.01,0.01,0.00,0.69,21,2,0,3.8,27.2,2026-09-04T19:00:00Z,90,False,14,0,0,0,0,3,0,1603991,1,2,0,0.0,3,-81636,43514,125150,40,True,0,9,11,2,2,3
Enes Ünal,FWD,Bournemouth,0.0,u,Has joined Getafe permanently,0,0,0.0,565,73,0,0,0,0,0.0,80,0.00,0.00,0.00,0.00,27,0,0,0.0,0.0,2026-09-05T11:30:00Z,0,False,17,0,0,0,0,3,0,1977,0,2,2,0.0,0,-522,0,522,55,False,0,0,0,0,0,3
Stefan Bajčetić Maquieira,MID,Liverpool,0.0,u,Has joined Celta Vigo permanently,0,0,0.0,646,284,0,0,0,0,0.0,376,0.00,0.00,0.00,0.00,21,0,0,0.0,0.0,2026-09-04T19:00:00Z,0,False,12,0,0,0,0,3,0,148,0,2,0,0.0,0,-32,11,43,50,False,0,0,0,0,0,3
Nilson Angulo,MID,Sunderland,4.0,a,,,,0.1,372,139,0,0,11,0,5.7,551,0.07,0.07,0.00,0.76,22,1,0,3.0,8.6,2026-09-05T14:00:00Z,63,False,4,0,0,0,0,3,0,15646,1,1,1,16.0,2,1656,4768,3112,50,False,0,1,5,3,1,3
Jack Hinshelwood,MID,Brighton,2.0,d,Unspecified injury - 50% chance of playing,25,50,1.3,158,47,0,0,0,0,0.0,123,0.00,0.00,0.00,0.00,23,0,0,0.0,0.0,2026-09-05T14:00:00Z,0,False,13,0,0,0,0,3,0,129183,0,1,1,0.0,0,-92072,6623,98695,60,True,0,0,0,0,0,3
Matty Jacob,DEF,Hull City,0.0,u,Has joined Newport County on loan until January,0,0,0.0,596,200,0,0,0,0,0.0,283,0.00,0.00,0.00,0.00,25,0,0,0.0,0.0,2026-09-05T16:30:00Z,0,False,2,0,0,0,0,3,0,1068,0,0,0,0.0,0,-153,57,210,40,True,0,0,0,0,0,3
Conor Gallagher,MID,Spurs,0.0,a,,,,0.2,330,117,0,0,23,1,4.4,519,0.06,0.06,0.00,0.88,28,0,0,1.7,10.2,2026-09-05T14:00:00Z,83,False,18,0,0,0,0,3,0,22380,1,0,0,2.0,3,-5563,1024,6587,54,False,0,1,11,6,4,3
John McGinn,MID,Aston Villa,1.0,a,,,,2.5,113,33,0,0,6,1,5.6,45,0.03,0.71,0.68,0.57,25,0,0,1.1,1.4,2026-09-05T16:30:00Z,90,False,11,0,0,0,0,3,0,252885,1,0,0,4.0,3,-27591,16891,44482,54,False,0,1,5,2,2,3
Endo Wataru,MID,Liverpool,0.0,a,,100,100,0.1,479,191,0,0,0,0,0.0,374,0.00,0.00,0.00,0.00,21,0,0,0.0,0.0,2026-09-04T19:00:00Z,0,False,12,0,0,0,0,3,0,6810,0,2,0,0.0,0,-648,798,1446,50,False,0,0,0,0,0,3
Rico Lewis,DEF,Man City,0.5,a,,,,0.2,325,119,0,0,0,0,0.0,395,0.00,0.00,0.00,0.00,26,0,0,0.0,0.0,2026-09-05T14:00:00Z,0,False,7,0,0,0,0,3,0,23634,0,0,1,0.0,0,-3581,2152,5733,45,True,0,0,0,0,0,3
Dwight McNeil,MID,Crystal Palace,1.5,a,,,,0.1,380,143,0,0,0,0,0.0,241,0.00,0.00,0.00,0.00,24,0,0,0.0,0.0,2026-09-05T14:00:00Z,0,False,10,0,0,0,0,3,0,14863,0,3,2,0.0,0,-1942,540,2482,55,False,0,0,0,0,0,3
Matty Cash,DEF,Aston Villa,0.5,a,,,,7.0,60,24,0,0,23,1,16.3,32,0.03,0.03,0.00,0.22,25,0,0,2.9,6.4,2026-09-05T16:30:00Z,84,False,11,0,0,0,0,3,0,731987,1,0,0,6.0,6,-35679,41628,77307,45,False,0,1,1,1,0,3
Habib Diarra,MID,Sunderland,2.5,i,Hamstring injury - Unknown return date,,0,0.0,494,201,0,0,0,0,0.0,543,0.00,0.00,0.00,0.00,22,0,0,0.0,0.0,2026-09-05T14:00:00Z,0,False,4,0,0,0,0,3,0,4664,0,1,1,0.0,0,-2142,164,2306,55,False,0,0,0,0,0,3
Estêvão Almeida de Oliveira Gonçalves,MID,Chelsea,0.5,a,,,,0.8,210,66,0,0,5,0,0.4,157,0.00,0.04,0.04,0.00,29,0,0,2.1,3.2,2026-09-06T15:30:00Z,9,False,1,0,0,0,0,3,0,84845,0,1,2,17.0,1,-31266,3486,34752,64,False,0,0,0,0,0,3
Jun'ai Byfield,DEF,Spurs,0.0,a,,,,0.1,485,171,0,0,0,0,0.0,509,0.00,0.00,0.00,0.00,28,0,0,0.0,0.0,2026-09-05T14:00:00Z,0,False,18,0,0,0,0,3,0,6404,0,0,0,0.0,0,71,719,648,40,False,0,0,0,0,0,3
Amine Adli,MID,Bournemouth,0.0,i,Unspecified injury - Unknown return date,0,0,0.0,571,237,0,0,0,0,0.0,77,0.00,0.00,0.00,0.00,27,0,0,0.0,0.0,2026-09-05T11:30:00Z,0,False,17,0,0,0,0,3,0,1803,0,2,2,0.0,0,-491,136,627,49,False,0,0,0,0,0,3
Nathan Patterson,DEF,Everton,0.0,u,Has joined Torino permanently,,0,0.0,544,188,0,0,0,0,0.0,234,0.00,0.00,0.00,0.00,30,0,0,0.0,0.0,2026-09-06T13:00:00Z,0,False,16,0,0,0,0,3,0,2692,0,2,2,0.0,0,-715,164,879,45,True,0,0,0,0,0,3
Oscar Mingueza,DEF,Crystal Palace,0.5,a,,,,0.1,472,168,0,0,4,0,0.3,207,0.00,0.00,0.00,0.13,24,0,0,0.1,1.0,2026-09-05T14:00:00Z,1,False,10,0,0,0,0,3,0,7148,0,3,2,0.0,1,-541,770,1311,44,False,0,0,1,1,1,3
Alexis Mac Allister,MID,Liverpool,1.5,a,,,,1.4,154,46,0,0,14,1,12.8,372,0.02,0.10,0.08,0.60,21,0,0,4.7,16.6,2026-09-04T19:00:00Z,83,False,12,0,0,0,0,3,0,147584,1,2,0,18.0,2,-17436,10622,28058,55,False,1,3,11,5,3,3
Joe Gelhardt,MID,Hull City,0.0,a,,0,100,0.0,597,253,0,0,0,0,0.0,340,0.00,0.00,0.00,0.00,25,0,0,0.0,0.0,2026-09-05T16:30:00Z,0,False,2,0,0,0,0,3,0,1068,0,0,0,0.0,0,-124,99,223,50,True,0,0,0,0,0,3
Yoane Wissa,FWD,Newcastle,6.0,a,,,,14.5,28,5,0,0,7,0,7.3,464,0.03,0.03,0.00,1.37,27,2,0,0.7,0.0,2026-09-05T11:30:00Z,90,False,3,0,0,0,0,3,0,1697200,1,2,2,0.0,1,1029731,1119139,89408,61,True,1,0,3,3,0,3
Federico Chiesa,MID,Liverpool,0.0,i,Back injury - Unknown return date,0,0,0.1,475,189,0,0,0,0,0.0,370,0.00,0.00,0.00,0.00,21,0,0,0.0,0.0,2026-09-04T19:00:00Z,0,False,12,0,0,0,0,3,0,6728,0,2,0,0.0,0,-4196,50,4246,54,False,0,0,0,0,0,3
Luke O'Nien,DEF,Sunderland,0.5,a,,,,3.0,106,42,0,0,0,0,0.0,539,0.00,0.00,0.00,0.00,22,0,0,0.0,0.0,2026-09-05T14:00:00Z,0,False,4,0,0,0,0,3,0,310001,0,1,1,0.0,0,-27829,5301,33130,40,False,0,0,0,0,0,3
Tyrick Mitchell,DEF,Crystal Palace,0.5,a,,,,4.7,78,32,0,2,31,0,10.7,204,0.01,0.67,0.66,2.57,24,2,2,13.6,78.0,2026-09-05T14:00:00Z,73,False,10,0,0,0,0,3,0,476563,1,3,2,47.0,15,-68532,9051,77583,45,False,0,4,6,2,2,3
Joel Latibeaudiere,DEF,Coventry City,0.0,a,,,,0.0,516,177,0,0,0,0,0.0,179,0.00,0.00,0.00,0.00,26,0,0,0.0,0.0,2026-09-05T14:00:00Z,0,False,15,0,0,0,0,3,0,4150,0,0,1,0.0,0,-161,319,480,40,False,0,0,0,0,0,3
David Button,GK,Ipswich Town,0.0,a,,,,0.5,258,33,0,0,0,0,0.0,302,0.00,0.00,0.00,0.00,21,0,0,0.0,0.0,2026-09-04T19:00:00Z,0,False,14,0,0,0,0,3,0,51311,0,2,0,0.0,0,3716,7597,3881,40,True,0,0,0,0,0,3
Harry Amass,DEF,Man Utd,0.0,a,,,,0.2,339,125,0,0,0,0,0.0,424,0.00,0.00,0.00,0.00,30,0,0,0.0,0.0,2026-09-06T13:00:00Z,0,False,9,0,0,0,0,3,0,21308,0,2,2,0.0,0,-414,1942,2356,40,False,0,0,0,0,0,3
Fraser Forster,GK,Bournemouth,0.0,a,,,,3.5,93,15,0,0,0,0,0.0,58,0.00,0.00,0.00,0.00,27,0,0,0.0,0.0,2026-09-05T11:30:00Z,0,False,17,0,0,0,0,3,0,371559,0,2,2,0.0,0,17023,38348,21325,40,False,0,0,0,0,0,3
Hugo Ekitiké,FWD,Liverpool,0.0,i,Achilles injury - Unknown return date,0,0,0.1,407,57,0,0,0,0,0.0,380,0.00,0.00,0.00,0.00,21,0,0,0.0,0.0,2026-09-04T19:00:00Z,0,False,12,0,0,0,0,3,0,12739,0,2,0,0.0,0,-2736,696,3432,75,False,0,0,0,0,0,3
Matheus Santos Carneiro da Cunha,MID,Man Utd,5.5,a,,,,7.9,56,20,0,0,10,1,6.2,428,0.05,0.17,0.12,0.65,30,0,0,1.9,2.8,2026-09-06T13:00:00Z,69,False,9,0,0,0,0,3,0,802045,1,2,2,10.0,3,-134183,23584,157767,80,False,0,0,3,1,2,3
Ben Chilwell,DEF,Crystal Palace,1.8,a,,,,0.0,611,204,0,0,20,0,0.7,643,0.00,0.15,0.15,0.57,24,0,1,5.1,33.2,2026-09-05T14:00:00Z,16,False,10,0,0,0,0,3,0,984,0,3,2,17.0,7,679,763,84,45,False,0,0,0,0,0,3
Karl Darlow,GK,Man Utd,0.0,a,,100,100,0.0,515,57,0,0,0,0,0.0,325,0.00,0.00,0.00,0.00,30,0,0,0.0,0.0,2026-09-06T13:00:00Z,0,False,9,0,0,0,0,3,0,4184,0,2,2,0.0,0,-122,340,462,45,False,0,0,0,0,0,3
Robinio Vaz,FWD,Hull City,1.4,a,,,,0.0,578,74,0,0,0,0,0.0,637,0.00,0.00,0.00,0.00,25,0,0,0.0,0.0,2026-09-05T16:30:00Z,0,False,2,0,0,0,0,3,0,2077,0,0,0,0.0,0,1405,1607,202,50,True,0,0,0,0,0,3
Fabian Schär,DEF,Newcastle,0.5,a,,100,100,0.2,321,117,0,0,0,0,0.0,446,0.00,0.00,0.00,0.00,27,0,0,0.0,0.0,2026-09-05T11:30:00Z,0,False,3,0,0,0,0,3,0,24845,0,2,2,0.0,0,-2838,2055,4893,50,True,0,0,0,0,0,3
James Maddison,MID,Spurs,0.4,d,Shoulder injury - 75% chance of playing,75,75,0.6,241,82,0,0,0,0,0.0,515,0.00,0.00,0.00,0.00,28,0,0,0.0,0.0,2026-09-05T14:00:00Z,0,False,18,0,0,0,0,3,0,57231,0,0,0,0.0,0,-38883,175,39058,64,False,0,0,0,0,0,3
Exequiel Palacios,MID,Ipswich Town,1.5,a,,,,0.0,580,242,0,0,24,0,22.5,619,0.02,0.02,0.00,0.69,21,2,0,4.3,20.2,2026-09-04T19:00:00Z,77,False,14,0,0,0,0,3,0,1551,1,2,0,0.0,4,979,1326,347,50,True,0,3,19,12,4,3
George Hirst,FWD,Ipswich Town,0.0,u,Has joined Stoke City permanently,0,0,0.1,410,58,0,0,0,0,0.0,317,0.00,0.00,0.00,0.00,21,0,0,0.0,0.0,2026-09-04T19:00:00Z,0,False,14,0,0,0,0,3,0,11907,0,2,0,0.0,0,-4365,0,4365,50,True,0,0,0,0,0,3
Rio Ngumoha,MID,Liverpool,1.5,a,,,,0.8,219,70,0,0,0,0,0.0,369,0.00,0.00,0.00,0.00,21,0,0,0.0,0.0,2026-09-04T19:00:00Z,0,False,12,0,0,0,0,3,0,77015,0,2,0,0.0,0,-31936,3473,35409,59,False,0,0,0,0,0,3
Joško Gvardiol,DEF,Man City,7.0,a,,,,18.8,16,3,0,2,31,1,6.9,391,0.02,0.03,0.01,1.37,26,0,0,3.3,18.8,2026-09-05T14:00:00Z,90,False,7,0,0,0,0,3,0,2019409,1,0,1,7.0,8,427408,548352,120944,56,True,0,4,8,7,4,3
Filip Jörgensen,GK,Chelsea,0.0,u,Has joined RC Strasbourg on loan for the rest of the season,0,0,0.0,598,70,0,0,0,0,0.0,141,0.00,0.00,0.00,0.00,29,0,0,0.0,0.0,2026-09-06T15:30:00Z,0,False,1,0,0,0,0,3,0,1022,0,1,2,0.0,0,-270,0,270,50,False,0,0,0,0,0,3
Lewis Dunk,DEF,Brighton,2.5,a,,,,1.3,165,66,0,1,20,0,1.9,116,0.01,0.01,0.00,2.49,23,1,0,3.7,30.8,2026-09-05T14:00:00Z,90,False,13,0,0,0,0,3,0,133493,1,1,1,4.0,5,6568,20326,13758,45,True,0,12,12,5,0,3
Ilia Gruev,MID,Leeds,0.0,d,Knee injury - 25% chance of playing,0,25,0.0,627,271,0,0,0,0,0.0,344,0.00,0.00,0.00,0.00,23,0,0,0.0,0.0,2026-09-05T14:00:00Z,0,False,5,0,0,0,0,3,0,350,0,1,1,0.0,0,-38,33,71,50,False,0,0,0,0,0,3
Sean Longstaff,MID,Leeds,0.5,a,,,,0.1,422,166,0,0,0,0,0.0,339,0.00,0.00,0.00,0.00,23,0,0,0.0,0.0,2026-09-05T14:00:00Z,0,False,5,0,0,0,0,3,0,10952,0,1,1,0.0,0,-1965,639,2604,50,False,0,0,0,0,0,3
Ainsley Maitland-Niles,DEF,Everton,1.8,a,,,,0.0,624,208,0,0,13,0,0.8,649,0.00,0.03,0.03,0.29,30,1,1,4.1,33.4,2026-09-06T13:00:00Z,13,False,16,0,0,0,0,3,0,569,0,2,2,7.0,7,431,559,128,45,True,0,0,0,0,0,3
Rodrigo Muniz Carvalho,FWD,Fulham,0.5,a,,,,0.5,260,44,0,0,5,0,10.1,271,0.00,0.38,0.38,0.00,24,0,0,4.0,3.2,2026-09-05T14:00:00Z,7,False,8,0,0,0,0,3,0,49384,0,3,2,27.0,1,-6919,4409,11328,55,True,0,0,0,0,0,3
Emiliano Buendía Stati,MID,Aston Villa,2.0,a,,,,1.2,175,55,0,0,2,1,10.8,41,0.05,0.66,0.61,0.22,25,0,0,1.4,0.0,2026-09-05T16:30:00Z,74,False,11,0,0,0,0,3,0,128636,1,0,0,7.0,3,-3519,20598,24117,60,False,0,0,2,2,0,3
Dejan Kulusevski,MID,Spurs,0.0,i,Knee injury - Unknown return date,0,0,0.0,604,256,0,0,0,0,0.0,521,0.00,0.00,0.00,0.00,28,0,0,0.0,0.0,2026-09-05T14:00:00Z,0,False,18,0,0,0,0,3,0,912,0,0,0,0.0,0,-90,87,177,65,False,0,0,0,0,0,3
Rayan Aït-Nouri,DEF,Man City,0.0,a,,,,0.6,244,90,0,0,0,0,0.0,392,0.00,0.00,0.00,0.00,26,0,0,0.0,0.0,2026-09-05T14:00:00Z,0,False,7,0,0,0,0,3,0,56252,0,0,1,0.0,0,-23051,2020,25071,54,True,0,0,0,0,0,3
Declan Rice,MID,Arsenal,4.0,a,,,,14.3,29,11,1,0,22,0,19.9,13,0.08,0.11,0.03,0.39,29,1,0,5.6,33.8,2026-09-06T15:30:00Z,90,False,6,0,0,0,0,3,0,1465517,1,1,2,2.0,5,-227106,21785,248891,75,True,0,5,6,1,0,3
Adam Smith,DEF,Bournemouth,1.0,a,,,,0.1,391,141,0,0,3,0,25.3,64,0.04,0.05,0.01,0.71,27,2,0,3.9,9.6,2026-09-05T11:30:00Z,90,False,17,0,0,0,0,3,0,13869,1,2,2,4.0,0,-461,1630,2091,45,False,1,3,4,6,1,3
Lucas Digne,DEF,Aston Villa,0.0,u,Has joined Paris Saint-Germain permanently,0,0,0.1,478,170,0,0,0,0,0.0,30,0.00,0.00,0.00,0.00,25,0,0,0.0,0.0,2026-09-05T16:30:00Z,0,False,11,0,0,0,0,3,0,6725,0,0,0,0.0,0,-2071,0,2071,45,False,0,0,0,0,0,3
Marcus Bettinelli,GK,Man City,0.0,a,,,,0.0,541,61,0,0,0,0,0.0,386,0.00,0.00,0.00,0.00,26,0,0,0.0,0.0,2026-09-05T14:00:00Z,0,False,7,0,0,0,0,3,0,2867,0,0,1,0.0,0,-201,172,373,45,True,0,0,0,0,0,3
Joao Gomes,MID,Aston Villa,0.0,s,Suspended until 19 Sep,0,0,0.0,513,212,0,0,0,0,0.0,54,0.00,0.00,0.00,0.00,25,0,0,0.0,0.0,2026-09-05T16:30:00Z,0,False,11,0,0,0,0,3,0,4112,0,0,0,0.0,0,-1095,90,1185,55,False,0,0,0,0,0,3
Chido Obi,FWD,Man Utd,0.0,a,,,,1.2,172,26,0,0,0,0,0.0,441,0.00,0.00,0.00,0.00,30,0,0,0.0,0.0,2026-09-06T13:00:00Z,0,False,9,0,0,0,0,3,0,125871,0,2,2,0.0,0,3280,19118,15838,45,False,0,0,0,0,0,3
Justin Kluivert,MID,Bournemouth,3.0,a,,,,1.1,186,59,0,0,6,0,2.0,70,0.01,0.07,0.06,0.48,27,1,0,0.2,0.0,2026-09-05T11:30:00Z,75,False,17,0,0,0,0,3,0,113173,1,2,2,3.0,1,-12692,10830,23522,60,False,1,0,4,3,1,3
Tom Heaton,GK,Man Utd,0.0,i,Hamstring injury - Unknown return date,0,0,0.1,447,50,0,0,0,0,0.0,414,0.00,0.00,0.00,0.00,30,0,0,0.0,0.0,2026-09-06T13:00:00Z,0,False,9,0,0,0,0,3,0,8868,0,2,2,0.0,0,-342,634,976,40,False,0,0,0,0,0,3
Wilson Isidor,FWD,Sunderland,4.5,a,,,,1.1,188,28,1,0,15,0,0.3,553,0.01,0.11,0.10,0.45,22,0,0,1.1,0.2,2026-09-05T14:00:00Z,26,False,4,0,0,0,0,3,0,116229,0,1,1,10.0,4,21273,35830,14557,55,False,0,0,2,2,0,3
Kosta Nedeljkovic,DEF,Aston Villa,0.0,u,Has joined Rangers on loan for the rest of the season,0,0,0.2,351,129,0,0,0,0,0.0,39,0.00,0.00,0.00,0.00,25,0,0,0.0,0.0,2026-09-05T16:30:00Z,0,False,11,0,0,0,0,3,0,17687,0,0,0,0.0,0,-3988,0,3988,40,False,0,0,0,0,0,3
Joe Gomez,DEF,Liverpool,0.0,i,Muscular injury - Unknown return date,0,0,0.0,582,197,0,0,0,0,0.0,359,0.00,0.00,0.00,0.00,21,0,0,0.0,0.0,2026-09-04T19:00:00Z,0,False,12,0,0,0,0,3,0,1465,0,2,0,0.0,0,-255,70,325,50,False,0,0,0,0,0,3
Daizen Maeda,MID,Ipswich Town,2.0,a,,,,0.3,293,99,0,0,9,0,0.1,562,0.00,0.04,0.04,0.62,21,2,0,2.5,8.2,2026-09-04T19:00:00Z,65,False,14,0,0,0,0,3,0,32352,1,2,0,17.0,2,-4936,903,5839,55,True,0,2,5,1,2,3
Jonah Kusi-Asare,FWD,Fulham,0.0,a,,,,6.6,62,9,0,0,0,0,0.0,272,0.00,0.00,0.00,0.00,24,0,0,0.0,0.0,2026-09-05T14:00:00Z,0,False,8,0,0,0,0,3,0,689011,0,3,2,0.0,0,-11359,60586,71945,45,True,0,0,0,0,0,3
Mateo Joseph Fernández-Regatillo,FWD,Leeds,0.0,i,Knee injury - Unknown return date,0,0,0.1,490,66,0,0,0,0,0.0,349,0.00,0.00,0.00,0.00,23,0,0,0.0,0.0,2026-09-05T14:00:00Z,0,False,5,0,0,0,0,3,0,5679,0,1,1,0.0,0,-135,947,1082,45,False,0,0,0,0,0,3
Jens Hjertø-Dahl,MID,Hull City,0.0,a,,,,0.1,476,190,0,0,4,0,0.0,574,0.00,0.00,0.00,0.00,25,0,0,0.0,0.0,2026-09-05T16:30:00Z,8,False,2,0,0,0,0,3,0,6691,0,0,0,0.0,1,-1139,321,1460,50,True,0,0,1,1,0,3
Granit Xhaka,MID,Sunderland,7.5,a,,,,4.6,81,26,0,0,12,0,20.5,544,0.12,0.18,0.06,1.21,22,1,0,3.9,15.2,2026-09-05T14:00:00Z,90,False,4,0,0,0,0,3,0,475519,1,1,1,3.0,3,-1951,45125,47076,55,False,1,4,15,9,2,3
Dan Bentley,GK,Coventry City,1.0,a,,,,0.2,338,38,0,0,0,0,0.0,623,0.00,0.00,0.00,0.00,26,0,0,0.0,0.0,2026-09-05T14:00:00Z,0,False,15,0,0,0,0,3,0,29804,0,0,1,0.0,0,17253,20080,2827,40,False,0,0,0,0,0,3
Kim Ji-soo,DEF,Brentford,0.0,a,,,,0.0,567,194,0,0,0,0,0.0,92,0.00,0.00,0.00,0.00,22,0,0,0.0,0.0,2026-09-05T14:00:00Z,0,False,20,0,0,0,0,3,0,1937,0,1,1,0.0,0,-133,151,284,45,True,0,0,0,0,0,3
Callum Hudson-Odoi,MID,Nott'm Forest,0.5,a,,100,100,0.2,344,126,0,0,0,0,0.0,482,0.00,0.00,0.00,0.00,28,0,0,0.0,0.0,2026-09-05T14:00:00Z,0,False,19,0,0,0,0,3,0,19189,0,0,0,0.0,0,-3315,1609,4924,59,True,0,0,0,0,0,3
Antonee Robinson,DEF,Fulham,1.5,a,,,,1.6,143,60,0,0,7,0,24.8,254,0.10,0.18,0.08,1.97,24,3,0,4.8,14.6,2026-09-05T14:00:00Z,78,False,8,0,0,0,0,3,0,173615,1,3,2,9.0,1,-2176,15006,17182,45,True,0,3,5,5,2,3
Wes Burns,MID,Ipswich Town,0.0,u,Has joined Leicester City permanently,0,0,0.0,630,274,0,0,0,0,0.0,311,0.00,0.00,0.00,0.00,21,0,0,0.0,0.0,2026-09-04T19:00:00Z,0,False,14,0,0,0,0,3,0,278,0,2,0,0.0,0,-88,0,88,50,True,0,0,0,0,0,3
Ibrahim Mbaye,MID,Aston Villa,2.2,a,,,,0.0,525,217,0,0,0,0,0.0,631,0.00,0.00,0.00,0.00,25,0,0,0.0,0.0,2026-09-05T16:30:00Z,0,False,11,0,0,0,0,3,0,4421,0,0,0,0.0,0,3426,4056,630,60,False,0,0,0,0,0,3
Jeremy Jacquet,DEF,Liverpool,2.0,a,,100,100,2.6,111,45,0,0,28,1,12.5,362,0.03,0.03,0.00,0.75,21,0,0,3.7,22.8,2026-09-04T19:00:00Z,90,False,12,0,0,0,0,3,0,277052,1,2,0,2.0,5,16306,56823,40517,50,False,1,6,9,3,3,3
Nico Elvedi,DEF,Leeds,0.5,a,,,,0.0,540,186,0,0,12,0,21.1,598,0.57,0.57,0.00,2.19,23,1,0,5.5,27.6,2026-09-05T14:00:00Z,90,False,5,0,0,0,0,3,0,2951,1,1,1,6.0,4,201,729,528,45,False,0,10,10,0,0,3
Marco Palestra,DEF,Chelsea,0.0,d,Unspecified injury - 75% chance of playing,75,75,1.3,161,65,0,0,0,0,0.0,152,0.00,0.00,0.00,0.00,29,0,0,0.0,0.0,2026-09-06T15:30:00Z,0,False,1,0,0,0,0,3,0,121873,0,1,2,0.0,0,-79182,821,80003,54,False,0,0,0,0,0,3
Cameron Humphreys,MID,Ipswich Town,0.0,u,Has joined Huddersfield Town on loan for the rest of the season,,0,0.0,511,210,0,0,0,0,0.0,602,0.00,0.00,0.00,0.00,21,0,0,0.0,0.0,2026-09-04T19:00:00Z,0,False,14,0,0,0,0,3,0,4148,0,2,0,0.0,0,382,1586,1204,45,True,0,0,0,0,0,3
Cathal McCarthy,DEF,Hull City,0.0,a,,,,0.1,437,155,0,0,0,0,0.0,284,0.00,0.00,0.00,0.00,25,0,0,0.0,0.0,2026-09-05T16:30:00Z,0,False,2,0,0,0,0,3,0,9409,0,0,0,0.0,0,295,1507,1212,40,True,0,0,0,0,0,3
Roméo Lavia,MID,Chelsea,4.0,a,,,,0.2,343,125,0,0,7,0,1.5,161,0.01,0.01,0.00,1.91,29,2,0,0.7,5.8,2026-09-06T15:30:00Z,59,False,1,0,0,0,0,3,0,20847,1,1,2,0.0,1,9966,13724,3758,50,False,0,2,6,3,1,3
Rodrigo Bentancur,MID,Spurs,1.5,a,,,,0.2,352,129,0,0,14,1,3.3,516,0.01,0.03,0.02,0.92,28,0,0,2.8,18.4,2026-09-05T14:00:00Z,90,False,18,0,0,0,0,3,0,17786,1,0,0,6.0,5,-1789,831,2620,55,False,0,11,17,5,1,3
Enzo Le Fée,MID,Sunderland,2.5,a,,,,5.8,65,22,0,1,25,0,3.7,542,0.03,0.87,0.84,1.21,22,1,1,6.8,40.0,2026-09-05T14:00:00Z,90,False,4,0,0,0,0,3,0,564317,1,1,1,24.0,8,-256530,7320,263850,59,False,0,0,6,2,4,3
Murillo Costa dos Santos,DEF,Nott'm Forest,2.5,a,,100,100,1.5,149,62,0,0,25,1,1.2,472,0.00,0.17,0.17,1.06,28,0,0,2.9,17.8,2026-09-05T14:00:00Z,89,False,19,0,0,0,0,3,0,160118,1,0,0,10.0,8,-10492,9660,20152,55,True,0,6,10,4,4,3
Ryan McAidoo,MID,Man City,1.0,a,,,,0.1,441,176,0,0,5,0,0.0,621,0.00,0.00,0.00,0.02,26,0,0,0.7,5.2,2026-09-05T14:00:00Z,3,False,7,0,0,0,0,3,0,9526,0,0,1,2.0,1,4752,6678,1926,45,True,0,0,4,2,2,3
Lewis Miley,MID,Newcastle,3.0,a,,100,100,0.1,456,181,0,0,11,0,1.1,459,0.02,0.02,0.00,1.33,27,2,0,0.6,3.2,2026-09-05T11:30:00Z,62,False,3,0,0,0,0,3,0,8538,1,2,2,2.0,2,629,2211,1582,55,True,0,1,4,3,0,3
Levi Samuels Colwill,DEF,Chelsea,0.5,a,,,,1.2,168,68,0,0,0,0,0.0,149,0.00,0.00,0.00,0.00,29,0,0,0.0,0.0,2026-09-06T15:30:00Z,0,False,1,0,0,0,0,3,0,124492,0,1,2,0.0,0,-25878,7720,33598,50,False,0,0,0,0,0,3
Pau Torres,DEF,Aston Villa,1.0,a,,,,0.4,265,98,0,0,0,0,0.0,34,0.00,0.00,0.00,0.00,25,0,0,0.0,0.0,2026-09-05T16:30:00Z,0,False,11,0,0,0,0,3,0,46943,0,0,0,0.0,0,919,5255,4336,45,False,0,0,0,0,0,3
Kaden Braithwaite,DEF,Man City,1.0,a,,,,0.1,395,142,0,0,0,0,0.0,622,0.00,0.00,0.00,0.00,26,0,0,0.0,0.0,2026-09-05T14:00:00Z,0,False,7,0,0,0,0,3,0,14144,0,0,1,0.0,0,7079,9284,2205,40,True,0,0,0,0,0,3
Mats Wieffer,DEF,Brighton,3.5,i,Knee injury - Unknown return date,,0,0.5,255,97,0,0,0,0,0.0,130,0.00,0.00,0.00,0.00,23,0,0,0.0,0.0,2026-09-05T14:00:00Z,0,False,13,0,0,0,0,3,0,46414,0,1,1,0.0,0,-473,12362,12835,50,True,0,0,0,0,0,3
Igor Thiago Nascimento Rodrigues,FWD,Brentford,1.0,a,,,,14.2,30,6,0,0,9,0,1.4,106,0.01,0.51,0.50,1.71,22,1,0,6.0,16.0,2026-09-05T14:00:00Z,90,False,20,0,0,0,0,3,0,1462107,1,1,1,43.0,2,-240730,72058,312788,80,True,0,3,6,2,1,3
Harvey Barnes,MID,Newcastle,2.5,a,,,,1.1,179,57,1,2,37,0,2.8,453,0.03,0.14,0.11,1.37,27,2,1,5.9,33.0,2026-09-05T11:30:00Z,90,False,3,0,0,0,0,3,0,122479,1,2,2,23.0,12,2446,25187,22741,60,True,0,2,6,4,0,3
Shea Charles,MID,Fulham,1.0,a,,,,0.1,459,183,0,0,18,0,35.2,580,0.09,0.09,0.00,1.97,24,3,0,5.6,12.4,2026-09-05T14:00:00Z,78,False,8,0,0,0,0,3,0,7900,1,3,2,8.0,2,-910,334,1244,50,True,0,3,11,8,0,3
Bradley Barcola,MID,Liverpool,2.8,a,,,,1.2,169,52,0,0,5,0,10.5,627,0.07,0.07,0.00,0.17,21,0,0,1.6,3.0,2026-09-04T19:00:00Z,26,False,12,0,0,0,0,3,0,145340,0,2,0,2.0,1,116172,135788,19616,80,False,0,0,0,0,0,3
Sven Botman,DEF,Newcastle,4.0,a,,,,0.7,234,85,0,0,3,0,0.9,447,0.16,0.16,0.00,1.37,27,2,0,3.1,26.0,2026-09-05T11:30:00Z,90,False,3,0,0,0,0,3,0,69972,1,2,2,4.0,1,8611,15452,6841,50,True,0,8,9,3,1,3
Nordi Mukiele,DEF,Sunderland,4.5,a,,100,100,2.4,115,47,0,0,16,0,5.0,533,0.02,0.02,0.00,1.21,22,1,0,3.7,32.4,2026-09-05T14:00:00Z,90,False,4,0,0,0,0,3,0,247977,1,1,1,0.0,4,-3387,21418,24805,55,False,0,10,14,6,4,3
Caleb Yirenkyi,MID,Coventry City,2.0,a,,,,0.2,340,124,0,0,4,0,0.3,575,0.00,0.00,0.00,0.95,26,0,0,0.1,1.0,2026-09-05T14:00:00Z,27,False,15,0,0,0,0,3,0,20321,0,0,1,0.0,1,-3438,778,4216,50,False,0,2,6,4,0,3
Jan Paul van Hecke,DEF,Spurs,1.0,a,,,,7.3,58,22,0,2,29,1,12.8,112,0.01,0.10,0.09,0.92,28,0,0,4.0,16.6,2026-09-05T14:00:00Z,90,False,18,0,0,0,0,3,0,733037,1,0,0,11.0,8,-198387,21192,219579,49,False,0,3,4,4,1,3
Alexander Isak,FWD,Liverpool,5.0,a,,,,17.0,23,4,0,3,61,1,6.4,379,0.05,0.26,0.21,0.58,21,0,2,10.7,67.0,2026-09-04T19:00:00Z,63,False,12,0,0,0,0,3,0,1811350,1,2,0,34.0,13,-25262,181587,206849,90,False,0,1,3,2,0,3
Luka Vušković,DEF,Brighton,3.0,a,,,,2.3,117,49,0,2,27,0,1.8,504,0.01,0.20,0.19,2.49,23,1,1,9.8,56.2,2026-09-05T14:00:00Z,90,False,13,0,0,0,0,3,0,244648,1,1,1,40.0,12,-9735,22843,32578,50,True,0,8,10,4,2,3
Max Alleyne,DEF,Man City,0.0,u,Has joined Burnley on loan for the rest of the season,0,0,0.0,618,206,0,0,0,0,0.0,394,0.00,0.00,0.00,0.00,26,0,0,0.0,0.0,2026-09-05T14:00:00Z,0,False,7,0,0,0,0,3,0,589,0,0,1,0.0,0,-142,0,142,50,True,0,0,0,0,0,3
Triston Rowe,DEF,Aston Villa,0.0,a,,,,0.2,355,131,0,0,0,0,0.0,606,0.00,0.00,0.00,0.00,25,0,0,0.0,0.0,2026-09-05T16:30:00Z,0,False,11,0,0,0,0,3,0,18767,0,0,0,0.0,0,4717,6400,1683,40,False,0,0,0,0,0,3
Mikel Merino Zazón,MID,Arsenal,1.0,a,,,,0.5,254,85,0,0,0,0,1.1,17,0.00,0.00,0.00,0.11,29,0,0,0.1,0.0,2026-09-06T15:30:00Z,13,False,6,0,0,0,0,3,0,51449,0,1,2,0.0,0,-10808,3061,13869,59,True,1,0,0,0,0,3
Abdukodir Khusanov,DEF,Man City,2.0,a,,,,1.6,144,61,0,0,22,1,3.9,393,0.02,0.02,0.00,1.37,26,0,0,1.8,13.6,2026-09-05T14:00:00Z,90,False,7,0,0,0,0,3,0,166742,1,0,1,0.0,5,-14491,9792,24283,55,True,1,4,6,4,2,3
Brandon Thomas-Asante,FWD,Coventry City,1.5,a,,,,0.8,213,36,0,0,6,0,0.3,194,0.00,0.00,0.00,0.95,26,0,0,0.5,2.2,2026-09-05T14:00:00Z,19,False,15,0,0,0,0,3,0,84492,0,0,1,2.0,1,-1110,16389,17499,50,False,0,1,3,2,0,3
Nico O'Reilly,DEF,Man City,2.0,a,,,,18.7,18,5,0,0,0,0,0.0,387,0.00,0.00,0.00,0.00,26,0,0,0.0,0.0,2026-09-05T14:00:00Z,0,False,7,0,0,0,0,3,0,1933486,0,0,1,0.0,0,-193787,97243,291030,65,True,0,0,0,0,0,3
Emile Smith Rowe,MID,Fulham,0.5,a,,,,0.3,294,100,0,0,3,0,0.5,262,0.00,0.00,0.00,0.00,24,0,0,0.3,0.2,2026-09-05T14:00:00Z,11,False,8,0,0,0,0,3,0,32334,0,3,2,2.0,1,-5101,1425,6526,55,True,0,0,0,0,0,3
Luca Williams-Barnett,MID,Spurs,0.0,a,,,,0.1,397,153,0,0,0,0,0.0,601,0.00,0.00,0.00,0.00,28,0,0,0.0,0.0,2026-09-05T14:00:00Z,0,False,18,0,0,0,0,3,0,13933,0,0,0,0.0,0,2301,4467,2166,45,False,0,0,0,0,0,3
Jaydee Canvot,DEF,Crystal Palace,0.5,a,,,,0.3,312,115,0,0,4,0,1.9,203,0.00,0.00,0.00,3.14,24,2,0,1.5,13.0,2026-09-05T14:00:00Z,90,False,10,0,0,0,0,3,0,25628,1,3,2,0.0,1,-4057,1708,5765,49,False,0,7,9,2,2,3
Robin Roefs,GK,Sunderland,3.5,a,,,,3.4,95,16,0,0,11,0,0.0,529,0.00,0.00,0.00,1.21,22,1,0,1.3,12.6,2026-09-05T14:00:00Z,90,False,4,0,0,0,0,3,1,342137,1,1,1,0.0,2,-38987,10237,49224,50,False,0,1,0,13,0,3
Óscar Zambrano,MID,Hull City,0.0,i,Thigh injury - Unknown return date,0,0,0.1,436,173,0,0,0,0,0.0,294,0.00,0.00,0.00,0.00,25,0,0,0.0,0.0,2026-09-05T16:30:00Z,0,False,2,0,0,0,0,3,0,9216,0,0,0,0.0,0,-1263,645,1908,45,True,0,0,0,0,0,3
Daniel James,MID,Leeds,0.5,a,,,,0.1,417,165,0,0,0,0,0.0,343,0.00,0.00,0.00,0.00,23,0,0,0.0,0.0,2026-09-05T14:00:00Z,0,False,5,0,0,0,0,3,0,11657,0,1,1,0.0,0,-692,1599,2291,50,False,0,0,0,0,0,3
Illan Meslier,GK,Arsenal,0.0,a,,,,0.0,537,60,0,0,0,0,0.0,3,0.00,0.00,0.00,0.00,29,0,0,0.0,0.0,2026-09-06T15:30:00Z,0,False,6,0,0,0,0,3,0,3143,0,1,2,0.0,0,-287,172,459,50,True,0,0,0,0,0,3
Curtis Jones,MID,Liverpool,0.0,u,Has joined Internazionale permanently,75,0,0.0,539,223,0,0,0,0,0.0,373,0.00,0.00,0.00,0.00,21,0,0,0.0,0.0,2026-09-04T19:00:00Z,0,False,12,0,0,0,0,3,0,2874,0,2,0,0.0,0,-929,1,930,55,False,0,0,0,0,0,3
Rico Henry,DEF,Brentford,0.5,a,,,,0.2,329,123,0,0,0,0,0.0,89,0.00,0.00,0.00,0.00,22,0,0,0.0,0.0,2026-09-05T14:00:00Z,0,False,20,0,0,0,0,3,0,22909,0,1,1,0.0,0,-1641,561,2202,45,True,0,0,0,0,0,3
César Palacios,MID,Fulham,1.5,a,,,,0.2,348,128,0,1,27,0,13.7,570,0.02,0.82,0.80,1.14,24,2,1,9.9,33.8,2026-09-05T14:00:00Z,60,False,8,0,0,0,0,3,0,18435,1,3,2,51.0,8,-2344,1012,3356,55,True,0,0,0,0,0,3
Moisés Caicedo Corozo,MID,Chelsea,0.4,d,Unspecified injury - 75% chance of playing,75,75,1.9,132,41,0,0,0,0,0.0,159,0.00,0.00,0.00,0.00,29,0,0,0.0,0.0,2026-09-06T15:30:00Z,0,False,1,0,0,0,0,3,0,192746,0,1,2,0.0,0,-88920,3231,92151,54,False,0,0,0,0,0,3
Djed Spence,DEF,Spurs,0.0,u,Has joined Internazionale permanently,0,0,0.3,289,108,0,0,0,0,0.0,505,0.00,0.00,0.00,0.00,28,0,0,0.0,0.0,2026-09-05T14:00:00Z,0,False,18,0,0,0,0,3,0,33138,0,0,0,0.0,0,-14294,0,14294,45,False,0,0,0,0,0,3
Dan Burn,DEF,Newcastle,0.0,i,Ankle injury - Expected back 14 Sep,0,0,1.1,182,72,0,0,0,0,0.0,448,0.00,0.00,0.00,0.00,27,0,0,0.0,0.0,2026-09-05T11:30:00Z,0,False,3,0,0,0,0,3,0,114109,0,2,2,0.0,0,-46419,549,46968,49,True,0,0,0,0,0,3
Mykhailo Mudryk,MID,Spurs,0.0,a,,,,0.1,480,192,0,0,3,0,0.1,578,0.00,0.00,0.00,0.16,28,0,0,0.1,0.0,2026-09-05T14:00:00Z,16,False,18,0,0,0,0,3,0,7171,0,0,0,2.0,1,1892,3534,1642,54,False,0,0,0,0,0,3
Harry Maguire,DEF,Man Utd,2.5,a,,,,14.1,31,10,0,0,1,0,1.3,418,0.01,0.01,0.00,1.01,30,2,0,3.0,26.8,2026-09-06T13:00:00Z,90,False,9,0,0,0,0,3,0,1407635,1,2,2,2.0,2,-240933,49780,290713,50,False,1,12,12,2,0,3
Jérémy Doku,MID,Man City,0.0,i,Calf injury - Expected back 5 Sep,0,0,0.9,203,62,0,0,0,0,0.0,400,0.00,0.00,0.00,0.00,26,0,0,0.0,0.0,2026-09-05T14:00:00Z,0,False,7,0,0,0,0,3,0,90983,0,0,1,0.0,0,-33918,453,34371,74,True,0,0,0,0,0,3
Jake O'Brien,DEF,Everton,0.0,a,,,,0.3,283,106,0,0,0,0,0.0,232,0.00,0.00,0.00,0.00,30,0,0,0.0,0.0,2026-09-06T13:00:00Z,0,False,16,0,0,0,0,3,0,35192,0,2,2,0.0,0,-7511,929,8440,49,True,0,0,0,0,0,3
Antoni Milambo,MID,Brentford,0.0,i,Knee injury - Unknown return date,0,0,0.0,643,283,0,0,0,0,0.0,99,0.00,0.00,0.00,0.00,22,0,0,0.0,0.0,2026-09-05T14:00:00Z,0,False,20,0,0,0,0,3,0,190,0,1,1,0.0,0,-8,34,42,50,True,0,0,0,0,0,3
Florian Wirtz,MID,Liverpool,3.0,a,,,,10.0,41,16,0,0,14,1,34.0,366,0.05,0.23,0.18,0.65,21,0,0,6.3,6.6,2026-09-04T19:00:00Z,90,False,12,0,0,0,0,3,0,1044657,1,2,0,22.0,3,-121349,69030,190379,75,False,0,0,4,4,0,3
Rio Cardines,DEF,Crystal Palace,0.0,u,Has joined Bristol City on loan for the rest of the season,0,0,0.0,645,214,0,0,0,0,0.0,220,0.00,0.00,0.00,0.00,24,0,0,0.0,0.0,2026-09-05T14:00:00Z,0,False,10,0,0,0,0,3,0,151,0,3,2,0.0,0,-39,0,39,45,False,0,0,0,0,0,3
Tarik Muharemović,DEF,Leeds,5.0,a,,,,3.2,101,39,0,0,10,0,0.8,334,0.01,0.01,0.00,2.19,23,1,0,3.2,29.2,2026-09-05T14:00:00Z,90,False,5,0,0,0,0,3,0,326555,1,1,1,2.0,4,-2089,40504,42593,50,False,0,12,13,2,1,3
Ryan Yates,MID,Nott'm Forest,0.0,a,,100,100,1.5,151,44,0,0,0,0,0.0,489,0.00,0.00,0.00,0.00,28,0,0,0.0,0.0,2026-09-05T14:00:00Z,0,False,19,0,0,0,0,3,0,152628,0,0,0,0.0,0,-864,17319,18183,45,True,0,0,0,0,0,3
Gustavo Hamer,MID,Coventry City,1.0,a,,,,0.1,412,160,0,0,1,0,0.0,584,0.00,0.00,0.00,0.00,26,0,0,0.0,0.0,2026-09-05T14:00:00Z,5,False,15,0,0,0,0,3,0,11896,0,0,1,0.0,1,-2126,153,2279,55,False,0,0,2,1,1,3
Victor Munoz,MID,Liverpool,5.0,a,,,,1.3,159,48,0,0,9,1,4.3,377,0.02,0.02,0.00,0.58,21,0,0,1.1,0.8,2026-09-04T19:00:00Z,63,False,12,0,0,0,0,3,0,147326,1,2,0,6.0,3,60010,83211,23201,65,False,0,0,4,4,0,3
Anan Khalaili,DEF,Crystal Palace,1.5,a,,,,0.1,401,145,0,0,6,0,2.3,588,0.01,0.73,0.72,3.14,24,2,0,3.2,21.6,2026-09-05T14:00:00Z,90,False,10,0,0,0,0,3,0,13924,1,3,2,8.0,3,2499,4048,1549,50,False,0,7,10,3,3,3
Matheus França de Oliveira,MID,Crystal Palace,0.0,a,,,,0.0,549,226,0,0,0,0,0.0,217,0.00,0.00,0.00,0.00,24,0,0,0.0,0.0,2026-09-05T14:00:00Z,0,False,10,0,0,0,0,3,0,2633,0,3,2,0.0,0,-173,933,1106,49,False,0,0,0,0,0,3
José María Andrés Baixauli,MID,Brighton,2.0,a,,,,0.0,633,276,0,0,0,0,0.0,639,0.00,0.00,0.00,0.00,23,0,0,0.0,0.0,2026-09-05T14:00:00Z,0,False,13,0,0,0,0,3,0,345,0,1,1,0.0,0,219,261,42,55,True,0,0,0,0,0,3
Juanlu Sánchez,DEF,Bournemouth,0.0,a,,,,0.2,342,127,0,0,0,0,0.0,573,0.00,0.00,0.00,0.00,27,0,0,0.0,0.0,2026-09-05T11:30:00Z,0,False,17,0,0,0,0,3,0,19900,0,2,2,0.0,0,-1920,369,2289,45,False,0,0,0,0,0,3
Saša Lukić,MID,Ipswich Town,3.0,a,,,,0.1,416,164,0,0,13,0,14.2,267,0.02,0.02,0.00,0.69,21,2,0,2.5,10.4,2026-09-04T19:00:00Z,90,False,14,0,0,0,0,3,0,11933,1,2,0,0.0,2,-997,809,1806,50,True,0,1,4,2,1,3
Kenny Tete,DEF,Fulham,0.0,a,,,,0.2,326,120,0,0,0,0,0.0,256,0.00,0.00,0.00,0.00,24,0,0,0.0,0.0,2026-09-05T14:00:00Z,0,False,8,0,0,0,0,3,0,23617,0,3,2,0.0,0,-2586,430,3016,45,True,0,0,0,0,0,3
Djiamgone Jocelin Ta Bi,MID,Sunderland,0.0,a,,,,0.0,617,264,0,0,0,0,0.0,550,0.00,0.00,0.00,0.00,22,0,0,0.0,0.0,2026-09-05T14:00:00Z,0,False,4,0,0,0,0,3,0,602,0,1,1,0.0,0,-21,80,101,50,False,0,0,0,0,0,3
Cody Drameh,DEF,Hull City,1.0,u,Has joined Genoa permanently,100,0,0.1,474,169,0,0,0,0,0.0,281,0.00,0.00,0.00,0.00,25,0,0,0.0,0.0,2026-09-05T16:30:00Z,0,False,2,0,0,0,0,3,0,6824,0,0,0,0.0,0,-663,1010,1673,40,True,0,0,0,0,0,3
Freddie Woodman,GK,Liverpool,0.0,a,,,,1.1,185,29,0,0,0,0,0.0,352,0.00,0.00,0.00,0.00,21,0,0,0.0,0.0,2026-09-04T19:00:00Z,0,False,12,0,0,0,0,3,0,114962,0,2,0,0.0,0,280,8227,7947,40,False,0,0,0,0,0,3
Norberto Bercique Gomes Betuncal,FWD,Everton,1.0,u,Has joined Fiorentina permanently,,0,1.6,145,22,0,0,0,0,0.0,248,0.00,0.00,0.00,0.00,30,0,0,0.0,0.0,2026-09-06T13:00:00Z,0,False,16,0,0,0,0,3,0,153951,0,2,2,0.0,0,-73618,8513,82131,54,True,0,0,0,0,0,3
Jay Dasilva,DEF,Coventry City,1.5,a,,,,0.8,220,82,0,0,10,0,14.9,176,0.08,0.08,0.00,2.12,26,1,0,3.7,21.8,2026-09-05T14:00:00Z,84,False,15,0,0,0,0,3,0,79293,1,0,1,0.0,2,-4522,2664,7186,40,False,0,5,7,3,2,3
Jaouen Hadjam,DEF,Brighton,1.8,a,,,,0.0,517,178,0,0,0,0,0.0,614,0.00,0.00,0.00,0.00,23,0,0,0.0,0.0,2026-09-05T14:00:00Z,0,False,13,0,0,0,0,3,0,4150,0,1,1,0.0,0,1310,1795,485,45,True,0,0,0,0,0,3
Emersonn Correia da Silva,FWD,Ipswich Town,5.0,a,,,100,1.6,146,23,0,0,8,0,0.0,316,0.00,0.22,0.22,0.62,21,2,0,1.1,3.2,2026-09-04T19:00:00Z,65,False,14,0,0,0,0,3,0,167319,1,2,0,8.0,2,-30504,20740,51244,55,True,0,1,3,1,1,3
Kristoffer Ajer,DEF,Brentford,5.5,a,,,,5.4,68,28,0,0,8,0,0.3,87,0.00,0.00,0.00,1.71,22,1,0,1.2,11.8,2026-09-05T14:00:00Z,90,False,20,0,0,0,0,3,0,610187,1,1,1,0.0,2,112523,174453,61930,45,True,0,5,5,2,0,3
Zach Abbott,DEF,Nott'm Forest,0.0,u,Has joined Southampton on loan for the rest of the season,,0,0.2,327,121,0,0,0,0,0.0,477,0.00,0.00,0.00,0.00,28,0,0,0.0,0.0,2026-09-05T14:00:00Z,0,False,19,0,0,0,0,3,0,22912,0,0,0,0.0,0,-2802,1463,4265,40,True,0,0,0,0,0,3
Carlos Alcaraz Durán,MID,Everton,0.5,a,,,,0.1,446,177,0,0,0,0,0.0,243,0.00,0.00,0.00,0.00,30,0,0,0.0,0.0,2026-09-06T13:00:00Z,0,False,16,0,0,0,0,3,0,8638,0,2,2,0.0,0,-1124,815,1939,50,True,0,0,0,0,0,3
Malick Fofana,MID,Sunderland,2.0,a,,,,0.0,568,234,0,0,3,0,0.5,646,0.00,0.00,0.00,0.39,22,0,0,0.1,0.0,2026-09-05T14:00:00Z,16,False,4,0,0,0,0,3,0,2246,0,1,1,0.0,1,1832,2071,239,55,False,0,0,0,0,0,3
Eberechi Eze,MID,Arsenal,1.0,a,,,,1.4,152,45,0,0,0,0,0.0,14,0.00,0.00,0.00,0.00,29,0,0,0.0,0.0,2026-09-06T15:30:00Z,0,False,6,0,0,0,0,3,0,146059,0,1,2,0.0,0,-32301,8271,40572,64,True,0,0,0,0,0,3
Josh Dasilva,MID,Brentford,0.0,a,,,,0.0,556,229,0,0,0,0,0.0,103,0.00,0.00,0.00,0.00,22,0,0,0.0,0.0,2026-09-05T14:00:00Z,0,False,20,0,0,0,0,3,0,2280,0,1,1,0.0,0,-369,180,549,50,True,0,0,0,0,0,3
Bradley Burrowes,MID,Aston Villa,0.0,a,,,,0.7,229,77,0,0,0,0,0.0,50,0.00,0.00,0.00,0.00,25,0,0,0.0,0.0,2026-09-05T16:30:00Z,0,False,11,0,0,0,0,3,0,72806,0,0,0,0.0,0,-408,8705,9113,45,False,0,0,0,0,0,3
Chuba Akpom,FWD,Ipswich Town,3.0,a,,,,1.0,192,31,0,0,0,0,0.0,320,0.00,0.00,0.00,0.00,21,0,0,0.0,0.0,2026-09-04T19:00:00Z,0,False,14,0,0,0,0,3,0,114005,0,2,0,0.0,0,45434,62654,17220,50,True,0,0,0,0,0,3
Honest Ahanor,DEF,Crystal Palace,1.8,a,,,,0.0,641,212,0,0,0,0,0.0,633,0.00,0.00,0.00,0.00,24,0,0,0.0,0.0,2026-09-05T14:00:00Z,0,False,10,0,0,0,0,3,0,296,0,3,2,0.0,0,185,217,32,45,False,0,0,0,0,0,3
João Pedro Loureiro da Costa,DEF,Brighton,0.5,a,,,,0.0,522,181,0,0,7,0,14.5,119,0.16,0.16,0.00,0.10,23,0,0,2.0,5.8,2026-09-05T14:00:00Z,12,False,13,0,0,0,0,3,0,3762,0,1,1,0.0,1,-72,400,472,45,True,0,1,1,0,0,3
Ollie Watkins,FWD,Aston Villa,0.0,u,Has joined Al Hilal permanently,,0,4.5,82,13,0,0,0,0,0.0,55,0.00,0.00,0.00,0.00,25,0,0,0.0,0.0,2026-09-05T16:30:00Z,0,False,11,0,0,0,0,3,0,433685,0,0,0,0.0,0,-305129,4250,309379,78,False,0,0,0,0,0,3
Sindre Walle Egeli,FWD,Ipswich Town,0.5,a,,,,3.4,94,14,0,0,0,0,0.0,321,0.00,0.00,0.00,0.00,21,0,0,0.0,0.0,2026-09-04T19:00:00Z,0,False,14,0,0,0,0,3,0,367243,0,2,0,0.0,0,73544,127698,54154,45,True,0,0,0,0,0,3
Abdul Fatawu,MID,Ipswich Town,3.0,a,,,,0.2,336,123,0,0,14,0,32.9,315,0.15,0.18,0.03,0.69,21,2,0,4.7,10.2,2026-09-04T19:00:00Z,78,False,14,0,0,0,0,3,0,21660,1,2,0,4.0,2,-849,2126,2975,55,True,0,2,6,2,2,3
Ferdi Kadıoğlu,DEF,Brighton,0.0,a,,100,100,2.0,130,54,0,0,8,0,12.5,113,0.01,0.07,0.06,2.40,23,1,0,4.4,12.6,2026-09-05T14:00:00Z,77,False,13,0,0,0,0,3,0,203285,1,1,1,19.0,2,-19909,12724,32633,44,True,0,4,5,2,1,3
Mohamed Belloumi,MID,Hull City,4.5,a,,,,0.8,211,67,0,0,15,1,12.4,286,0.01,0.04,0.03,1.93,25,0,0,4.5,22.8,2026-09-05T16:30:00Z,81,False,2,0,0,0,0,3,0,88726,1,0,0,10.0,5,16123,26562,10439,50,True,0,8,12,1,3,3
Michael Zetterer,GK,Leeds,1.0,a,,,,0.3,302,37,0,0,0,0,0.0,629,0.00,0.00,0.00,0.00,23,0,0,0.0,0.0,2026-09-05T14:00:00Z,0,False,5,0,0,0,0,3,0,37143,0,1,1,0.0,0,11967,13274,1307,40,False,0,0,0,0,0,3
Hugo Larsson,MID,Fulham,1.5,a,,,,0.0,634,277,0,0,3,0,1.3,635,0.22,0.35,0.13,0.00,24,0,0,1.4,3.6,2026-09-05T14:00:00Z,11,False,8,0,0,0,0,3,0,322,0,3,2,9.0,1,261,288,27,50,True,0,0,1,0,1,3
Aurèle Amenda,DEF,Coventry City,1.0,a,,,,0.8,216,80,0,0,4,0,1.3,182,0.34,0.34,0.00,2.12,26,1,0,1.2,4.4,2026-09-05T14:00:00Z,90,False,15,0,0,0,0,3,0,81029,1,0,1,6.0,2,-4953,3124,8077,40,False,0,2,3,6,1,3
Enis Destan,FWD,Hull City,0.0,u,Has joined Konyaspor permanently,0,0,0.3,311,52,0,0,0,0,0.0,298,0.00,0.00,0.00,0.00,25,0,0,0.0,0.0,2026-09-05T16:30:00Z,0,False,2,0,0,0,0,3,0,26020,0,0,0,0.0,0,-5574,0,5574,45,True,0,0,0,0,0,3
Anthony Elanga,MID,Newcastle,8.5,a,,,,10.0,40,15,0,0,8,0,31.8,454,0.23,0.23,0.00,1.33,27,2,0,4.4,8.4,2026-09-05T11:30:00Z,76,False,3,0,0,0,0,3,0,1142637,1,2,2,4.0,1,716203,810672,94469,61,True,1,1,4,1,2,3
Mitoma Kaoru,MID,Brighton,0.0,i,Hamstring injury - Unknown return date,0,0,0.0,523,216,0,0,0,0,0.0,121,0.00,0.00,0.00,0.00,23,0,0,0.0,0.0,2026-09-05T14:00:00Z,0,False,13,0,0,0,0,3,0,3542,0,1,1,0.0,0,-821,130,951,60,True,0,0,0,0,0,3
Ibrahim Osman,MID,Brighton,1.0,a,,,,0.0,570,236,0,0,0,0,0.0,600,0.00,0.00,0.00,0.00,23,0,0,0.0,0.0,2026-09-05T14:00:00Z,0,False,13,0,0,0,0,3,0,1841,0,1,1,0.0,0,30,312,282,50,True,0,0,0,0,0,3
Martin Dubravka,GK,Spurs,0.0,a,,,,18.2,20,4,0,0,0,0,0.0,497,0.00,0.00,0.00,0.00,28,0,0,0.0,0.0,2026-09-05T14:00:00Z,0,False,18,0,0,0,0,3,0,1908726,0,0,0,0.0,0,12181,131012,118831,40,False,0,0,0,0,0,3
Semi Ajayi,DEF,Hull City,10.0,a,,100,100,9.4,46,17,0,0,17,1,0.7,279,0.00,0.00,0.00,1.93,25,0,0,1.2,11.0,2026-09-05T16:30:00Z,90,False,2,0,0,0,0,3,0,1055220,1,0,0,0.0,5,562671,631920,69249,41,True,1,5,6,1,1,3
Patrick Dorgu,MID,Man Utd,0.5,a,,,,0.8,221,71,0,0,3,0,1.3,415,0.01,0.01,0.00,0.36,30,2,0,0.8,4.2,2026-09-06T13:00:00Z,20,False,9,0,0,0,0,3,0,75573,0,2,2,2.0,1,-33546,3139,36685,59,False,0,1,3,1,1,3
Tyler Fredricson,DEF,Man Utd,0.0,u,Has joined Lausanne-Sport permanently,0,0,0.0,575,196,0,0,0,0,0.0,425,0.00,0.00,0.00,0.00,30,0,0,0.0,0.0,2026-09-06T13:00:00Z,0,False,9,0,0,0,0,3,0,1561,0,2,2,0.0,0,-329,0,329,40,False,0,0,0,0,0,3
Pedro Porro Sauceda,DEF,Spurs,0.5,a,,100,100,11.5,35,12,0,1,28,1,35.8,499,0.06,0.09,0.03,0.92,28,0,0,5.5,13.2,2026-09-05T14:00:00Z,90,False,18,0,0,0,0,3,0,1176909,1,0,0,6.0,7,-179795,48390,228185,55,False,0,3,4,3,1,3
Brooke Norton-Cuffy,DEF,Hull City,1.0,a,,,,0.1,408,147,0,0,3,0,0.3,638,0.00,0.00,0.00,0.12,25,0,0,0.5,2.2,2026-09-05T16:30:00Z,26,False,2,0,0,0,0,3,0,17629,0,0,0,2.0,1,5681,6454,773,40,True,0,1,1,2,0,3
Enzo Fernández,MID,Man City,0.5,a,,,,3.3,97,30,0,0,17,1,18.9,155,0.12,0.25,0.13,1.00,26,0,0,4.7,10.2,2026-09-05T14:00:00Z,75,False,7,0,0,0,0,3,0,341334,1,0,1,18.0,3,-101968,30968,132936,69,True,0,1,3,1,1,3
Carlos Baleba,MID,Man Utd,0.0,i,Ankle injury - Expected back 19 Sep,0,0,0.1,376,141,0,0,0,0,0.0,131,0.00,0.00,0.00,0.00,30,0,0,0.0,0.0,2026-09-06T13:00:00Z,0,False,9,0,0,0,0,3,0,14956,0,2,2,0.0,0,-3278,1696,4974,50,False,0,0,0,0,0,3
Pape Matar Sarr,MID,Spurs,0.0,u,Has joined Juventus on loan for the rest of the season,0,0,0.2,369,138,0,0,0,0,0.0,518,0.00,0.00,0.00,0.00,28,0,0,0.0,0.0,2026-09-05T14:00:00Z,0,False,18,0,0,0,0,3,0,14992,0,0,0,0.0,0,-1782,4025,5807,49,False,0,0,0,0,0,3
Konstantinos Tzolakis,GK,Hull City,10.0,a,,,,7.9,55,8,0,0,25,1,0.0,572,0.00,0.00,0.00,1.93,25,0,0,1.2,11.6,2026-09-05T16:30:00Z,90,False,2,0,0,0,0,3,1,857252,1,0,0,0.0,6,306909,367782,60873,46,True,0,0,0,10,0,3
Marc Guéhi,DEF,Man City,6.0,a,,,,18.7,17,4,0,2,31,1,9.6,388,0.02,0.02,0.00,1.37,26,0,0,4.0,28.8,2026-09-05T14:00:00Z,90,False,7,0,0,0,0,3,0,1945720,1,0,1,2.0,8,-59173,122887,182060,60,True,0,9,9,6,0,3
Regan Slater,MID,Hull City,4.0,a,,,,4.9,74,24,0,0,10,1,12.3,290,0.01,0.05,0.04,1.93,25,0,0,3.1,10.6,2026-09-05T16:30:00Z,90,False,2,0,0,0,0,3,0,523606,1,0,0,8.0,3,91326,157568,66242,45,True,0,3,6,2,1,3
Daniel Jebbison,FWD,Bournemouth,0.5,a,,,,0.1,444,63,0,0,4,0,0.0,608,0.00,0.00,0.00,0.05,27,0,0,0.0,0.0,2026-09-05T11:30:00Z,1,False,17,0,0,0,0,3,0,9237,0,2,2,0.0,1,2512,4510,1998,50,False,0,0,0,0,0,3
Cédric Kipré,DEF,Ipswich Town,0.0,a,,,,0.5,246,92,0,0,0,0,0.0,303,0.00,0.00,0.00,0.00,21,0,0,0.0,0.0,2026-09-04T19:00:00Z,0,False,14,0,0,0,0,3,0,56159,0,2,0,0.0,0,-4792,632,5424,40,True,0,0,0,0,0,3
Antoine Semenyo,MID,Man City,3.5,a,,,,19.8,13,6,1,0,26,1,45.9,397,0.34,0.39,0.05,1.37,26,0,0,8.0,22.6,2026-09-05T14:00:00Z,90,False,7,0,0,0,0,3,0,2009104,1,0,1,11.0,6,-362493,68628,431121,85,True,0,0,4,3,1,3
Jayden Danns,FWD,Liverpool,0.0,a,,0,100,0.1,487,65,0,0,0,0,0.0,382,0.00,0.00,0.00,0.00,21,0,0,0.0,0.0,2026-09-04T19:00:00Z,0,False,12,0,0,0,0,3,0,7591,0,2,0,0.0,0,1969,2915,946,45,False,0,0,0,0,0,3
Nick Woltemade,FWD,Newcastle,2.0,u,Has joined Juventus on loan for the rest of the season,,0,1.1,189,29,0,0,0,0,0.0,463,0.00,0.00,0.00,0.00,27,0,0,0.0,0.0,2026-09-05T11:30:00Z,0,False,3,0,0,0,0,3,0,103336,0,2,2,0.0,0,-49449,7327,56776,59,True,0,0,0,0,0,3
Lamare Bogarde,MID,Aston Villa,0.5,a,,,,0.1,470,187,0,0,0,0,0.0,35,0.00,0.00,0.00,0.00,25,0,0,0.0,0.0,2026-09-05T16:30:00Z,0,False,11,0,0,0,0,3,0,7284,0,0,0,0.0,0,-311,945,1256,50,False,0,0,0,0,0,3
Wesley Fofana,DEF,Chelsea,0.0,a,,100,100,0.1,471,167,0,0,16,0,22.8,145,0.04,0.04,0.00,2.05,29,2,0,6.3,39.8,2026-09-06T15:30:00Z,90,False,1,0,0,0,0,3,0,7346,1,1,2,0.0,3,1351,2579,1228,50,False,0,14,17,3,3,3
Amario Cozier-Duberry,MID,Brighton,1.5,u,Has joined Middlesbrough on loan for the rest of the season,,0,0.0,649,287,0,0,0,0,0.0,624,0.00,0.00,0.00,0.00,23,0,0,0.0,0.0,2026-09-05T14:00:00Z,0,False,13,0,0,0,0,3,0,111,0,1,1,0.0,0,61,117,56,50,True,0,0,0,0,0,3
Charlie Hughes,DEF,Hull City,0.0,i,Groin injury - Unknown return date,0,0,0.1,438,156,0,0,0,0,0.0,278,0.00,0.00,0.00,0.00,25,0,0,0.0,0.0,2026-09-05T16:30:00Z,0,False,2,0,0,0,0,3,0,9038,0,0,0,0.0,0,-1682,138,1820,40,True,0,0,0,0,0,3
Zian Flemming,FWD,Ipswich Town,1.8,a,,,,0.0,584,75,0,0,4,0,0.5,640,0.01,0.03,0.02,0.06,21,0,0,1.1,3.2,2026-09-04T19:00:00Z,24,False,14,0,0,0,0,3,0,1904,0,2,0,7.0,1,1528,1761,233,55,True,0,0,0,0,0,3
Noah Sadiki,MID,Sunderland,2.5,a,,,,0.3,301,103,0,0,16,0,15.0,545,0.18,0.46,0.28,0.82,22,1,0,7.2,8.8,2026-09-05T14:00:00Z,73,False,4,0,0,0,0,3,0,29609,1,1,1,48.0,1,-3063,1887,4950,50,False,1,0,3,3,0,3
Florentino Ibrain Morris Luís,MID,Ipswich Town,0.0,a,,75,100,0.1,431,170,0,0,0,0,0.0,571,0.00,0.00,0.00,0.00,21,0,0,0.0,0.0,2026-09-04T19:00:00Z,0,False,14,0,0,0,0,3,0,9821,0,2,0,0.0,0,-2128,223,2351,49,True,0,0,0,0,0,3
Simon Adingra,MID,Sunderland,0.0,u,Has joined Ajax on loan for the rest of the season,0,0,0.0,504,206,0,0,0,0,0.0,546,0.00,0.00,0.00,0.00,22,0,0,0.0,0.0,2026-09-05T14:00:00Z,0,False,4,0,0,0,0,3,0,4340,0,1,1,0.0,0,-1749,187,1936,49,False,0,0,0,0,0,3
Yéremy Pino Santos,MID,Crystal Palace,3.0,a,,,,0.2,332,119,1,0,25,0,42.6,211,0.30,0.55,0.25,3.01,24,2,0,5.7,8.0,2026-09-05T14:00:00Z,88,False,10,0,0,0,0,3,0,22762,1,3,2,6.0,5,2869,5451,2582,55,False,0,1,5,3,1,3
Vitaly Janelt,MID,Brentford,5.0,a,,,,0.6,235,80,0,3,30,0,3.1,98,0.01,0.12,0.11,1.71,22,1,1,6.8,48.0,2026-09-05T14:00:00Z,90,False,20,0,0,0,0,3,0,69448,1,1,1,17.0,11,16015,29605,13590,50,True,1,3,12,5,4,3
Luc De Fougerolles,DEF,Fulham,0.0,d,Unspecified injury - 75% chance of playing,75,75,0.1,418,148,0,0,0,0,0.0,610,0.00,0.00,0.00,0.00,24,0,0,0.0,0.0,2026-09-05T14:00:00Z,0,False,8,0,0,0,0,3,0,11771,0,3,2,0.0,0,382,2221,1839,40,True,0,0,0,0,0,3
Joe Willock,MID,Newcastle,4.5,a,,,,0.4,271,90,0,0,6,0,2.2,460,0.01,0.37,0.36,1.33,27,2,0,1.9,6.0,2026-09-05T11:30:00Z,62,False,3,0,0,0,0,3,0,45043,1,2,2,11.0,2,14485,22227,7742,50,True,0,1,3,1,1,3
Myles Lewis-Skelly,MID,Arsenal,3.0,a,,,,0.7,228,76,0,0,5,0,12.7,7,0.10,0.13,0.03,0.26,29,1,0,1.0,0.0,2026-09-06T15:30:00Z,66,False,6,0,0,0,0,3,0,71335,1,1,2,4.0,2,-4641,8849,13490,55,True,0,0,2,2,0,3
Pedro Lomba Neto,MID,Chelsea,4.0,a,,,,1.3,166,51,0,0,10,0,23.8,156,0.03,0.06,0.03,2.05,29,2,0,4.4,6.2,2026-09-06T15:30:00Z,80,False,1,0,0,0,0,3,0,130367,1,1,2,14.0,2,2299,21878,19579,65,False,0,2,7,4,1,3
Benjamin Sesko,FWD,Man Utd,1.0,a,,100,100,1.6,148,24,0,0,28,0,0.2,439,0.00,0.29,0.29,0.36,30,2,1,5.2,31.2,2026-09-06T13:00:00Z,20,False,9,0,0,0,0,3,0,161952,0,2,2,21.0,5,-32919,15581,48500,70,False,0,0,0,0,0,3
Dilane Bakwa,MID,Nott'm Forest,0.0,u,Has joined Lille on loan for the rest of the season,0,0,0.0,610,260,0,0,0,0,0.0,485,0.00,0.00,0.00,0.00,28,0,0,0.0,0.0,2026-09-05T14:00:00Z,0,False,19,0,0,0,0,3,0,761,0,0,0,0.0,0,-532,0,532,55,True,0,0,0,0,0,3
Johan Manzambi,MID,Aston Villa,0.0,i,Knee injury - Unknown return date,0,0,0.1,385,146,0,0,0,0,0.0,53,0.00,0.00,0.00,0.00,25,0,0,0.0,0.0,2026-09-05T16:30:00Z,0,False,11,0,0,0,0,3,0,14230,0,0,0,0.0,0,-4708,341,5049,59,False,0,0,0,0,0,3
Leo Fuhr Hjelde,DEF,Sunderland,0.0,u,Has joined KV Mechelen on loan for the rest of the season,0,0,0.0,505,176,0,0,0,0,0.0,538,0.00,0.00,0.00,0.00,22,0,0,0.0,0.0,2026-09-05T14:00:00Z,0,False,4,0,0,0,0,3,0,4484,0,1,1,0.0,0,-680,0,680,40,False,0,0,0,0,0,3
Ola Aina,DEF,Nott'm Forest,2.5,a,,,,3.1,103,40,0,0,8,0,0.5,473,0.00,0.00,0.00,0.81,28,0,0,1.4,13.0,2026-09-05T14:00:00Z,58,False,19,0,0,0,0,3,0,313105,1,0,0,0.0,1,-30402,20608,51010,45,True,0,2,7,4,5,3
Luke Shaw,DEF,Man Utd,1.5,a,,,,15.8,24,8,1,0,22,0,24.8,423,0.23,0.25,0.02,0.94,30,1,0,7.0,42.4,2026-09-06T13:00:00Z,90,False,9,0,0,0,0,3,0,1575355,1,2,2,3.0,4,-303431,30459,333890,45,False,1,7,8,1,1,3
Jørgen Strand Larsen,FWD,Crystal Palace,1.5,a,,,,0.5,256,42,0,0,4,0,0.8,222,0.00,0.00,0.00,1.54,24,0,0,0.3,2.4,2026-09-05T14:00:00Z,45,False,10,0,0,0,0,3,0,51335,0,3,2,0.0,1,-981,7524,8505,60,False,0,1,4,3,0,3
Nico González Iglesias,MID,Newcastle,1.0,a,,,,0.2,320,114,0,0,11,0,12.4,405,0.01,0.01,0.00,1.33,27,2,0,2.1,6.2,2026-09-05T11:30:00Z,76,False,3,0,0,0,0,3,0,26047,1,2,2,2.0,2,7163,10136,2973,55,True,0,1,7,6,0,3
Matt Targett,DEF,Hull City,0.5,a,,,,2.1,125,52,0,0,0,0,0.0,556,0.00,0.00,0.00,0.00,25,0,0,0.0,0.0,2026-09-05T16:30:00Z,0,False,2,0,0,0,0,3,0,218007,0,0,0,0.0,0,-12694,10419,23113,40,True,0,0,0,0,0,3
Romain Esse,MID,Crystal Palace,0.0,u,Has joined Millwall on loan for the rest of the season,,0,0.0,532,221,0,0,0,0,0.0,216,0.00,0.00,0.00,0.00,24,0,0,0.0,0.0,2026-09-05T14:00:00Z,0,False,10,0,0,0,0,3,0,3105,0,3,2,0.0,0,-965,188,1153,50,False,0,0,0,0,0,3
Mateus Fernandes,MID,Spurs,1.5,a,,,,1.2,170,53,0,0,-1,0,0.4,525,0.00,0.00,0.00,0.04,28,0,0,0.0,0.0,2026-09-05T14:00:00Z,7,False,18,0,0,0,0,3,0,123903,0,0,0,0.0,0,-38063,4942,43005,59,False,1,0,0,0,0,3
Emmanuel Emegha,FWD,Chelsea,0.0,a,,100,100,0.2,371,55,0,0,0,0,0.0,170,0.00,0.00,0.00,0.00,29,0,0,0.0,0.0,2026-09-06T15:30:00Z,0,False,1,0,0,0,0,3,0,15735,0,1,2,0.0,0,-539,2709,3248,50,False,0,0,0,0,0,3
Nobel Mendy,DEF,Hull City,8.0,a,,100,100,5.7,66,26,0,0,22,1,0.6,586,0.00,0.03,0.03,1.81,25,0,0,3.1,16.2,2026-09-05T16:30:00Z,70,False,2,0,0,0,0,3,0,619201,1,0,0,14.0,8,98035,166798,68763,40,True,0,7,10,2,3,3
Alejandro Garnacho Ferreyra,MID,Aston Villa,1.0,a,,,,0.5,263,87,0,0,4,0,1.6,160,0.00,0.00,0.00,0.35,25,0,0,0.3,1.0,2026-09-05T16:30:00Z,15,False,11,0,0,0,0,3,0,46064,0,0,0,0.0,1,-9524,2557,12081,59,False,0,0,0,0,0,3
Morgan Gibbs-White,MID,Nott'm Forest,7.5,a,,100,100,9.9,42,17,0,0,3,1,3.0,480,0.01,0.49,0.48,1.06,28,0,0,2.2,5.6,2026-09-05T14:00:00Z,90,False,19,0,0,0,0,3,0,1065969,1,0,0,13.0,3,102526,215196,112670,79,True,0,0,7,5,2,3
Nicolás Domínguez,MID,Nott'm Forest,0.5,a,,,,0.1,473,188,0,0,0,0,0.0,487,0.00,0.00,0.00,0.00,28,0,0,0.0,0.0,2026-09-05T14:00:00Z,0,False,19,0,0,0,0,3,0,7052,0,0,0,0.0,0,-788,358,1146,50,True,0,0,0,0,0,3
Bryan Mbeumo,MID,Man Utd,6.5,a,,,,27.6,8,4,0,1,29,0,13.7,427,0.03,0.08,0.05,1.01,30,2,1,7.2,39.8,2026-09-06T13:00:00Z,90,False,9,0,0,0,0,3,0,2705759,1,2,2,18.0,8,-752284,92628,844912,80,False,0,4,8,4,0,3
Jayden Bogle,DEF,Leeds,4.0,a,,,,0.5,250,96,0,3,30,1,1.7,330,0.02,0.92,0.90,0.24,23,0,1,7.0,35.4,2026-09-05T14:00:00Z,60,False,5,0,0,0,0,3,0,54984,1,1,1,33.0,14,-432,5089,5521,45,False,1,2,2,0,0,3
Gabriel Gudmundsson,DEF,Leeds,0.0,a,,75,100,0.0,497,173,0,0,9,0,1.2,331,0.00,0.00,0.00,2.19,23,1,0,1.6,12.6,2026-09-05T14:00:00Z,90,False,5,0,0,0,0,3,0,4932,1,1,1,2.0,2,253,644,391,45,False,0,2,5,9,3,3
Robert Lynch Sánchez,GK,Chelsea,1.0,u,Has joined Como on loan for the rest of the season,,0,1.4,157,24,0,0,0,0,0.0,140,0.00,0.00,0.00,0.00,29,0,0,0.0,0.0,2026-09-06T15:30:00Z,0,False,1,0,0,0,0,3,0,130954,0,1,2,0.0,0,-82439,1923,84362,49,False,0,0,0,0,0,3
Jorrel Hato,DEF,Chelsea,2.5,a,,,,0.6,238,88,1,0,5,0,11.2,148,0.02,0.02,0.00,1.91,29,2,0,4.8,34.8,2026-09-06T15:30:00Z,59,False,1,0,0,0,0,3,0,65104,1,1,2,2.0,3,12089,22516,10427,45,False,0,4,6,2,2,3
Bendito Mantato,MID,Man Utd,0.0,a,,,,0.2,347,127,0,0,0,0,0.0,437,0.00,0.00,0.00,0.00,30,0,0,0.0,0.0,2026-09-06T13:00:00Z,0,False,9,0,0,0,0,3,0,18885,0,2,2,0.0,0,-934,1762,2696,45,False,0,0,0,0,0,3
Shumaira Mheuka,FWD,Chelsea,0.0,a,,,,0.4,273,47,0,0,0,0,0.0,169,0.00,0.00,0.00,0.00,29,0,0,0.0,0.0,2026-09-06T15:30:00Z,0,False,1,0,0,0,0,3,0,43546,0,1,2,0.0,0,2681,8439,5758,45,False,0,0,0,0,0,3
Igor Julio dos Santos de Paulo,DEF,Brighton,0.0,u,Has joined Burnley permanently,,0,0.1,466,164,0,0,0,0,0.0,118,0.00,0.00,0.00,0.00,23,0,0,0.0,0.0,2026-09-05T14:00:00Z,0,False,13,0,0,0,0,3,0,7052,0,1,1,0.0,0,-1451,444,1895,45,True,0,0,0,0,0,3
Adrien Truffert,DEF,Bournemouth,2.5,a,,,,3.8,91,35,0,0,-3,0,15.7,61,0.06,0.07,0.01,0.71,27,2,0,2.8,10.2,2026-09-05T11:30:00Z,90,False,17,0,0,0,0,3,0,387734,1,2,2,2.0,0,-30205,11879,42084,55,False,1,3,6,5,3,3
Ben Davies,DEF,Spurs,0.0,a,,,,1.0,199,76,0,0,0,0,0.0,508,0.00,0.00,0.00,0.00,28,0,0,0.0,0.0,2026-09-05T14:00:00Z,0,False,18,0,0,0,0,3,0,98874,0,0,0,0.0,0,-7462,4305,11767,40,False,0,0,0,0,0,3
Tom Watson,MID,Brighton,0.0,u,Has joined Leicester City on loan for the rest of the season,0,0,0.0,647,285,0,0,0,0,0.0,133,0.00,0.00,0.00,0.00,23,0,0,0.0,0.0,2026-09-05T14:00:00Z,0,False,13,0,0,0,0,3,0,139,0,1,1,0.0,0,-46,0,46,50,True,0,0,0,0,0,3
Leon Bailey,MID,Aston Villa,0.0,u,Has joined Olympiakos permanently,,0,0.1,405,157,0,0,0,0,0.0,44,0.00,0.00,0.00,0.00,25,0,0,0.0,0.0,2026-09-05T16:30:00Z,0,False,11,0,0,0,0,3,0,12237,0,0,0,0.0,0,-2630,1094,3724,54,False,0,0,0,0,0,3
Jacob Greaves,DEF,Ipswich Town,0.5,a,,,,1.3,160,64,0,0,6,0,12.3,306,0.04,0.04,0.00,0.69,21,2,0,3.1,15.0,2026-09-04T19:00:00Z,90,False,14,0,0,0,0,3,0,134162,1,2,0,4.0,1,-8595,2678,11273,40,True,0,6,7,3,1,3
Jack Clarke,MID,Ipswich Town,3.5,a,,,,0.2,319,113,0,0,3,0,11.7,313,0.02,0.07,0.05,0.06,21,0,0,1.9,3.4,2026-09-04T19:00:00Z,24,False,14,0,0,0,0,3,0,24744,0,2,0,4.0,1,-4559,1167,5726,55,True,0,1,2,1,0,3
Rodrigo 'Rodri' Hernandez Cascante,MID,Man City,0.0,u,Has joined Barcelona permanently,0,0,0.0,592,249,0,0,0,0,0.0,402,0.00,0.00,0.00,0.00,26,0,0,0.0,0.0,2026-09-05T14:00:00Z,0,False,7,0,0,0,0,3,0,1283,0,0,1,0.0,0,-269,0,269,65,True,0,0,0,0,0,3
Destiny Udogie,DEF,Spurs,1.0,a,,,,0.4,269,99,0,0,16,1,1.3,506,0.02,0.02,0.00,0.49,28,0,0,0.8,4.6,2026-09-05T14:00:00Z,60,False,18,0,0,0,0,3,0,43060,1,0,0,2.0,5,-5660,1127,6787,45,False,1,3,3,1,0,3
Joél Drakes-Thomas,MID,Crystal Palace,0.0,a,,,,0.1,455,180,0,0,0,0,0.0,221,0.00,0.00,0.00,0.00,24,0,0,0.0,0.0,2026-09-05T14:00:00Z,0,False,10,0,0,0,0,3,0,8457,0,3,2,0.0,0,-252,939,1191,45,False,0,0,0,0,0,3
Jeremie Frimpong,DEF,Liverpool,0.5,a,,,,3.0,104,41,0,0,0,0,0.0,357,0.00,0.00,0.00,0.00,21,0,0,0.0,0.0,2026-09-04T19:00:00Z,0,False,12,0,0,0,0,3,0,309643,0,2,0,0.0,0,-45306,25094,70400,55,False,0,0,0,0,0,3
Jean-Philippe Mateta,FWD,Crystal Palace,1.0,i,Hamstring injury - Expected back 11 Oct,,0,2.5,112,17,0,0,0,0,0.0,223,0.00,0.00,0.00,0.00,24,0,0,0.0,0.0,2026-09-05T14:00:00Z,0,False,10,0,0,0,0,3,0,236661,0,3,2,0.0,0,-269301,1227,270528,64,False,0,0,0,0,0,3
Charalampos Kostoulas,FWD,Brighton,3.0,a,,,,0.5,261,45,0,0,9,0,5.3,138,0.02,0.45,0.43,2.49,23,1,0,3.9,9.6,2026-09-05T14:00:00Z,90,False,13,0,0,0,0,3,0,52785,1,1,1,24.0,2,23615,29733,6118,55,True,0,3,8,4,1,3
Milan van Ewijk,DEF,Coventry City,1.5,a,,,,11.8,34,11,0,0,5,0,5.2,175,0.06,0.06,0.00,2.12,26,1,0,2.4,16.8,2026-09-05T14:00:00Z,90,False,15,0,0,0,0,3,0,1209039,1,0,1,2.0,3,-80255,41712,121967,40,False,1,8,11,4,3,3
Bobby Thomas,DEF,Coventry City,5.5,a,,,,8.5,50,18,0,0,19,0,20.8,173,0.17,0.39,0.22,2.12,26,1,0,6.5,20.6,2026-09-05T14:00:00Z,90,False,15,0,0,0,0,3,0,883716,1,0,1,24.0,4,44441,114108,69667,40,False,0,11,12,3,1,3
Mark Travers,GK,Everton,0.0,a,,,,0.0,524,58,0,0,0,0,0.0,227,0.00,0.00,0.00,0.00,30,0,0,0.0,0.0,2026-09-06T13:00:00Z,0,False,16,0,0,0,0,3,0,3563,0,2,2,0.0,0,-276,282,558,50,True,0,0,0,0,0,3
Mike Penders,GK,Chelsea,0.0,a,,,,0.1,477,54,0,0,0,0,0.0,560,0.00,0.00,0.00,0.00,29,0,0,0.0,0.0,2026-09-06T15:30:00Z,0,False,1,0,0,0,0,3,0,6809,0,1,2,0.0,0,-769,363,1132,45,False,0,0,0,0,0,3
Sávio Moreira de Oliveira,MID,Spurs,0.0,d,Muscular injury - 75% chance of playing,,75,0.7,232,79,0,0,15,1,17.3,403,0.27,0.29,0.02,0.49,28,0,0,3.9,6.2,2026-09-05T14:00:00Z,60,False,18,0,0,0,0,3,0,68277,1,0,0,15.0,3,-23670,15136,38806,65,False,0,0,0,0,0,3
Daniel Muñoz Mejía,DEF,Nott'm Forest,0.0,a,,,,6.5,63,25,0,0,5,0,0.8,201,0.00,0.03,0.03,0.26,28,0,0,0.7,2.4,2026-09-05T14:00:00Z,31,False,19,0,0,0,0,3,0,658550,0,0,0,4.0,1,-158458,23260,181718,54,True,0,0,1,0,1,3
Dayann Méthalie,DEF,Sunderland,0.0,a,,0,100,0.0,620,207,0,0,0,0,0.0,612,0.00,0.00,0.00,0.00,22,0,0,0.0,0.0,2026-09-05T14:00:00Z,0,False,4,0,0,0,0,3,0,632,0,1,1,0.0,0,262,362,100,45,False,0,0,0,0,0,3
Calvin Ramsay,DEF,Liverpool,0.0,u,Has joined St Mirren on loan for the rest of the season,0,0,0.1,400,144,0,0,0,0,0.0,365,0.00,0.00,0.00,0.00,21,0,0,0.0,0.0,2026-09-04T19:00:00Z,0,False,12,0,0,0,0,3,0,12989,0,2,0,0.0,0,-5215,0,5215,40,False,0,0,0,0,0,3
Jaden Philogene,MID,Ipswich Town,0.0,i,Ankle injury - Unknown return date,0,0,0.1,434,171,0,0,0,0,0.0,318,0.00,0.00,0.00,0.00,21,0,0,0.0,0.0,2026-09-04T19:00:00Z,0,False,14,0,0,0,0,3,0,9209,0,2,0,0.0,0,-3409,41,3450,54,True,0,0,0,0,0,3
John Egan,DEF,Hull City,8.5,a,,,,5.4,69,29,0,0,18,1,0.1,277,0.00,0.00,0.00,1.93,25,0,0,1.6,15.4,2026-09-05T16:30:00Z,90,False,2,0,0,0,0,3,0,623541,1,0,0,0.0,6,278040,335706,57666,40,True,0,4,7,1,3,3
Tino Livramento,DEF,Newcastle,0.0,i,Calf injury - Unknown return date,0,0,0.0,542,187,0,0,3,0,0.0,450,0.00,0.00,0.00,0.02,27,0,0,0.0,0.2,2026-09-05T11:30:00Z,1,False,3,0,0,0,0,3,0,2841,0,2,2,0.0,1,-745,115,860,49,True,0,0,0,0,0,3
Leo Shahar,DEF,Newcastle,0.0,a,,,,0.3,300,112,0,0,0,0,0.0,609,0.00,0.00,0.00,0.00,27,0,0,0.0,0.0,2026-09-05T11:30:00Z,0,False,3,0,0,0,0,3,0,31239,0,2,2,0.0,0,7555,10871,3316,40,True,0,0,0,0,0,3
Alfie McNally,GK,Fulham,0.0,u,Has joined York City on loan for the rest of the season,,0,0.2,370,43,0,0,0,0,0.0,252,0.00,0.00,0.00,0.00,24,0,0,0.0,0.0,2026-09-05T14:00:00Z,0,False,8,0,0,0,0,3,0,15288,0,3,2,0.0,0,-805,1784,2589,40,True,0,0,0,0,0,3
Benoît Badiashile Mukinayi,DEF,Chelsea,0.0,u,Has joined Napoli on loan for the rest of the season,0,0,0.0,585,198,0,0,0,0,0.0,146,0.00,0.00,0.00,0.00,29,0,0,0.0,0.0,2026-09-06T15:30:00Z,0,False,1,0,0,0,0,3,0,1405,0,1,2,0.0,0,-719,0,719,45,False,0,0,0,0,0,3
Junior Kroupi,MID,Bournemouth,0.0,i,Foot injury - Unknown return date,0,0,0.2,323,116,0,0,0,0,0.0,78,0.00,0.00,0.00,0.00,27,0,0,0.0,0.0,2026-09-05T11:30:00Z,0,False,17,0,0,0,0,3,0,23655,0,2,2,0.0,0,-7714,246,7960,74,False,0,0,0,0,0,3
Bukayo Saka,MID,Arsenal,10.0,a,,,,10.8,37,14,0,0,13,0,27.8,12,0.23,0.46,0.23,0.39,29,1,0,10.8,10.6,2026-09-06T15:30:00Z,89,False,6,0,0,0,0,3,0,1160318,1,1,2,70.0,2,55091,156377,101286,95,True,0,1,4,2,1,3
Callum Wilson,FWD,Brentford,1.0,a,,,,0.4,276,48,0,0,2,0,0.0,108,0.00,0.00,0.00,0.08,22,0,0,0.1,1.0,2026-09-05T14:00:00Z,4,False,20,0,0,0,0,3,0,38790,0,1,1,0.0,1,-1724,5560,7284,55,True,0,1,1,0,0,3
Marcus Rashford,MID,Man Utd,1.5,a,,,,1.6,147,43,0,0,11,1,12.5,429,0.06,0.06,0.00,0.65,30,0,0,2.4,3.8,2026-09-06T13:00:00Z,69,False,9,0,0,0,0,3,0,166436,1,2,2,8.0,3,-15044,22811,37855,70,False,0,0,4,4,0,3
Oscar Bobb,MID,Fulham,2.5,a,,,,0.3,288,96,0,0,17,0,58.8,264,0.65,0.97,0.32,1.97,24,3,0,12.3,11.2,2026-09-05T14:00:00Z,78,False,8,0,0,0,0,3,0,34364,1,3,2,53.0,2,-1360,4635,5995,55,True,0,0,4,4,0,3
Daniel Ballard,DEF,Sunderland,4.0,a,,,,4.0,89,34,0,0,12,0,10.3,532,0.14,0.20,0.06,1.21,22,1,0,4.3,25.0,2026-09-05T14:00:00Z,90,False,4,0,0,0,0,3,0,398900,1,1,1,8.0,4,-79167,15628,94795,50,False,0,8,10,5,2,3
Marco Bizot,GK,Aston Villa,0.5,a,,,,0.1,382,44,0,0,0,0,0.0,29,0.00,0.00,0.00,0.00,25,0,0,0.0,0.0,2026-09-05T16:30:00Z,0,False,11,0,0,0,0,3,0,14920,0,0,0,0.0,0,-69,2306,2375,45,False,0,0,0,0,0,3
Bafodé Diakité,DEF,Bournemouth,0.0,a,,,,0.2,346,128,0,0,0,0,0.0,62,0.00,0.00,0.00,0.00,27,0,0,0.0,0.0,2026-09-05T11:30:00Z,0,False,17,0,0,0,0,3,0,18773,0,2,2,0.0,0,-2153,1710,3863,50,False,0,0,0,0,0,3
Luka Lynch,MID,Aston Villa,0.0,u,Has joined Oxford United on loan until January,,0,0.1,402,155,0,0,0,0,0.0,607,0.00,0.00,0.00,0.00,25,0,0,0.0,0.0,2026-09-05T16:30:00Z,0,False,11,0,0,0,0,3,0,12683,0,0,0,0.0,0,1177,3500,2323,45,False,0,0,0,0,0,3
Diego Coppola,DEF,Brighton,0.0,a,,,,0.0,564,192,0,0,0,0,0.0,117,0.00,0.00,0.00,0.00,23,0,0,0.0,0.0,2026-09-05T14:00:00Z,0,False,13,0,0,0,0,3,0,2029,0,1,1,0.0,0,-35,261,296,45,True,0,0,0,0,0,3
Lucas Estella Perri,GK,Leeds,0.0,u,Has joined Torino on loan for the rest of the season,,0,0.4,264,34,0,0,0,0,0.0,326,0.00,0.00,0.00,0.00,23,0,0,0.0,0.0,2026-09-05T14:00:00Z,0,False,5,0,0,0,0,3,0,45033,0,1,1,0.0,0,-9253,204,9457,45,False,0,0,0,0,0,3
Gabriel Fernando de Jesus,FWD,Arsenal,0.0,u,Has joined FC Barcelona permanently,,0,0.3,309,51,0,0,0,0,0.0,27,0.00,0.00,0.00,0.00,29,0,0,0.0,0.0,2026-09-06T15:30:00Z,0,False,6,0,0,0,0,3,0,26101,0,1,2,0.0,0,-8859,2250,11109,59,True,0,0,0,0,0,3
Tatsuhiro Sakamoto,MID,Coventry City,0.5,a,,,,0.1,448,178,0,0,0,0,0.0,185,0.00,0.00,0.00,0.00,26,0,0,0.0,0.0,2026-09-05T14:00:00Z,0,False,15,0,0,0,0,3,0,8559,0,0,1,0.0,0,-1339,404,1743,49,False,0,0,0,0,0,3
Mathys Tel,MID,Spurs,2.0,a,,,,0.3,292,98,0,0,11,1,20.2,514,0.05,0.05,0.00,0.76,28,0,0,4.7,6.8,2026-09-05T14:00:00Z,73,False,18,0,0,0,0,3,0,30912,1,0,0,20.0,3,-17708,2049,19757,59,False,0,0,2,2,0,3
Benjamin Lecomte,GK,Fulham,0.0,a,,,,1.2,176,26,0,0,0,0,0.0,251,0.00,0.00,0.00,0.00,24,0,0,0.0,0.0,2026-09-05T14:00:00Z,0,False,8,0,0,0,0,3,0,123475,0,3,2,0.0,0,1599,9450,7851,40,True,0,0,0,0,0,3
Liam Delap,FWD,Nott'm Forest,0.5,a,,,,0.8,218,37,0,0,6,1,20.8,167,0.06,0.12,0.06,0.89,28,0,0,2.8,2.4,2026-09-05T14:00:00Z,73,False,19,0,0,0,0,3,0,83350,1,0,0,5.0,2,24969,36946,11977,55,True,0,2,5,3,0,3
Christos Tzolis,MID,Arsenal,3.0,a,,,,19.7,14,7,1,1,31,0,50.0,557,0.20,0.20,0.00,0.39,29,1,0,8.5,30.6,2026-09-06T15:30:00Z,90,False,6,0,0,0,0,3,0,1889271,1,1,2,4.0,5,-601940,91384,693324,65,True,1,2,8,5,1,3
Brandon Austin,GK,Spurs,0.0,a,,,,1.0,197,31,0,0,0,0,0.0,495,0.00,0.00,0.00,0.00,28,0,0,0.0,0.0,2026-09-05T14:00:00Z,0,False,18,0,0,0,0,3,0,104639,0,0,0,0.0,0,3899,9717,5818,40,False,0,0,0,0,0,3
Amad Diallo,MID,Man Utd,0.0,i,Unspecified injury - Unknown return date,0,0,0.5,252,84,0,0,0,0,0.0,431,0.00,0.00,0.00,0.00,30,0,0,0.0,0.0,2026-09-06T13:00:00Z,0,False,9,0,0,0,0,3,0,50069,0,2,2,0.0,0,-42560,243,42803,58,False,0,0,0,0,0,3
Chris Wood,FWD,Nott'm Forest,0.5,a,,,,1.2,171,25,0,0,3,0,0.1,490,0.00,0.00,0.00,0.18,28,0,0,0.0,0.2,2026-09-05T14:00:00Z,16,False,19,0,0,0,0,3,0,121647,0,0,0,0.0,1,-35128,7780,42908,59,True,0,0,0,0,0,3
Kevin Schade,MID,Brentford,6.5,a,,,,4.4,84,27,0,0,11,0,13.3,94,0.17,0.17,0.00,1.71,22,1,0,2.5,4.0,2026-09-05T14:00:00Z,90,False,20,0,0,0,0,3,0,492340,1,1,1,8.0,2,92782,140288,47506,60,True,0,0,5,5,0,3
Andrey Nascimento dos Santos,MID,Man Utd,1.5,a,,,,0.8,214,68,0,0,4,0,0.6,162,0.01,0.01,0.00,0.09,30,1,0,1.4,7.2,2026-09-06T13:00:00Z,6,False,9,0,0,0,0,3,0,83163,0,2,2,6.0,1,-16957,7346,24303,49,False,0,4,4,0,0,3
Matt Grimes,MID,Coventry City,2.0,a,,,,0.2,361,134,0,0,8,0,2.3,184,0.00,0.04,0.04,2.12,26,1,0,2.2,18.6,2026-09-05T14:00:00Z,90,False,15,0,0,0,0,3,0,16127,1,0,1,1.0,2,-3443,481,3924,50,False,0,3,8,0,5,3
George Hemmings,MID,Aston Villa,2.0,a,,,,1.0,194,60,0,0,12,1,13.5,51,0.14,0.21,0.07,0.22,25,0,0,4.5,10.8,2026-09-05T16:30:00Z,74,False,11,0,0,0,0,3,0,110782,1,0,0,21.0,3,21970,36405,14435,45,False,0,2,7,4,1,3
Juan Angulo,FWD,Sunderland,1.0,a,,,,0.2,345,54,0,0,0,0,0.0,651,0.00,0.00,0.00,0.00,22,0,0,0.0,0.0,2026-09-05T14:00:00Z,0,False,4,0,0,0,0,3,0,27023,0,1,1,0.0,0,14103,15939,1836,45,False,0,0,0,0,0,3
Lucas Gourna-Douath,MID,Hull City,0.5,a,,,,0.0,547,225,0,0,7,1,21.6,589,0.01,0.01,0.00,1.93,25,0,0,3.5,13.4,2026-09-05T16:30:00Z,81,False,2,0,0,0,0,3,0,2738,1,0,0,0.0,2,-134,213,347,50,True,1,4,10,5,1,3
Amar Dedic,DEF,Newcastle,6.0,a,,,,3.0,107,43,0,0,3,0,6.4,593,0.02,0.13,0.11,1.37,27,2,0,1.7,0.6,2026-09-05T11:30:00Z,90,False,3,0,0,0,0,3,0,365061,1,2,2,10.0,1,269442,318645,49203,45,True,0,1,1,4,0,3
Marcelino Núñez,MID,Ipswich Town,3.0,a,,,,0.1,390,148,0,0,0,0,0.0,309,0.00,0.00,0.00,0.00,21,0,0,0.0,0.0,2026-09-04T19:00:00Z,0,False,14,0,0,0,0,3,0,13914,0,2,0,0.0,0,-879,1106,1985,50,True,0,0,0,0,0,3
Thimothée Lo-Tutala,GK,Hull City,0.0,u,Has joined Colchester United on loan for the rest of the season,0,0,0.0,543,62,0,0,0,0,0.0,276,0.00,0.00,0.00,0.00,25,0,0,0.0,0.0,2026-09-05T16:30:00Z,0,False,2,0,0,0,0,3,0,2831,0,0,0,0.0,0,-272,0,272,40,True,0,0,0,0,0,3
Matheus Nunes,DEF,Man City,0.4,d,Unspecified injury - 75% chance of playing,75,75,1.0,193,74,0,0,0,0,0.0,389,0.00,0.00,0.00,0.00,26,0,0,0.0,0.0,2026-09-05T14:00:00Z,0,False,7,0,0,0,0,3,0,103772,0,0,1,0.0,0,-37940,479,38419,59,True,0,0,0,0,0,3
Jordan Pickford,GK,Everton,5.0,a,,,,8.6,49,6,0,0,6,0,0.0,226,0.00,0.00,0.00,0.69,30,2,0,0.9,9.2,2026-09-06T13:00:00Z,90,False,16,0,0,0,0,3,1,890933,1,2,2,0.0,1,-25446,56478,81924,55,True,0,0,0,12,0,3
Abdülkadir Ömür,MID,Hull City,0.0,a,,,,0.0,573,238,0,0,0,0,0.0,292,0.00,0.00,0.00,0.00,25,0,0,0.0,0.0,2026-09-05T16:30:00Z,0,False,2,0,0,0,0,3,0,1697,0,0,0,0.0,0,-131,323,454,49,True,0,0,0,0,0,3
Jannik Schuster,DEF,Brentford,0.0,a,,,,0.1,373,136,0,0,11,0,0.2,93,0.01,0.11,0.10,1.61,22,1,0,2.1,17.2,2026-09-05T14:00:00Z,73,False,20,0,0,0,0,3,0,15267,0,1,1,4.0,4,-1306,166,1472,45,True,0,10,10,0,0,3
Jaidon Anthony,MID,Brentford,1.5,a,,,,0.2,365,137,0,0,3,0,2.2,105,0.01,0.06,0.05,1.36,22,1,0,0.4,0.0,2026-09-05T14:00:00Z,45,False,20,0,0,0,0,3,0,16152,0,1,1,3.0,1,-1707,1644,3351,60,True,0,0,4,4,0,3
Noah Okafor,MID,Leeds,1.5,a,,,,0.3,290,97,0,0,9,1,0.6,336,0.01,0.01,0.00,0.24,23,0,0,0.4,1.4,2026-09-05T14:00:00Z,61,False,5,0,0,0,0,3,0,32691,1,1,1,2.0,3,-8372,2519,10891,59,False,0,0,0,0,0,3
Martín Zubimendi Ibáñez,MID,Arsenal,1.0,a,,,,0.8,215,69,0,0,1,0,0.8,19,0.02,0.10,0.08,0.13,29,0,0,1.3,1.4,2026-09-06T15:30:00Z,23,False,6,0,0,0,0,3,0,80922,0,1,2,11.0,1,-16532,3485,20017,54,True,0,4,4,0,0,3
Maxence Lacroix,DEF,Chelsea,3.5,a,,,,8.2,52,20,0,0,3,0,1.3,200,0.01,0.01,0.00,2.05,29,2,0,2.9,26.0,2026-09-06T15:30:00Z,90,False,1,0,0,0,0,3,0,839049,1,1,2,2.0,2,-117331,32879,150210,60,False,1,9,11,2,2,3
Josh King,MID,Fulham,4.5,a,,,,0.7,225,73,0,3,38,0,26.0,268,0.27,0.58,0.31,1.97,24,3,1,10.5,44.6,2026-09-05T14:00:00Z,90,False,8,0,0,0,0,3,0,76528,1,3,2,34.0,10,9662,23134,13472,55,True,0,1,7,5,1,3
Justin Devenny,MID,Crystal Palace,0.0,u,Has joined Stoke City permanently,,0,0.0,601,255,0,0,0,0,0.0,215,0.00,0.00,0.00,0.00,24,0,0,0.0,0.0,2026-09-05T14:00:00Z,0,False,10,0,0,0,0,3,0,914,0,3,2,0.0,0,-275,63,338,50,False,0,0,0,0,0,3
Reece James,DEF,Chelsea,0.5,a,,,,8.0,53,21,0,0,9,0,15.0,142,0.05,0.12,0.07,2.05,29,2,0,4.1,12.6,2026-09-06T15:30:00Z,90,False,1,0,0,0,0,3,0,810910,1,1,2,13.0,1,-184123,27039,211162,55,False,0,3,3,6,0,3
Pascal Groß,MID,Brighton,7.5,a,,,,15.6,26,9,0,0,-1,0,16.5,124,0.04,0.83,0.79,2.49,23,1,0,3.2,0.0,2026-09-05T14:00:00Z,90,False,13,0,0,0,0,3,0,1691790,1,1,1,19.0,1,341111,448315,107204,55,True,1,2,4,2,0,3
Thomas Meunier,DEF,Sunderland,3.0,a,,100,100,0.3,303,112,0,0,5,0,1.8,541,0.00,0.13,0.13,1.09,36,1,0,2.3,5.8,2026-09-12T19:00:00Z,75,False,1,0,0,0,0,4,0,29243,1,2,0,15.0,2,-1785,781,2566,45,True,0,2,2,4,0,4
Brian Brobbey,FWD,Sunderland,2.0,a,,,,7.4,58,8,0,0,4,0,11.5,552,0.01,0.01,0.00,1.88,36,2,0,2.4,0.0,2026-09-12T19:00:00Z,90,False,1,0,0,0,0,4,0,701070,1,2,0,14.0,1,-246486,13895,260381,58,True,1,0,4,4,0,4
Cristian Romero,DEF,Spurs,0.0,u,Has joined Atletico Madrid permanently,0,0,0.1,428,153,0,0,0,0,0.0,500,0.00,0.00,0.00,0.00,37,0,0,0.0,0.0,2026-09-12T16:30:00Z,0,False,9,0,0,0,0,4,0,10093,0,0,0,0.0,0,-1362,0,1362,50,True,0,0,0,0,0,4
Omar Marmoush,FWD,Spurs,1.3,a,,,,2.2,118,17,0,0,9,1,11.6,401,0.03,0.05,0.02,1.08,37,0,0,2.9,3.2,2026-09-12T16:30:00Z,76,False,9,0,0,0,0,4,0,250023,1,0,0,14.0,2,6113,46956,40843,70,True,0,0,5,5,0,4
Axel Disasi,DEF,Crystal Palace,1.3,a,,,,0.1,416,151,0,0,-18,0,0.1,153,0.00,0.00,0.00,0.38,34,3,0,0.2,2.2,2026-09-12T14:00:00Z,33,False,12,0,0,0,1,4,0,14882,1,3,2,0.0,-3,4721,7208,2487,45,True,0,6,6,2,0,4
Dário Luís Essugo,MID,Chelsea,0.0,u,Has joined RC Strasbourg on loan for the rest of the season,0,0,0.1,398,149,0,0,0,0,0.0,163,0.00,0.00,0.00,0.00,33,0,0,0.0,0.0,2026-09-12T14:00:00Z,0,False,11,0,0,0,0,4,0,12126,0,2,2,0.0,0,-4174,0,4174,45,True,0,0,0,0,0,4
Alex Cairns,GK,Leeds,0.0,a,,,,0.2,350,39,0,0,0,0,0.0,625,0.00,0.00,0.00,0.00,40,0,0,0.0,0.0,2026-09-14T19:00:00Z,0,False,17,0,0,0,0,4,0,20648,0,1,4,0.0,0,3754,6067,2313,40,True,0,0,0,0,0,4
Gabriel dos Santos Magalhães,DEF,Arsenal,5.0,a,,,,24.3,11,2,0,2,30,1,1.5,4,0.01,0.03,0.02,1.80,36,0,0,2.3,20.6,2026-09-12T19:00:00Z,90,False,20,0,0,0,0,4,0,2549738,1,2,0,1.0,9,-197767,56562,254329,80,False,1,10,11,2,1,4
João Pedro Junqueira de Jesus,FWD,Chelsea,7.0,a,,,,73.0,1,1,1,3,44,0,15.7,165,0.04,0.33,0.29,1.38,33,2,1,10.1,54.4,2026-09-12T14:00:00Z,90,False,11,0,0,0,0,4,0,7935710,1,2,2,31.0,12,296877,401634,104757,77,True,0,2,2,0,0,4
Jack Harrison,MID,Leeds,0.0,u,Has joined New England Revolution permanently,0,0,0.0,652,290,0,0,0,0,0.0,342,0.00,0.00,0.00,0.00,40,0,0,0.0,0.0,2026-09-14T19:00:00Z,0,False,17,0,0,0,0,4,0,71,0,1,4,0.0,0,-11,0,11,50,True,0,0,0,0,0,4
Ben Johnson,DEF,Ipswich Town,0.0,u,Has joined Stoke City on loan for the rest of the season,0,0,0.1,456,162,0,0,0,0,0.0,307,0.00,0.00,0.00,0.00,34,0,0,0.0,0.0,2026-09-12T14:00:00Z,0,False,8,0,0,0,0,4,0,7782,0,3,2,0.0,0,-2380,0,2380,40,False,0,0,0,0,0,4
David Akintola,MID,Hull City,0.0,a,,,,0.0,510,208,0,0,0,0,0.0,296,0.00,0.00,0.00,0.00,33,0,0,0.0,0.0,2026-09-12T14:00:00Z,0,False,6,0,0,0,0,4,0,3894,0,2,2,0.0,0,-603,522,1125,50,False,0,0,0,0,0,4
Carl Rushworth,GK,Coventry City,1.7,a,,,,0.9,198,31,0,0,-5,0,0.0,110,0.01,0.01,0.00,2.81,38,5,0,1.8,18.0,2026-09-13T13:00:00Z,90,False,5,0,0,0,0,4,2,95177,1,5,0,0.0,0,-11337,5350,16687,45,True,0,1,0,11,0,4
Samuel Iling-Junior,MID,Aston Villa,0.0,u,Has joined Bolton Wanderers on loan for the rest of the season,0,0,0.0,647,286,0,0,0,0,0.0,49,0.00,0.00,0.00,0.00,31,0,0,0.0,0.0,2026-09-12T14:00:00Z,0,False,18,0,0,0,0,4,0,188,0,2,1,0.0,0,-22,0,22,50,True,0,0,0,0,0,4
Pep Chavarría,DEF,Chelsea,1.0,a,,,,0.2,360,137,0,0,4,0,1.7,583,0.01,0.01,0.00,0.94,33,0,0,0.6,2.0,2026-09-12T14:00:00Z,45,False,11,0,0,0,0,4,0,16748,0,2,2,2.0,1,-1611,686,2297,49,True,0,1,1,1,0,4
Miguel Brau,DEF,Coventry City,0.0,u,Has joined Academico de Viseu on loan for the rest of the season,0,0,0.0,550,188,0,0,0,0,0.0,181,0.00,0.00,0.00,0.00,38,0,0,0.0,0.0,2026-09-13T13:00:00Z,0,False,5,0,0,0,0,4,0,2631,0,5,0,0.0,0,-477,0,477,40,True,0,0,0,0,0,4
Aladji Bamba,MID,Newcastle,0.3,a,,,,0.1,414,159,0,0,4,0,0.3,559,0.00,0.00,0.00,0.11,40,0,0,0.2,1.4,2026-09-14T19:00:00Z,10,False,13,0,0,0,0,4,0,11166,0,1,4,0.0,1,-1098,539,1637,49,False,0,0,2,1,1,4
Oliver Dovin,GK,Coventry City,0.0,u,Has joined Leyton Orient on loan for the rest of the season,0,0,1.2,171,25,0,0,0,0,0.0,171,0.00,0.00,0.00,0.00,38,0,0,0.0,0.0,2026-09-13T13:00:00Z,0,False,5,0,0,0,0,4,0,122705,0,5,0,0.0,0,-18083,0,18083,40,True,0,0,0,0,0,4
Mateo Kovačić,MID,Man City,0.7,a,,,,0.1,449,176,0,0,0,0,0.0,406,0.00,0.00,0.00,0.00,39,0,0,0.0,0.0,2026-09-13T15:30:00Z,0,False,16,0,0,0,0,4,0,8409,0,1,0,0.0,0,-996,425,1421,54,False,0,0,0,0,0,4
Tom King,GK,Everton,0.0,a,,,,0.0,505,56,0,0,0,0,0.0,228,0.00,0.00,0.00,0.00,37,0,0,0.0,0.0,2026-09-12T16:30:00Z,0,False,19,0,0,0,0,4,0,4562,0,0,0,0.0,0,-100,278,378,45,False,0,0,0,0,0,4
Harrison Reed,MID,Fulham,0.0,a,,,,1.2,173,55,0,0,0,0,0.0,270,0.00,0.00,0.00,0.00,35,0,0,0.0,0.0,2026-09-12T14:00:00Z,0,False,14,0,0,0,0,4,0,121271,0,0,0,0.0,0,-12381,3620,16001,45,False,0,0,0,0,0,4
Morgan Rogers,MID,Chelsea,6.3,a,,,,31.4,7,3,0,1,31,0,5.9,40,0.02,0.23,0.21,1.38,33,2,1,9.1,43.2,2026-09-12T14:00:00Z,90,False,11,0,0,0,0,4,0,3834585,1,2,2,42.0,8,1039938,1168508,128570,76,True,0,0,6,4,2,4
Marcus Tavernier,MID,Bournemouth,7.0,a,,,,3.4,93,30,0,2,44,0,58.3,68,0.47,0.67,0.20,0.39,32,2,1,14.5,49.4,2026-09-12T14:00:00Z,82,False,4,0,0,0,0,4,0,417515,1,2,2,37.0,8,125960,177420,51460,60,True,1,2,8,5,1,4
Ryan Sessegnon,DEF,Fulham,1.0,a,,,,0.3,289,104,0,0,0,0,0.0,269,0.00,0.00,0.00,0.00,35,0,0,0.0,0.0,2026-09-12T14:00:00Z,0,False,14,0,0,0,0,4,0,34199,0,0,0,0.0,0,-4182,369,4551,44,False,0,0,0,0,0,4
Senne Lammens,GK,Man Utd,1.7,a,,,,11.8,34,5,0,0,5,0,0.0,412,0.00,0.00,0.00,1.10,39,1,0,0.7,6.6,2026-09-13T15:30:00Z,90,False,15,0,0,0,0,4,1,1178768,1,1,0,0.0,2,-227696,11379,239075,50,True,0,1,0,5,0,4
Ayyoub Bouaddi,MID,Man City,1.0,a,,,,0.2,357,130,0,0,0,0,0.0,616,0.00,0.00,0.00,0.00,39,0,0,0.0,0.0,2026-09-13T15:30:00Z,0,False,16,0,0,0,0,4,0,18618,0,1,0,0.0,0,937,4899,3962,55,False,0,0,0,0,0,4
Ousmane Diomande,DEF,Nott'm Forest,0.3,a,,,,0.5,244,91,0,0,10,0,0.4,581,0.00,0.11,0.11,0.82,31,1,0,3.6,24.6,2026-09-12T14:00:00Z,90,False,2,0,0,0,0,4,0,56566,1,2,1,11.0,4,-6555,1486,8041,54,False,0,13,14,3,1,4
Chadi Riad Dnanou,DEF,Crystal Palace,0.0,i,Knee injury - Unknown return date,0,0,0.0,553,190,0,0,0,0,0.0,206,0.00,0.00,0.00,0.00,34,0,0,0.0,0.0,2026-09-12T14:00:00Z,0,False,12,0,0,0,0,4,0,2510,0,3,2,0.0,0,-651,58,709,44,True,0,0,0,0,0,4
Sean Neave,FWD,Newcastle,0.0,u,Has joined Wolves on loan for the rest of the season,0,0,0.7,232,39,0,0,0,0,0.0,466,0.00,0.00,0.00,0.00,40,0,0,0.0,0.0,2026-09-14T19:00:00Z,0,False,13,0,0,0,0,4,0,66182,0,1,4,0.0,0,-17854,0,17854,45,False,0,0,0,0,0,4
Trey Nyoni,MID,Liverpool,0.7,a,,,,0.0,514,209,0,0,0,0,0.0,375,0.00,0.00,0.00,0.00,35,0,0,0.0,0.0,2026-09-12T14:00:00Z,0,False,10,0,0,0,0,4,0,4195,0,0,0,0.0,0,-285,427,712,49,True,0,0,0,0,0,4
Melker Ellborg,GK,Sunderland,0.0,a,,,,0.1,448,50,0,0,0,0,0.0,531,0.00,0.00,0.00,0.00,36,0,0,0.0,0.0,2026-09-12T19:00:00Z,0,False,1,0,0,0,0,4,0,8559,0,2,0,0.0,0,-491,235,726,45,True,0,0,0,0,0,4
Marc Guiu Paz,FWD,Chelsea,0.0,u,Has joined RB Leipzig permanently,0,0,0.3,316,51,0,0,0,0,0.0,168,0.00,0.00,0.00,0.00,33,0,0,0.0,0.0,2026-09-12T14:00:00Z,0,False,11,0,0,0,0,4,0,25300,0,2,2,0.0,0,-8710,0,8710,50,True,0,0,0,0,0,4
Harry Howell,MID,Brighton,0.0,u,Has joined Leicester City on loan for the rest of the season,0,0,0.0,524,214,0,0,0,0,0.0,132,0.00,0.00,0.00,0.00,38,0,0,0.0,0.0,2026-09-13T13:00:00Z,0,False,7,0,0,0,0,4,0,3658,0,5,0,0.0,0,-575,0,575,45,False,0,0,0,0,0,4
Lucas Bergvall,MID,Spurs,0.3,a,,,,0.2,363,131,0,0,8,0,7.9,520,0.25,0.31,0.06,0.44,37,0,0,2.3,8.0,2026-09-12T16:30:00Z,27,False,9,0,0,0,0,4,0,16379,0,0,0,7.0,1,-1664,319,1983,54,True,0,1,4,2,1,4
Ian Maatsen,DEF,Aston Villa,2.7,a,,,,0.8,210,82,0,0,7,0,3.4,36,0.03,0.21,0.18,1.66,31,2,0,3.8,10.2,2026-09-12T14:00:00Z,90,False,18,0,0,0,0,4,0,92419,1,2,1,24.0,1,10444,17456,7012,45,True,0,3,4,6,1,4
Ryan Gravenberch,MID,Liverpool,2.3,a,,,,1.4,156,46,0,0,13,0,11.4,371,0.01,0.05,0.04,0.54,35,0,0,3.3,19.6,2026-09-12T14:00:00Z,59,False,10,0,0,0,0,4,0,140580,1,0,0,2.0,1,-33117,5155,38272,59,True,0,7,10,1,2,4
Xavi Simons,MID,Spurs,0.0,i,Knee injury - Unknown return date,0,0,0.0,593,249,0,0,0,0,0.0,513,0.00,0.00,0.00,0.00,37,0,0,0.0,0.0,2026-09-12T16:30:00Z,0,False,9,0,0,0,0,4,0,1311,0,0,0,0.0,0,-108,86,194,59,True,0,0,0,0,0,4
Kiernan Dewsbury-Hall,MID,Everton,5.0,a,,,,4.5,77,25,0,0,16,1,19.0,236,0.09,0.26,0.17,0.69,37,0,0,6.2,15.0,2026-09-12T16:30:00Z,90,False,19,0,0,0,0,4,0,497656,1,0,0,28.0,2,41220,141140,99920,65,False,1,2,6,4,0,4
Rayan Vitor Simplício Rocha,MID,Bournemouth,2.0,a,,,,2.0,124,39,0,0,7,0,17.8,67,0.02,0.41,0.39,0.39,32,2,0,4.3,5.6,2026-09-12T14:00:00Z,81,False,4,0,0,0,0,4,0,202880,1,2,2,20.0,2,-33384,8549,41933,64,True,0,2,3,0,1,4
Riccardo Calafiori,DEF,Arsenal,7.3,a,,,,48.5,3,1,0,0,18,1,1.7,8,0.01,0.07,0.06,1.80,36,0,0,1.8,8.8,2026-09-12T19:00:00Z,90,False,20,0,0,0,0,4,0,5296821,1,2,0,7.0,6,392809,487524,94715,58,False,0,4,4,2,0,4
Daichi Kamada,MID,Crystal Palace,3.3,a,,,,0.4,285,96,2,0,30,0,21.9,214,0.05,0.05,0.00,1.20,34,2,0,6.0,36.2,2026-09-12T14:00:00Z,83,False,12,0,0,0,0,4,0,44888,1,3,2,2.0,8,11985,18109,6124,50,True,0,0,1,0,1,4
Vitor de Oliveira Nunes dos Reis,DEF,Man City,0.3,a,,,,0.0,539,186,0,0,0,0,0.0,396,0.00,0.00,0.00,0.00,39,0,0,0.0,0.0,2026-09-13T15:30:00Z,0,False,16,0,0,0,0,4,0,3187,0,1,0,0.0,0,-193,90,283,45,False,0,0,0,0,0,4
Ibrahim Sangaré,MID,Nott'm Forest,0.7,a,,100,100,0.5,246,81,0,0,2,0,0.4,488,0.01,0.07,0.06,0.09,31,0,0,0.5,2.4,2026-09-12T14:00:00Z,8,False,2,0,0,0,0,4,0,52561,0,2,1,2.0,1,-9453,2665,12118,49,False,0,1,2,0,1,4
Malo Gusto,DEF,Chelsea,1.0,a,,,,1.1,179,70,0,0,7,0,23.3,144,0.07,0.11,0.04,0.84,33,2,0,4.3,14.0,2026-09-12T14:00:00Z,77,False,11,0,0,0,0,4,0,114930,1,2,2,6.0,1,-6655,7469,14124,50,True,0,5,5,4,0,4
Braiden Graham,MID,Everton,1.0,a,,,,0.1,386,141,0,0,0,0,0.0,654,0.00,0.00,0.00,0.00,37,0,0,0.0,0.0,2026-09-12T16:30:00Z,0,False,19,0,0,0,0,4,0,17369,0,0,0,0.0,0,7400,9461,2061,45,False,0,0,0,0,0,4
Armin Pecsi,GK,Liverpool,0.0,u,Has joined TSV Hartberg on loan for the rest of the season,0,0,0.0,571,67,0,0,0,0,0.0,353,0.00,0.00,0.00,0.00,35,0,0,0.0,0.0,2026-09-12T14:00:00Z,0,False,10,0,0,0,0,4,0,2007,0,0,0,0.0,0,-186,0,186,40,True,0,0,0,0,0,4
Michael Svoboda,DEF,Brighton,0.0,a,,,,0.1,487,172,0,0,0,0,0.0,120,0.00,0.00,0.00,0.00,38,0,0,0.0,0.0,2026-09-13T13:00:00Z,0,False,7,0,0,0,0,4,0,5997,0,5,0,0.0,0,4,898,894,50,False,0,0,0,0,0,4
Iliman Ndiaye,MID,Man City,5.3,a,,,,9.4,44,16,0,0,15,0,1.8,237,0.01,0.01,0.00,0.80,39,0,0,1.4,9.8,2026-09-13T15:30:00Z,45,False,16,0,0,0,0,4,0,900785,0,1,0,2.0,1,-300679,43012,343691,59,False,0,3,10,6,1,4
Loum Tchaouna,MID,Coventry City,1.3,a,,,,0.1,410,156,0,0,0,0,0.0,190,0.00,0.00,0.00,0.00,38,0,0,0.0,0.0,2026-09-13T13:00:00Z,0,False,5,0,0,0,0,4,0,11417,0,5,0,0.0,0,-1390,187,1577,54,True,0,0,0,0,0,4
Gabriel Martinelli Silva,MID,Arsenal,0.0,u,Has joined Al Hilal permanently,0,0,0.1,431,167,0,0,0,0,0.0,18,0.00,0.00,0.00,0.00,36,0,0,0.0,0.0,2026-09-12T19:00:00Z,0,False,20,0,0,0,0,4,0,9183,0,2,0,0.0,0,-6160,0,6160,63,False,0,0,0,0,0,4
Michael Keane,DEF,Everton,0.0,a,,,,0.9,200,76,0,0,0,0,0.0,231,0.00,0.00,0.00,0.00,37,0,0,0.0,0.0,2026-09-12T16:30:00Z,0,False,19,0,0,0,0,4,0,92288,0,0,0,0.0,0,-15433,1268,16701,49,False,0,0,0,0,0,4
Joelinton Cássio Apolinário de Lira,MID,Newcastle,0.0,i,Unspecified injury - Unknown return date,0,0,0.0,569,236,0,0,0,0,0.0,458,0.00,0.00,0.00,0.00,40,0,0,0.0,0.0,2026-09-14T19:00:00Z,0,False,13,0,0,0,0,4,0,2032,0,1,4,0.0,0,-249,33,282,54,False,0,0,0,0,0,4
Dominic Solanke-Mitchell,FWD,Spurs,1.0,a,,,,0.9,196,31,0,0,4,1,4.3,526,0.01,0.01,0.00,0.67,37,0,0,0.8,0.0,2026-09-12T16:30:00Z,62,False,9,0,0,0,0,4,0,96682,1,0,0,6.0,2,-14059,5756,19815,59,True,0,0,2,2,0,4
Norman Bassette,FWD,Coventry City,0.0,u,Has joined KVC Westerlo on loan for the rest of the season,0,0,0.0,548,74,0,0,0,0,0.0,197,0.00,0.00,0.00,0.00,38,0,0,0.0,0.0,2026-09-13T13:00:00Z,0,False,5,0,0,0,0,4,0,2877,0,5,0,0.0,0,-350,0,350,45,True,0,0,0,0,0,4
Guglielmo Vicario,GK,Spurs,0.0,u,Has joined Juventus on loan for the rest of the season,0,0,0.2,365,41,0,0,0,0,0.0,494,0.00,0.00,0.00,0.00,37,0,0,0.0,0.0,2026-09-12T16:30:00Z,0,False,9,0,0,0,0,4,0,16026,0,0,0,0.0,0,-2498,0,2498,45,True,0,0,0,0,0,4
Michele Di Gregorio,GK,Bournemouth,0.0,a,,,,0.0,533,60,0,0,0,0,0.0,615,0.00,0.00,0.00,0.00,32,0,0,0.0,0.0,2026-09-12T14:00:00Z,0,False,4,0,0,0,0,4,0,3698,0,2,2,0.0,0,229,755,526,45,True,0,0,0,0,0,4
Kaine Kesler-Hayden,DEF,Coventry City,0.0,i,Hamstring injury - Unknown return date,0,0,0.0,512,178,0,0,0,0,0.0,177,0.00,0.00,0.00,0.00,38,0,0,0.0,0.0,2026-09-13T13:00:00Z,0,False,5,0,0,0,0,4,0,4121,0,5,0,0.0,0,-596,114,710,40,True,0,0,0,0,0,4
Felipe Rodrigues da Silva,DEF,Nott'm Forest,0.0,u,Has joined West Ham on loan for the rest of the season,0,0,0.0,551,189,0,0,0,0,0.0,470,0.00,0.00,0.00,0.00,31,0,0,0.0,0.0,2026-09-12T14:00:00Z,0,False,2,0,0,0,0,4,0,2529,0,2,1,0.0,0,-1122,0,1122,50,False,0,0,0,0,0,4
Darío Osorio,MID,Crystal Palace,2.0,a,,,,0.0,609,260,0,0,0,0,0.0,647,0.00,0.00,0.00,0.00,34,0,0,0.0,0.0,2026-09-12T14:00:00Z,0,False,12,0,0,0,0,4,0,903,0,3,2,0.0,0,263,378,115,55,True,0,0,0,0,0,4
Vitezslav Jaros,GK,Liverpool,0.0,i,Knee injury - Unknown return date,0,0,0.0,574,68,0,0,0,0,0.0,354,0.00,0.00,0.00,0.00,35,0,0,0.0,0.0,2026-09-12T14:00:00Z,0,False,10,0,0,0,0,4,0,1961,0,0,0,0.0,0,157,567,410,40,True,0,0,0,0,0,4
Bernd Leno,GK,Fulham,2.0,a,,,,3.0,106,18,0,2,29,1,0.0,250,0.00,0.00,0.00,1.28,35,0,0,2.5,25.4,2026-09-12T14:00:00Z,90,False,14,0,0,0,0,4,3,308412,1,0,0,0.0,9,-15234,19790,35024,45,False,0,1,0,8,0,4
Jarrad Branthwaite,DEF,Everton,4.3,a,,,,1.9,131,53,0,0,27,1,3.4,230,0.00,0.00,0.00,0.69,37,0,0,3.3,30.0,2026-09-12T16:30:00Z,90,False,19,0,0,0,0,4,0,206240,1,0,0,0.0,6,14503,35472,20969,55,False,0,8,9,2,1,4
Dominik Szoboszlai,MID,Liverpool,5.0,a,,,,38.4,6,2,0,0,25,1,55.7,368,0.28,0.40,0.12,0.70,35,0,0,8.1,16.0,2026-09-12T14:00:00Z,90,False,10,0,0,0,0,4,0,4135360,1,0,0,9.0,3,-242164,274640,516804,70,True,0,3,6,3,0,4
Julio Soler Barreto,DEF,Bournemouth,0.0,a,,100,100,0.3,308,115,0,0,0,0,0.0,66,0.00,0.00,0.00,0.00,32,0,0,0.0,0.0,2026-09-12T14:00:00Z,0,False,4,0,0,0,0,4,0,31214,0,2,2,0.0,0,1583,4282,2699,40,True,0,0,0,0,0,4
Lewis Hall,DEF,Newcastle,6.0,a,,,,12.8,33,11,0,0,9,0,3.9,449,0.01,0.03,0.02,2.08,40,4,0,3.2,21.0,2026-09-14T19:00:00Z,90,False,13,0,0,0,0,4,0,1512788,1,1,4,7.0,0,448146,563772,115626,52,False,0,2,6,4,4,4
Brian Madjo,FWD,Aston Villa,0.0,i,Unspecified injury - Unknown return date,0,0,0.3,312,50,0,0,0,0,0.0,582,0.00,0.00,0.00,0.00,31,0,0,0.0,0.0,2026-09-12T14:00:00Z,0,False,18,0,0,0,0,4,0,26815,0,2,1,0.0,0,-5489,357,5846,55,True,0,0,0,0,0,4
Mason Miley,MID,Newcastle,0.0,,,,,,,,0,0,0,0,0.0,659,0.00,0.00,0.00,0.00,40,0,0,0.0,0.0,2026-09-14T19:00:00Z,0,False,13,0,0,0,0,4,0,0,0,1,4,0.0,0,0,0,0,45,False,0,0,0,0,0,4
Valentín Barco,MID,Chelsea,0.3,a,,,,0.1,389,143,0,0,7,0,2.9,568,0.09,0.09,0.00,0.54,33,0,0,0.7,1.6,2026-09-12T14:00:00Z,21,False,11,0,0,0,0,4,0,13757,0,2,2,2.0,0,-591,863,1454,55,True,1,1,2,1,0,4
Ethan Nwaneri,MID,Arsenal,0.0,u,Has joined Borussia Dortmund on loan for the rest of the season,0,0,0.0,613,261,0,0,0,0,0.0,22,0.00,0.00,0.00,0.00,36,0,0,0.0,0.0,2026-09-12T19:00:00Z,0,False,20,0,0,0,0,4,0,783,0,2,0,0.0,0,-333,0,333,54,False,0,0,0,0,0,4
Olivier Boscagli,DEF,Brighton,2.3,a,,,,0.3,302,111,0,0,25,1,14.3,114,0.03,0.04,0.01,1.11,38,0,0,2.8,11.6,2026-09-13T13:00:00Z,77,False,7,0,0,0,0,4,0,30469,1,5,0,2.0,6,-585,2439,3024,45,False,0,8,9,5,1,4
Brenden Aaronson,MID,Leeds,1.7,a,,,,0.6,236,79,0,0,4,0,0.3,337,0.00,0.00,0.00,0.30,40,1,0,0.3,0.2,2026-09-14T19:00:00Z,18,False,17,0,0,0,0,4,0,61613,0,1,4,2.0,1,-10317,1095,11412,54,True,0,0,1,1,0,4
Chris Rigg,MID,Sunderland,0.7,a,,,,0.1,495,198,0,0,0,0,0.0,548,0.00,0.00,0.00,0.00,36,0,0,0.0,0.0,2026-09-12T19:00:00Z,0,False,1,0,0,0,0,4,0,5378,0,2,0,0.0,0,-504,130,634,49,True,0,0,0,0,0,4
Sebastiaan Bornauw,DEF,Leeds,0.0,u,Has joined Hamburg SV on loan for the rest of the season,0,0,0.0,643,213,0,0,0,0,0.0,333,0.00,0.00,0.00,0.00,40,0,0,0.0,0.0,2026-09-14T19:00:00Z,0,False,17,0,0,0,0,4,0,239,0,1,4,0.0,0,-39,0,39,45,True,0,0,0,0,0,4
Allan Andrade Elias,MID,Man City,2.2,a,,,,0.0,622,267,0,0,0,0,0.0,628,0.00,0.00,0.00,0.00,39,0,0,0.0,0.0,2026-09-13T15:30:00Z,0,False,16,0,0,0,0,4,0,671,0,1,0,0.0,0,117,309,192,60,False,0,0,0,0,0,4
Jayden Lienou,DEF,Leeds,0.0,a,,,,0.1,423,152,0,0,0,0,0.0,603,0.00,0.00,0.00,0.00,40,0,0,0.0,0.0,2026-09-14T19:00:00Z,0,False,17,0,0,0,0,4,0,11191,0,1,4,0.0,0,388,1426,1038,40,True,0,0,0,0,0,4
Andrés García,DEF,Aston Villa,0.0,a,,,,1.7,140,57,0,0,0,0,0.0,38,0.00,0.00,0.00,0.00,31,0,0,0.0,0.0,2026-09-12T14:00:00Z,0,False,18,0,0,0,0,4,0,183834,0,2,1,0.0,0,-4343,12784,17127,40,True,0,0,0,0,0,4
Dango Ouattara,MID,Brentford,1.7,a,,,,0.7,225,73,0,0,4,0,1.7,95,0.01,0.03,0.02,0.50,32,0,0,1.0,2.0,2026-09-12T14:00:00Z,30,False,3,0,0,0,0,4,0,64766,0,2,2,6.0,1,-22021,1377,23398,64,False,0,1,4,3,0,4
Kevin Santos Lopes de Macedo,MID,Fulham,0.7,a,,,,0.0,507,205,0,0,4,0,3.3,263,0.07,0.10,0.03,0.54,35,0,0,0.5,0.2,2026-09-12T14:00:00Z,18,False,14,0,0,0,0,4,0,4241,0,0,0,1.0,1,-826,236,1062,54,False,0,0,3,2,1,4
Tammy Abraham,FWD,Aston Villa,0.7,a,,100,100,0.2,361,55,0,0,4,0,1.5,56,0.00,0.00,0.00,1.89,31,2,0,0.5,1.2,2026-09-12T14:00:00Z,45,False,18,0,0,0,0,4,0,17325,0,2,1,2.0,1,1369,4186,2817,55,True,0,0,1,1,0,4
Romaine Mundle,MID,Sunderland,0.3,i,Knee injury - Unknown return date,,0,0.0,616,263,0,0,0,0,0.0,547,0.00,0.00,0.00,0.00,36,0,0,0.0,0.0,2026-09-12T19:00:00Z,0,False,1,0,0,0,0,4,0,691,0,2,0,0.0,0,-146,53,199,49,True,0,0,0,0,0,4
James Trafford,GK,Leeds,5.0,a,,,,5.4,68,10,0,0,17,0,0.0,385,0.00,0.00,0.00,0.88,40,1,0,2.9,29.0,2026-09-14T19:00:00Z,90,False,17,0,0,0,0,4,4,583002,1,1,4,0.0,3,15245,64368,49123,50,True,0,4,0,8,0,4
Matthijs de Ligt,DEF,Man Utd,0.0,i,Back injury - Unknown return date,0,0,0.0,559,191,0,0,0,0,0.0,416,0.00,0.00,0.00,0.00,39,0,0,0.0,0.0,2026-09-13T15:30:00Z,0,False,15,0,0,0,0,4,0,2411,0,1,0,0.0,0,-177,87,264,50,True,0,0,0,0,0,4
Mark Gillespie,GK,Newcastle,0.0,a,,,,0.0,532,59,0,0,0,0,0.0,443,0.00,0.00,0.00,0.00,40,0,0,0.0,0.0,2026-09-14T19:00:00Z,0,False,13,0,0,0,0,4,0,3541,0,1,4,0.0,0,-150,141,291,45,False,0,0,0,0,0,4
Matias Fernandez-Pardo,FWD,Newcastle,2.1,a,,,,0.1,430,63,0,0,5,0,10.9,634,0.01,0.01,0.00,1.91,40,3,0,1.7,2.2,2026-09-14T19:00:00Z,57,False,13,0,0,0,0,4,0,10646,1,1,4,4.0,1,4168,6117,1949,60,False,0,0,2,1,1,4
Ryan Giles,DEF,Hull City,6.7,a,,,,1.4,153,64,1,0,20,0,33.5,282,0.17,0.17,0.00,0.91,33,2,0,6.6,32.4,2026-09-12T14:00:00Z,90,False,6,0,0,0,0,4,0,195043,1,2,2,0.0,4,58990,75912,16922,40,False,0,6,7,2,1,4
Jesurun Rak-Sakyi,MID,Crystal Palace,0.0,u,has joined  Kasimpasa on loan for the rest of the seaon.,,0,0.0,631,274,0,0,0,0,0.0,219,0.00,0.00,0.00,0.00,34,0,0,0.0,0.0,2026-09-12T14:00:00Z,0,False,12,0,0,0,0,4,0,492,0,3,2,0.0,0,-85,55,140,49,True,0,0,0,0,0,4
Calvin Bassey,DEF,Fulham,1.0,a,,,,0.7,222,85,0,0,27,1,0.7,257,0.00,0.05,0.05,1.28,35,0,0,4.5,23.4,2026-09-12T14:00:00Z,90,False,14,0,0,0,0,4,0,71722,1,0,0,21.0,6,-7922,2294,10216,45,False,0,7,8,3,1,4
William Saliba,DEF,Arsenal,0.0,i,Back injury - Unknown return date,0,0,0.2,331,122,0,0,0,0,0.0,6,0.00,0.00,0.00,0.00,36,0,0,0.0,0.0,2026-09-12T19:00:00Z,0,False,20,0,0,0,0,4,0,22768,0,2,0,0.0,0,-2516,735,3251,59,False,0,0,0,0,0,4
Anis Mehmeti,MID,Ipswich Town,0.0,a,,,,0.0,522,213,0,0,0,0,0.0,324,0.00,0.00,0.00,0.00,34,0,0,0.0,0.0,2026-09-12T14:00:00Z,0,False,8,0,0,0,0,4,0,3735,0,3,2,0.0,0,-456,90,546,49,False,0,0,0,0,0,4
Sean Steur,MID,Newcastle,1.0,a,,,,0.1,457,181,0,0,14,0,20.2,462,0.03,0.03,0.00,1.81,40,4,0,3.2,12.0,2026-09-14T19:00:00Z,71,False,13,0,0,0,0,4,0,8079,0,1,4,0.0,2,-1064,390,1454,49,False,0,3,7,2,2,4
Virgil van Dijk,DEF,Liverpool,3.0,a,,,,17.2,21,6,0,0,25,1,12.8,356,0.01,0.01,0.00,0.70,35,0,0,3.9,25.8,2026-09-12T14:00:00Z,90,False,10,0,0,0,0,4,0,1832589,1,0,0,0.0,8,-48305,79775,128080,65,True,0,10,10,1,0,4
Tijjani Reijnders,MID,Man City,0.0,u,Has joined Al Qadsiah permanently,0,0,0.0,518,210,0,0,0,0,0.0,404,0.00,0.00,0.00,0.00,39,0,0,0.0,0.0,2026-09-13T15:30:00Z,0,False,16,0,0,0,0,4,0,3943,0,1,0,0.0,0,-541,0,541,60,False,0,0,0,0,0,4
Sidiki Cherif,FWD,Coventry City,0.0,a,,,,0.1,426,62,0,0,3,0,0.2,599,0.00,0.00,0.00,1.43,38,3,0,0.1,1.0,2026-09-13T13:00:00Z,30,False,5,0,0,0,0,4,0,10369,0,5,0,0.0,1,-281,1323,1604,50,True,0,1,1,0,0,4
Alisson Becker,GK,Liverpool,3.3,a,,,,3.9,85,14,0,2,29,1,0.0,350,0.00,0.00,0.00,0.70,35,0,0,2.1,21.0,2026-09-12T14:00:00Z,90,False,10,0,0,0,0,4,3,438381,1,0,0,0.0,9,15592,45421,29829,55,True,0,0,0,14,0,4
Jack Butland,GK,Hull City,0.0,i,Arm injury - Unknown return date,0,0,0.1,460,51,0,0,0,0,0.0,274,0.00,0.00,0.00,0.00,33,0,0,0.0,0.0,2026-09-12T14:00:00Z,0,False,6,0,0,0,0,4,0,7924,0,2,2,0.0,0,-669,170,839,45,False,0,0,0,0,0,4
Adam Aznou,DEF,Everton,0.0,u,Has joined Malaga on loan for the rest of the season,0,0,0.1,404,149,0,0,0,0,0.0,235,0.00,0.00,0.00,0.00,37,0,0,0.0,0.0,2026-09-12T16:30:00Z,0,False,19,0,0,0,0,4,0,11804,0,0,0,0.0,0,-3078,0,3078,40,False,0,0,0,0,0,4
Lisandro Martínez,DEF,Man Utd,1.3,a,,100,100,1.2,166,67,0,0,14,0,3.4,419,0.08,0.11,0.03,1.10,39,1,0,3.1,20.2,2026-09-13T15:30:00Z,90,False,15,0,0,0,0,4,0,130813,1,1,0,7.0,2,-6006,7461,13467,50,True,0,3,6,5,3,4
Alex Tóth,MID,Bournemouth,0.3,a,,,,0.0,583,244,0,0,0,0,0.0,76,0.00,0.00,0.00,0.00,32,0,0,0.0,0.0,2026-09-12T14:00:00Z,0,False,4,0,0,0,0,4,0,1498,0,2,2,0.0,0,-138,72,210,50,True,0,0,0,0,0,4
Nicolò Savona,DEF,Nott'm Forest,0.0,i,Knee injury - Unknown return date,0,0,0.0,641,212,0,0,0,0,0.0,475,0.00,0.00,0.00,0.00,31,0,0,0.0,0.0,2026-09-12T14:00:00Z,0,False,2,0,0,0,0,4,0,263,0,2,1,0.0,0,16,56,40,45,False,0,0,0,0,0,4
Jacob Ramsey,MID,Newcastle,2.3,a,,,,0.4,286,97,0,0,0,0,0.0,456,0.00,0.00,0.00,0.00,40,0,0,0.0,0.0,2026-09-14T19:00:00Z,0,False,13,0,0,0,0,4,0,39795,0,1,4,0.0,0,6540,11516,4976,49,False,0,0,0,0,0,4
Kasey McAteer,MID,Ipswich Town,1.0,a,,,,1.2,169,54,0,0,0,0,0.0,323,0.00,0.00,0.00,0.00,34,0,0,0.0,0.0,2026-09-12T14:00:00Z,0,False,8,0,0,0,0,4,0,126703,0,3,2,0.0,0,-7171,7120,14291,45,False,0,0,0,0,0,4
Nehemiah Oriola,MID,Brighton,0.0,a,,,,0.3,310,108,0,0,0,0,0.0,134,0.00,0.00,0.00,0.00,38,0,0,0.0,0.0,2026-09-13T13:00:00Z,0,False,7,0,0,0,0,4,0,28553,0,5,0,0.0,0,-1093,2194,3287,45,False,0,0,0,0,0,4
Malick Thiaw,DEF,Newcastle,2.7,a,,,,2.1,121,49,0,0,-6,0,0.9,445,0.00,0.00,0.00,2.08,40,4,0,2.4,22.6,2026-09-14T19:00:00Z,90,False,13,0,0,0,0,4,0,227385,1,1,4,0.0,2,2995,48297,45302,50,False,0,11,11,1,0,4
António João Pereira de Albuquerque Tavares da Silva,DEF,Bournemouth,2.3,a,,,,0.4,270,98,0,0,-2,0,5.3,566,0.23,0.81,0.58,0.50,32,2,0,3.4,18.0,2026-09-12T14:00:00Z,90,False,4,0,0,0,0,4,0,44292,1,2,2,11.0,3,-299,5703,6002,50,True,0,10,10,5,0,4
Aaron Hickey,DEF,Brentford,1.0,a,,,,0.1,464,164,0,0,4,0,2.1,90,0.03,0.06,0.03,1.33,32,2,0,1.8,10.0,2026-09-12T14:00:00Z,70,False,3,0,0,0,0,4,0,7602,1,2,2,6.0,1,-402,309,711,45,False,0,5,7,4,2,4
Reinildo Mandava,DEF,Sunderland,3.0,a,,,,0.4,281,103,0,0,-12,0,1.4,536,0.01,0.01,0.00,1.09,36,2,0,0.0,0.0,2026-09-12T19:00:00Z,90,False,1,0,0,0,1,4,0,37836,1,2,0,0.0,-2,-4352,780,5132,45,True,0,6,7,3,1,4
Georginio Rutter,FWD,Brighton,1.3,d,Unspecified injury - 75% chance of playing,75,75,0.6,238,40,0,0,0,0,0.0,125,0.00,0.00,0.00,0.00,38,0,0,0.0,0.0,2026-09-13T13:00:00Z,0,False,7,0,0,0,0,4,0,58474,0,5,0,0.0,0,-17412,1249,18661,54,False,0,0,0,0,0,4
Ewen Jaouen,GK,Newcastle,0.0,d,Ankle injury - 50% chance of playing,,50,0.0,558,64,0,0,0,0,0.0,444,0.00,0.00,0.00,0.00,40,0,0,0.0,0.0,2026-09-14T19:00:00Z,0,False,13,0,0,0,0,4,0,2484,0,1,4,0.0,0,-244,97,341,45,False,0,0,0,0,0,4
Noussair Mazraoui,DEF,Man Utd,1.0,a,,,,0.6,241,89,0,0,0,0,0.0,422,0.00,0.00,0.00,0.00,39,0,0,0.0,0.0,2026-09-13T15:30:00Z,0,False,15,0,0,0,0,4,0,59306,0,1,0,0.0,0,-8954,2102,11056,44,True,0,0,0,0,0,4
Tyler Adams,MID,Bournemouth,2.0,a,,100,100,0.3,309,107,0,0,16,0,5.9,73,0.02,0.05,0.03,0.39,32,2,0,2.6,13.0,2026-09-12T14:00:00Z,81,False,4,0,0,0,0,4,0,29708,1,2,2,7.0,2,2015,5594,3579,50,True,0,3,10,5,2,4
Pascal Struijk,DEF,Brighton,0.3,a,,100,100,0.2,343,129,0,0,4,0,0.8,328,0.01,0.01,0.00,0.22,38,0,0,1.2,11.2,2026-09-13T13:00:00Z,12,False,7,0,0,0,0,4,0,20832,0,5,0,0.0,1,-1007,1494,2501,50,False,0,4,4,0,0,4
James Justin,DEF,Leeds,5.3,a,,,,1.5,149,62,0,0,11,0,25.6,332,0.28,0.28,0.00,0.88,40,1,0,4.8,18.4,2026-09-14T19:00:00Z,90,False,17,0,0,0,0,4,0,160487,1,1,4,4.0,2,5626,27752,22126,45,True,0,3,5,1,2,4
Wellity Lucky,DEF,Liverpool,0.0,a,,,,0.1,395,147,0,0,0,0,0.0,361,0.00,0.00,0.00,0.00,35,0,0,0.0,0.0,2026-09-12T14:00:00Z,0,False,10,0,0,0,0,4,0,13224,0,0,0,0.0,0,-645,832,1477,40,True,0,0,0,0,0,4
Will Hughes,MID,Crystal Palace,0.3,a,,,,8.7,48,18,0,0,6,0,15.0,212,0.04,0.04,0.00,0.55,34,1,0,2.1,5.6,2026-09-12T14:00:00Z,13,False,12,0,0,0,0,4,0,888879,0,3,2,0.0,1,-87271,26618,113889,45,True,0,1,4,2,1,4
Alfie Cresswell,MID,Leeds,0.0,a,,,,0.1,372,134,0,0,0,0,0.0,604,0.00,0.00,0.00,0.00,40,0,0,0.0,0.0,2026-09-14T19:00:00Z,0,False,17,0,0,0,0,4,0,15793,0,1,4,0.0,0,1252,3443,2191,45,True,0,0,0,0,0,4
Younes Ibrahim,MID,Brighton,0.0,,,,,,,,0,0,0,0,0.0,658,0.00,0.00,0.00,0.00,38,0,0,0.0,0.0,2026-09-13T13:00:00Z,0,False,7,0,0,0,0,4,0,0,0,5,0,0.0,0,0,0,0,45,False,0,0,0,0,0,4
Rayan Cherki,MID,Man City,8.3,a,,,,29.7,8,4,0,0,4,0,6.6,399,0.06,0.09,0.03,0.20,39,0,0,1.2,1.6,2026-09-13T15:30:00Z,45,False,16,0,0,0,0,4,0,3069702,1,1,0,4.0,1,-139414,314949,454363,78,False,0,1,1,0,0,4
Sepp van den Berg,DEF,Brentford,0.0,i,Groin injury - Unknown return date,0,0,0.1,466,165,0,0,0,0,0.0,85,0.00,0.00,0.00,0.00,32,0,0,0.0,0.0,2026-09-12T14:00:00Z,0,False,3,0,0,0,0,4,0,7443,0,2,2,0.0,0,-1184,70,1254,49,False,0,0,0,0,0,4
Tyler Bindon,DEF,Nott'm Forest,0.0,u,Has joined Charlton Athletic on loan for the rest of the season,0,0,0.1,384,145,0,0,0,0,0.0,479,0.00,0.00,0.00,0.00,31,0,0,0.0,0.0,2026-09-12T14:00:00Z,0,False,2,0,0,0,0,4,0,13436,0,2,1,0.0,0,-2375,0,2375,40,False,0,0,0,0,0,4
Macaulay Zepa,MID,Fulham,0.0,a,,,,0.4,284,95,0,0,0,0,0.0,626,0.00,0.00,0.00,0.00,35,0,0,0.0,0.0,2026-09-12T14:00:00Z,0,False,14,0,0,0,0,4,0,39436,0,0,0,0.0,0,4635,11161,6526,45,False,0,0,0,0,0,4
Ethan Ampadu,MID,Leeds,3.0,a,,,,1.0,186,58,1,0,25,0,1.7,338,0.02,0.09,0.07,0.88,40,1,0,1.4,8.0,2026-09-14T19:00:00Z,90,False,17,0,0,0,0,4,0,103938,1,1,4,4.0,7,-14489,2529,17018,54,True,0,2,12,9,1,4
Chemsdine Talbi,MID,Sunderland,0.3,a,,,,0.1,368,132,0,0,0,0,0.0,549,0.00,0.00,0.00,0.00,36,0,0,0.0,0.0,2026-09-12T19:00:00Z,0,False,1,0,0,0,0,4,0,15167,0,2,0,0.0,0,-2338,214,2552,54,True,0,0,0,0,0,4
Azor Matusiwa,MID,Ipswich Town,0.0,i,Muscular injury - Unknown return date,0,0,0.0,640,281,0,0,0,0,0.0,310,0.00,0.00,0.00,0.00,34,0,0,0.0,0.0,2026-09-12T14:00:00Z,0,False,8,0,0,0,0,4,0,288,0,3,2,0.0,0,-6,40,46,49,False,0,0,0,0,0,4
Jahnoah Markelo,FWD,Coventry City,0.0,u,Has joined Shabab Al-Ahli Dubai permanently,0,0,0.0,612,76,0,0,0,0,0.0,196,0.00,0.00,0.00,0.00,38,0,0,0.0,0.0,2026-09-13T13:00:00Z,0,False,5,0,0,0,0,4,0,803,0,5,0,0.0,0,-136,0,136,50,True,0,0,0,0,0,4
Tyler Dibling,MID,Everton,0.0,a,,,,0.0,542,222,0,0,0,0,0.0,245,0.00,0.00,0.00,0.00,37,0,0,0.0,0.0,2026-09-12T16:30:00Z,0,False,19,0,0,0,0,4,0,3002,0,0,0,0.0,0,-295,210,505,54,False,0,0,0,0,0,4
Alex Palmer,GK,Ipswich Town,0.0,a,,,,4.2,82,13,0,0,0,0,0.0,301,0.00,0.00,0.00,0.00,34,0,0,0.0,0.0,2026-09-12T14:00:00Z,0,False,8,0,0,0,0,4,0,443746,0,3,2,0.0,0,-8837,24047,32884,40,False,0,0,0,0,0,4
Tanaka Ao,MID,Leeds,2.0,a,,,,0.2,321,114,1,0,24,1,3.1,345,0.03,0.09,0.06,0.58,40,0,0,1.4,9.2,2026-09-14T19:00:00Z,71,False,17,0,0,0,0,4,0,25771,1,1,4,2.0,6,2579,5747,3168,49,True,0,1,5,2,2,4
Caoimhín Kelleher,GK,Brentford,3.7,a,,,,6.7,61,9,0,0,19,0,0.0,82,0.00,0.00,0.00,1.75,32,2,0,4.4,44.0,2026-09-12T14:00:00Z,90,False,3,0,0,0,0,4,8,702931,1,2,2,0.0,3,-23973,34374,58347,50,False,0,1,0,11,0,4
Victor Lindelöf,DEF,Aston Villa,2.0,a,,,,0.3,296,108,0,0,2,0,1.1,37,0.01,0.45,0.44,2.28,31,2,0,5.3,16.4,2026-09-12T14:00:00Z,90,False,18,0,0,0,0,4,0,33974,1,2,1,35.0,1,3012,5112,2100,45,True,0,2,2,0,0,4
Ben Wilson,GK,Coventry City,0.0,a,,,,0.4,279,37,0,0,0,0,0.0,172,0.00,0.00,0.00,0.00,38,0,0,0.0,0.0,2026-09-13T13:00:00Z,0,False,5,0,0,0,0,4,0,40175,0,5,0,0.0,0,-2072,242,2314,45,True,0,0,0,0,0,4
Brennan Johnson,MID,Everton,1.0,a,,,,0.1,400,150,0,0,13,1,29.0,209,0.18,0.34,0.16,0.43,37,0,0,4.6,11.2,2026-09-12T16:30:00Z,74,False,19,0,0,0,0,4,0,12460,1,0,0,6.0,3,-1128,1069,2197,59,False,0,2,6,2,2,4
Jamie Bynoe-Gittens,MID,Chelsea,0.0,a,,,,0.0,547,226,0,0,0,0,0.0,158,0.00,0.00,0.00,0.00,33,0,0,0.0,0.0,2026-09-12T14:00:00Z,0,False,11,0,0,0,0,4,0,2962,0,2,2,0.0,0,-225,250,475,59,True,0,0,0,0,0,4
Toby Collyer,MID,Man Utd,0.0,u,Has joined West Brom permanently,0,0,0.0,595,250,0,0,0,0,0.0,436,0.00,0.00,0.00,0.00,39,0,0,0.0,0.0,2026-09-13T15:30:00Z,0,False,15,0,0,0,0,4,0,1225,0,1,0,0.0,0,-257,0,257,50,True,0,0,0,0,0,4
Đorđe Petrović,GK,Bournemouth,2.0,a,,,,3.3,95,16,0,0,0,0,0.0,57,0.00,0.00,0.00,0.50,32,2,0,0.0,0.0,2026-09-12T14:00:00Z,90,False,4,0,0,0,0,4,0,346097,1,2,2,0.0,1,-9622,27504,37126,45,True,0,0,0,10,0,4
Christian Walton,GK,Ipswich Town,0.0,a,,,,0.4,271,36,0,0,0,0,0.0,300,0.00,0.00,0.00,0.00,34,0,0,0.0,0.0,2026-09-12T14:00:00Z,0,False,8,0,0,0,0,4,0,42889,0,3,2,0.0,0,-2408,363,2771,44,False,0,0,0,0,0,4
Promise David,FWD,Brighton,0.3,a,,,,0.2,322,52,0,0,0,0,0.0,594,0.00,0.00,0.00,0.00,38,0,0,0.0,0.0,2026-09-13T13:00:00Z,0,False,7,0,0,0,0,4,0,24399,0,5,0,0.0,0,-2415,2799,5214,60,False,0,0,0,0,0,4
Piero Hincapié,DEF,Arsenal,0.7,a,,,,1.1,181,71,0,0,0,0,0.0,9,0.00,0.00,0.00,0.00,36,0,0,0.0,0.0,2026-09-12T19:00:00Z,0,False,20,0,0,0,0,4,0,109174,0,2,0,0.0,0,-15451,3925,19376,53,False,0,0,0,0,0,4
Marcos Senesi Barón,DEF,Spurs,1.0,a,,,,4.7,76,31,0,0,0,0,0.0,498,0.00,0.00,0.00,0.00,37,0,0,0.0,0.0,2026-09-12T16:30:00Z,0,False,9,0,0,0,0,4,0,468891,0,0,0,0.0,0,-104635,4311,108946,59,True,0,0,0,0,0,4
Hidemasa Morita,MID,Hull City,0.3,i,Calf injury - Expected back 11 Oct,100,0,0.0,561,232,0,0,0,0,0.0,563,0.00,0.00,0.00,0.00,33,0,0,0.0,0.0,2026-09-12T14:00:00Z,0,False,6,0,0,0,0,4,0,2165,0,2,2,0.0,0,-369,141,510,50,False,0,0,0,0,0,4
Oli McBurnie,FWD,Hull City,2.7,a,,,,1.9,128,18,1,0,17,0,10.8,295,0.04,0.37,0.33,0.72,33,2,0,5.3,23.6,2026-09-12T14:00:00Z,81,False,6,0,0,0,0,4,0,198314,1,2,2,19.0,4,-18516,22215,40731,55,False,1,2,3,0,1,4
Kayne van Oevelen,GK,Ipswich Town,0.0,u,Has joined Valencia on loan for the rest of the season,0,0,0.0,564,65,0,0,0,0,0.0,554,0.00,0.00,0.00,0.00,34,0,0,0.0,0.0,2026-09-12T14:00:00Z,0,False,8,0,0,0,0,4,0,2101,0,3,2,0.0,0,-302,0,302,45,False,0,0,0,0,0,4
Remi Matthews,GK,Crystal Palace,0.0,a,,,,1.8,137,20,0,0,0,0,0.0,555,0.00,0.00,0.00,0.00,34,0,0,0.0,0.0,2026-09-12T14:00:00Z,0,False,12,0,0,0,0,4,0,187175,0,3,2,0.0,0,-2537,5212,7749,40,True,0,0,0,0,0,4
Julio Enciso,MID,Ipswich Town,3.7,a,,100,100,0.9,204,64,0,0,7,0,13.8,591,0.20,0.25,0.05,0.62,34,2,0,2.9,2.2,2026-09-12T14:00:00Z,90,False,8,0,0,0,0,4,0,96833,1,3,2,13.0,2,12977,28533,15556,55,False,0,1,5,4,0,4
Chiedozie Ogbene,MID,Ipswich Town,0.0,u,Has joined Lincoln City on loan until January,0,0,0.0,607,258,0,0,0,0,0.0,314,0.00,0.00,0.00,0.00,34,0,0,0.0,0.0,2026-09-12T14:00:00Z,0,False,8,0,0,0,0,4,0,837,0,3,2,0.0,0,-326,0,326,49,False,0,0,0,0,0,4
Sandro Tonali,MID,Spurs,3.0,a,,,,2.6,113,35,0,0,16,1,30.7,455,0.31,0.40,0.09,1.11,37,0,0,4.9,12.2,2026-09-12T16:30:00Z,90,False,9,0,0,0,0,4,0,265893,1,0,0,6.0,3,-31266,12899,44165,54,True,0,5,11,6,0,4
João Victor de Souza Menezes,DEF,Spurs,0.0,u,Has joined FC Porto on loan for the rest of the season,0,0,0.2,341,127,0,0,0,0,0.0,511,0.00,0.00,0.00,0.00,37,0,0,0.0,0.0,2026-09-12T16:30:00Z,0,False,9,0,0,0,0,4,0,20460,0,0,0,0.0,0,-4759,0,4759,40,True,0,0,0,0,0,4
Eliot Matazo,MID,Hull City,0.0,i,Knee injury - Unknown return date,0,0,0.0,623,268,0,0,0,0,0.0,291,0.00,0.00,0.00,0.00,33,0,0,0.0,0.0,2026-09-12T14:00:00Z,0,False,6,0,0,0,0,4,0,664,0,2,2,0.0,0,1,117,116,45,False,0,0,0,0,0,4
Raphael Borges Rodrigues,MID,Coventry City,0.0,u,Has joined Burton Albion on loan for the rest of the season,0,0,0.1,411,157,0,0,0,0,0.0,191,0.00,0.00,0.00,0.00,38,0,0,0.0,0.0,2026-09-13T13:00:00Z,0,False,5,0,0,0,0,4,0,11101,0,5,0,0.0,0,-3328,0,3328,45,True,0,0,0,0,0,4
Mathias Jensen,MID,Brentford,0.0,i,Unspecified injury - Expected back 18 Sep,0,0,0.1,393,145,0,0,0,0,0.0,97,0.00,0.00,0.00,0.00,32,0,0,0.0,0.0,2026-09-12T14:00:00Z,0,False,3,0,0,0,0,4,0,12497,0,2,2,0.0,0,-4249,42,4291,54,False,0,0,0,0,0,4
Harry Wilson,MID,Leeds,1.3,a,,,,3.0,102,33,0,0,4,0,4.7,260,0.03,0.03,0.00,0.30,40,1,0,0.8,3.2,2026-09-14T19:00:00Z,18,False,17,0,0,0,0,4,0,291023,0,1,4,0.0,1,-121524,3258,124782,63,True,0,1,2,0,1,4
Alex Scott,MID,Bournemouth,8.0,a,,,,5.2,70,22,0,0,19,0,46.1,69,0.05,0.24,0.19,0.50,32,2,0,7.8,22.2,2026-09-12T14:00:00Z,90,False,4,0,0,0,0,4,0,657646,1,2,2,10.0,4,324036,386435,62399,61,True,0,6,15,7,2,4
Manuel Ángel Morán Ibáñez,MID,Fulham,1.5,a,,,,0.0,639,280,0,0,0,0,0.0,636,0.00,0.00,0.00,0.00,35,0,0,0.0,0.0,2026-09-12T14:00:00Z,0,False,14,0,0,0,0,4,0,306,0,0,0,0.0,0,79,133,54,50,False,0,0,0,0,0,4
Wilson Odobert,MID,Spurs,0.0,i,Knee injury - Unknown return date,0,0,0.0,648,287,0,0,0,0,0.0,517,0.00,0.00,0.00,0.00,37,0,0,0.0,0.0,2026-09-12T16:30:00Z,0,False,9,0,0,0,0,4,0,143,0,0,0,0.0,0,18,36,18,55,True,0,0,0,0,0,4
Jack Taylor,MID,Ipswich Town,0.0,i,Knee injury - Unknown return date,0,0,0.0,537,220,0,0,0,0,0.0,312,0.00,0.00,0.00,0.00,34,0,0,0.0,0.0,2026-09-12T14:00:00Z,0,False,8,0,0,0,0,4,0,3274,0,3,2,0.0,0,-278,176,454,45,False,0,0,0,0,0,4
Giovanni Leoni,DEF,Liverpool,0.0,i,Knee injury - Unknown return date,0,0,0.0,526,183,0,0,0,0,0.0,363,0.00,0.00,0.00,0.00,35,0,0,0.0,0.0,2026-09-12T14:00:00Z,0,False,10,0,0,0,0,4,0,3654,0,0,0,0.0,0,-297,161,458,40,True,0,0,0,0,0,4
Kepa Arrizabalaga Revuelta,GK,Arsenal,0.0,a,,,,0.1,462,52,0,0,0,0,0.0,2,0.00,0.00,0.00,0.00,36,0,0,0.0,0.0,2026-09-12T19:00:00Z,0,False,20,0,0,0,0,4,0,7757,0,2,0,0.0,0,-576,275,851,49,False,0,0,0,0,0,4
Taylor Harwood-Bellis,DEF,Aston Villa,1.8,a,,,,0.0,586,199,0,0,0,0,0.0,630,0.00,0.00,0.00,0.00,31,0,0,0.0,0.0,2026-09-12T14:00:00Z,0,False,18,0,0,0,0,4,0,1586,0,2,1,0.0,0,388,653,265,45,True,0,0,0,0,0,4
Dean Henderson,GK,Crystal Palace,1.7,a,,100,100,2.0,123,19,0,0,0,0,0.0,198,0.00,0.00,0.00,0.00,34,0,0,0.0,0.0,2026-09-12T14:00:00Z,0,False,12,0,0,0,0,4,0,234983,0,3,2,0.0,0,17128,34005,16877,50,True,0,0,0,0,0,4
Ryan Christie,MID,Bournemouth,0.7,a,,100,100,0.0,534,218,0,0,7,0,14.4,75,0.12,0.12,0.00,0.11,32,0,0,2.5,6.6,2026-09-12T14:00:00Z,24,False,4,0,0,0,0,4,0,3640,0,2,2,4.0,1,542,1116,574,50,True,0,3,7,4,0,4
Lukás Hornícek,GK,Newcastle,3.3,a,,,,1.3,162,24,0,0,2,0,0.0,567,0.00,0.00,0.00,2.08,40,4,0,2.9,29.4,2026-09-14T19:00:00Z,90,False,13,0,0,0,0,4,3,150531,1,1,4,0.0,1,29466,58083,28617,50,False,0,3,0,4,0,4
Kalvin Phillips,MID,Man City,0.0,u,Has joined Sheffield United on loan for the rest of the season,0,0,0.0,629,273,0,0,0,0,0.0,408,0.00,0.00,0.00,0.00,39,0,0,0.0,0.0,2026-09-13T15:30:00Z,0,False,16,0,0,0,0,4,0,553,0,1,0,0.0,0,-59,0,59,50,False,0,0,0,0,0,4
Alex Murphy,DEF,Newcastle,0.0,u,Has joined FC Kaiserslautern on loan for the rest of the season,0,0,0.1,475,169,0,0,0,0,0.0,451,0.00,0.00,0.00,0.00,40,0,0,0.0,0.0,2026-09-14T19:00:00Z,0,False,13,0,0,0,0,4,0,6793,0,1,4,0.0,0,-957,0,957,40,False,0,0,0,0,0,4
Reiss Nelson,MID,Arsenal,0.0,u,has departed the club as a free agent.,0,0,0.0,626,270,0,0,0,0,0.0,24,0.00,0.00,0.00,0.00,36,0,0,0.0,0.0,2026-09-12T19:00:00Z,0,False,20,0,0,0,0,4,0,565,0,2,0,0.0,0,-113,0,113,55,False,0,0,0,0,0,4
Facundo Buonanotte,MID,Brighton,0.0,u,Has joined Elche on loan for the rest of the season,0,0,0.0,644,283,0,0,0,0,0.0,128,0.00,0.00,0.00,0.00,38,0,0,0.0,0.0,2026-09-13T13:00:00Z,0,False,7,0,0,0,0,4,0,223,0,5,0,0.0,0,-39,0,39,50,False,0,0,0,0,0,4
Ronald Araujo,DEF,Liverpool,3.0,a,,,,2.5,115,46,0,0,24,1,1.8,579,0.00,0.00,0.00,0.60,35,0,0,1.4,9.8,2026-09-12T14:00:00Z,71,False,10,0,0,0,0,4,0,292366,1,0,0,2.0,6,41974,59861,17887,54,True,0,3,4,5,1,4
George Shepherd,MID,Coventry City,0.0,a,,,,0.2,319,113,0,0,0,0,0.0,189,0.00,0.00,0.00,0.00,38,0,0,0.0,0.0,2026-09-13T13:00:00Z,0,False,5,0,0,0,0,4,0,25735,0,5,0,0.0,0,-1700,1302,3002,45,True,0,0,0,0,0,4
Harrison Armstrong,MID,Everton,3.7,a,,,,0.4,267,89,0,0,6,1,4.5,244,0.02,0.02,0.00,0.69,37,0,0,1.9,12.4,2026-09-12T16:30:00Z,90,False,19,0,0,0,0,4,0,46365,1,0,0,2.0,3,4105,12956,8851,50,False,0,3,5,2,0,4
Kevin Danso,DEF,Sunderland,0.7,a,,,,0.2,362,138,0,0,6,0,11.0,501,0.08,0.08,0.00,1.88,36,2,0,3.0,16.8,2026-09-12T19:00:00Z,90,False,1,0,0,0,0,4,0,16781,1,2,0,2.0,1,-179,1568,1747,50,True,0,4,4,3,0,4
Elliot Stroud,MID,Hull City,2.0,a,,,,0.1,444,174,0,0,3,0,1.8,576,0.00,0.01,0.01,0.26,33,1,0,0.2,0.0,2026-09-12T14:00:00Z,59,False,6,0,0,0,0,4,0,8779,1,2,2,1.0,1,-410,621,1031,50,False,0,0,5,3,2,4
Mikkel Damsgaard,MID,Brentford,4.0,a,,,,0.5,254,84,0,0,3,0,7.8,96,0.00,0.10,0.10,0.50,32,0,0,1.3,0.0,2026-09-12T14:00:00Z,30,False,3,0,0,0,0,4,0,51791,0,2,2,6.0,1,807,5734,4927,55,False,0,1,4,3,0,4
Darko Gyabi,MID,Hull City,0.0,i,Thigh injury - Unknown return date,0,0,0.0,570,237,0,0,0,0,0.0,297,0.00,0.00,0.00,0.00,33,0,0,0.0,0.0,2026-09-12T14:00:00Z,0,False,6,0,0,0,0,4,0,2036,0,2,2,0.0,0,-159,123,282,45,False,0,0,0,0,0,4
Bart Verbruggen,GK,Brighton,3.0,a,,,,22.3,13,2,0,0,39,1,0.0,109,0.00,0.00,0.00,1.33,38,0,0,4.8,47.8,2026-09-13T13:00:00Z,90,False,7,0,0,0,0,4,6,2390519,1,5,0,0.0,8,51727,248699,196972,45,False,0,3,0,7,0,4
Yankuba Minteh,MID,Brighton,0.0,i,Leg injury - Expected back 28 Nov,0,0,0.0,520,211,0,0,0,0,0.0,122,0.00,0.00,0.00,0.00,38,0,0,0.0,0.0,2026-09-13T13:00:00Z,0,False,7,0,0,0,0,4,0,3821,0,5,0,0.0,0,-716,35,751,59,False,0,0,0,0,0,4
Adam Wharton,MID,Crystal Palace,2.7,a,,100,100,0.9,203,63,0,0,13,0,11.8,210,0.04,0.12,0.08,1.13,34,2,0,2.0,5.2,2026-09-12T14:00:00Z,76,False,12,0,0,0,0,4,0,91297,1,3,2,3.0,2,-1801,8794,10595,55,True,0,1,5,3,1,4
Kostas Tsimikas,DEF,Liverpool,0.3,a,,,,0.1,467,166,0,0,2,0,1.6,364,0.01,0.01,0.00,0.40,35,0,0,0.4,2.8,2026-09-12T14:00:00Z,45,False,10,0,0,0,0,4,0,7588,1,0,0,0.0,1,-934,362,1296,49,True,0,2,3,3,1,4
Cheick Doucouré,MID,Crystal Palace,0.0,a,,,,0.1,485,193,0,0,0,0,0.0,218,0.00,0.00,0.00,0.00,34,0,0,0.0,0.0,2026-09-12T14:00:00Z,0,False,12,0,0,0,0,4,0,5759,0,3,2,0.0,0,-468,470,938,49,True,0,0,0,0,0,4
Fábio Freitas Gouveia Carvalho,MID,Brentford,0.0,a,,100,100,0.0,562,233,0,0,0,0,0.0,100,0.00,0.00,0.00,0.00,32,0,0,0.0,0.0,2026-09-12T14:00:00Z,0,False,3,0,0,0,0,4,0,2209,0,2,2,0.0,0,3,335,332,50,False,0,0,0,0,0,4
Bruno Guimarães Rodriguez Moura,MID,Arsenal,0.2,a,,75,100,1.8,135,42,0,1,29,0,3.9,452,0.14,0.23,0.09,1.57,36,0,1,5.0,35.4,2026-09-12T19:00:00Z,45,False,20,0,0,0,0,4,0,181073,0,2,0,11.0,7,-35502,2351,37853,68,False,0,1,3,1,1,4
Jorge Cuenca Barreno,DEF,Fulham,1.0,a,,,,0.0,540,187,0,0,0,0,0.0,255,0.00,0.00,0.00,0.00,35,0,0,0.0,0.0,2026-09-12T14:00:00Z,0,False,14,0,0,0,0,4,0,3009,0,0,0,0.0,0,-509,104,613,45,False,0,0,0,0,0,4
Phil Foden,MID,Man City,3.7,a,,,,4.4,79,27,0,0,-4,0,12.1,398,0.02,0.02,0.00,0.10,39,0,0,1.6,0.0,2026-09-13T15:30:00Z,22,False,16,0,0,0,1,4,0,396620,1,1,0,6.0,-2,-191380,18307,209687,70,False,0,0,0,0,0,4
Evan Ferguson,FWD,Brighton,0.0,i,Ankle injury - Expected back 10 Oct,0,0,0.0,538,73,0,0,0,0,0.0,139,0.00,0.00,0.00,0.00,38,0,0,0.0,0.0,2026-09-13T13:00:00Z,0,False,7,0,0,0,0,4,0,3222,0,5,0,0.0,0,-178,346,524,50,False,0,0,0,0,0,4
Cody Gakpo,MID,Liverpool,9.3,d,Thigh injury - 75% chance of playing,,75,13.5,29,11,0,0,3,0,1.3,367,0.02,0.10,0.08,0.16,35,0,0,0.9,0.8,2026-09-12T14:00:00Z,30,False,10,0,0,0,0,4,0,1328735,0,0,0,7.0,1,357507,670039,312532,72,True,0,0,2,2,0,4
Aaron Anselmino,DEF,Chelsea,0.0,a,,100,100,0.0,567,192,0,0,0,0,0.0,561,0.00,0.00,0.00,0.00,33,0,0,0.0,0.0,2026-09-12T14:00:00Z,0,False,11,0,0,0,0,4,0,2091,0,2,2,0.0,0,10,222,212,45,True,0,0,0,0,0,4
Jack Grealish,MID,Everton,0.7,a,,100,100,0.4,282,93,0,0,4,0,1.2,238,0.01,0.01,0.00,0.30,37,0,0,0.7,3.4,2026-09-12T16:30:00Z,25,False,19,0,0,0,0,4,0,42527,0,0,0,2.0,1,9697,16008,6311,65,False,0,2,4,1,1,4
David Brooks,MID,Bournemouth,0.7,a,,100,100,0.1,484,192,0,0,-1,0,0.3,74,0.00,0.00,0.00,0.11,32,0,0,0.7,4.2,2026-09-12T14:00:00Z,7,False,4,0,0,0,0,4,0,6000,0,2,2,2.0,0,-81,781,862,50,True,1,2,3,1,0,4
Stefanos Tzimas,FWD,Brighton,0.0,i,Knee injury - Unknown return date,0,0,0.0,618,77,0,0,0,0,0.0,137,0.00,0.00,0.00,0.00,38,0,0,0.0,0.0,2026-09-13T13:00:00Z,0,False,7,0,0,0,0,4,0,705,0,5,0,0.0,0,-82,70,152,55,False,0,0,0,0,0,4
Nathan Collins,DEF,Brentford,3.3,d,Calf injury - 25% chance of playing,,25,1.6,143,58,0,0,0,0,0.0,84,0.00,0.00,0.00,0.00,32,0,0,0.0,0.0,2026-09-12T14:00:00Z,0,False,3,0,0,0,0,4,0,146784,0,2,2,0.0,0,-76756,1251,78007,55,False,0,0,0,0,0,4
Jurriën Timber,DEF,Arsenal,0.0,d,Groin injury - 25% chance of playing,25,25,0.1,454,161,0,0,3,0,1.9,5,0.01,0.01,0.00,1.57,36,0,0,0.8,6.0,2026-09-12T19:00:00Z,45,False,20,0,0,0,0,4,0,8281,0,2,0,0.0,1,-772,618,1390,65,False,0,2,3,5,1,4
James Tarkowski,DEF,Everton,7.0,a,,,,11.4,38,14,0,2,32,1,1.8,229,0.01,0.01,0.00,0.69,37,0,0,2.1,19.2,2026-09-12T16:30:00Z,90,False,19,0,0,0,0,4,0,1237976,1,0,0,0.0,8,71807,163569,91762,60,False,0,3,8,3,5,4
Lewis Koumas,MID,Liverpool,0.7,a,,,,0.0,555,228,0,0,0,0,0.0,381,0.00,0.00,0.00,0.00,35,0,0,0.0,0.0,2026-09-12T14:00:00Z,0,False,10,0,0,0,0,4,0,2699,0,0,0,0.0,0,-163,155,318,50,True,0,0,0,0,0,4
Christos Mouzakitis,MID,Hull City,1.5,a,,,,0.0,628,272,0,0,0,0,0.0,645,0.00,0.00,0.00,0.00,33,0,0,0.0,0.0,2026-09-12T14:00:00Z,0,False,6,0,0,0,0,4,0,598,0,2,2,0.0,0,180,270,90,50,False,0,0,0,0,0,4
Femi Azeez,MID,Brighton,0.0,d,Hamstring injury - 50% chance of playing,0,50,0.0,638,279,0,0,0,0,0.0,652,0.00,0.00,0.00,0.00,38,0,0,0.0,0.0,2026-09-13T13:00:00Z,0,False,7,0,0,0,0,4,0,315,0,5,0,0.0,0,62,121,59,55,False,0,0,0,0,0,4
Darnell Furlong,DEF,Ipswich Town,0.3,a,,,,0.5,253,94,0,0,0,0,0.0,308,0.00,0.00,0.00,0.00,34,0,0,0.0,0.0,2026-09-12T14:00:00Z,0,False,8,0,0,0,0,4,0,52748,0,3,2,0.0,0,-3285,431,3716,40,False,0,0,0,0,0,4
Abdoul Ouattara,DEF,Ipswich Town,1.0,a,,,,0.9,199,75,0,0,5,0,0.2,592,0.00,0.00,0.00,0.00,34,0,0,0.2,2.2,2026-09-12T14:00:00Z,2,False,8,0,0,0,0,4,0,97893,0,3,2,0.0,1,-2585,3046,5631,40,False,0,0,1,1,1,4
Nikola Milenković,DEF,Nott'm Forest,4.0,a,,,,1.6,144,59,0,0,0,0,0.0,471,0.00,0.00,0.00,0.00,31,0,0,0.0,0.0,2026-09-12T14:00:00Z,0,False,2,0,0,0,0,4,0,171183,0,2,1,0.0,0,-346,9458,9804,55,False,0,0,0,0,0,4
Sam Szmodics,MID,Ipswich Town,0.0,u,Has joined Derby County on loan for the rest of the season,0,0,0.0,635,276,0,0,0,0,0.0,319,0.00,0.00,0.00,0.00,34,0,0,0.0,0.0,2026-09-12T14:00:00Z,0,False,8,0,0,0,0,4,0,350,0,3,2,0.0,0,-87,0,87,50,False,0,0,0,0,0,4
Shea Lacey,MID,Man Utd,0.3,a,,,,0.1,498,199,0,0,0,0,0.0,435,0.00,0.00,0.00,0.00,39,0,0,0.0,0.0,2026-09-13T15:30:00Z,0,False,15,0,0,0,0,4,0,5384,0,1,0,0.0,0,-577,197,774,49,True,0,0,0,0,0,4
Eddie Nketiah,FWD,Crystal Palace,2.3,a,,,,0.7,221,36,0,0,0,0,0.0,224,0.00,0.00,0.00,0.00,34,0,0,0.0,0.0,2026-09-12T14:00:00Z,0,False,12,0,0,0,0,4,0,81943,0,3,2,0.0,0,20214,29818,9604,55,True,0,0,0,0,0,4
Timothy Castagne,DEF,Fulham,4.3,a,,,,0.8,209,81,0,0,23,1,0.8,258,0.01,0.01,0.00,0.74,35,0,0,1.4,11.2,2026-09-12T14:00:00Z,71,False,14,0,0,0,0,4,0,83333,1,0,0,2.0,6,-11458,6203,17661,45,False,0,3,5,3,2,4
Walter Benítez,GK,Crystal Palace,0.0,a,,,,0.1,415,47,0,0,3,0,0.0,199,0.00,0.00,0.00,1.68,34,3,0,1.9,18.8,2026-09-12T14:00:00Z,90,False,12,0,0,0,0,4,3,11338,1,3,2,0.0,2,-389,563,952,45,True,0,1,0,7,0,4
Geovany Quenda,MID,Chelsea,0.3,a,,100,100,0.0,527,215,0,0,0,0,0.0,164,0.00,0.00,0.00,0.00,33,0,0,0.0,0.0,2026-09-12T14:00:00Z,0,False,11,0,0,0,0,4,0,3551,0,2,2,0.0,0,-517,154,671,54,True,0,0,0,0,0,4
Amadou Onana,MID,Aston Villa,0.0,i,Knee injury - Unknown return date,0,0,0.0,579,240,0,0,0,0,0.0,48,0.00,0.00,0.00,0.00,31,0,0,0.0,0.0,2026-09-12T14:00:00Z,0,False,18,0,0,0,0,4,0,1757,0,2,1,0.0,0,-160,108,268,50,True,0,0,0,0,0,4
Merlin Röhl,MID,Everton,2.0,a,,,,0.0,499,200,0,0,0,0,0.0,246,0.00,0.00,0.00,0.00,37,0,0,0.0,0.0,2026-09-12T16:30:00Z,0,False,19,0,0,0,0,4,0,5016,0,0,0,0.0,0,-469,572,1041,50,False,0,0,0,0,0,4
Giorgi Mamardashvili,GK,Liverpool,0.0,a,,,,0.1,380,44,0,0,0,0,0.0,351,0.00,0.00,0.00,0.00,35,0,0,0.0,0.0,2026-09-12T14:00:00Z,0,False,10,0,0,0,0,4,0,13938,0,0,0,0.0,0,-1342,513,1855,49,True,0,0,0,0,0,4
Borna Sosa,DEF,Crystal Palace,0.0,u,Has joined FC Cologne on loan for the rest of the season,0,0,0.0,573,195,0,0,0,0,0.0,205,0.00,0.00,0.00,0.00,34,0,0,0.0,0.0,2026-09-12T14:00:00Z,0,False,12,0,0,0,0,4,0,1928,0,3,2,0.0,0,-639,0,639,45,True,0,0,0,0,0,4
Christian Nørgaard,MID,Everton,0.0,i,Groin injury - Unknown return date,0,0,0.1,490,196,0,0,0,0,0.0,21,0.00,0.00,0.00,0.00,37,0,0,0.0,0.0,2026-09-12T16:30:00Z,0,False,19,0,0,0,0,4,0,5295,0,0,0,0.0,0,-1199,83,1282,49,False,0,0,0,0,0,4
Jordan Henderson,MID,Chelsea,0.0,d,Wrist injury - 75% chance of playing,75,75,0.0,541,221,0,0,0,0,0.0,101,0.00,0.00,0.00,0.00,33,0,0,0.0,0.0,2026-09-12T14:00:00Z,0,False,11,0,0,0,0,4,0,3001,0,2,2,0.0,0,-444,145,589,49,True,0,0,0,0,0,4
Zavier Gozo,MID,Crystal Palace,0.3,a,,,,0.0,587,245,0,0,3,0,0.3,595,0.00,0.00,0.00,0.48,34,1,0,0.0,0.0,2026-09-12T14:00:00Z,6,False,12,0,0,0,0,4,0,1406,0,3,2,0.0,1,-88,110,198,50,True,0,0,0,0,0,4
Melvin Bard,DEF,Leeds,1.8,a,,,,0.0,633,211,0,0,1,0,10.3,641,0.00,0.00,0.00,0.30,40,1,0,1.5,4.4,2026-09-14T19:00:00Z,18,False,17,0,0,0,0,4,0,576,0,1,4,0.0,1,217,322,105,45,True,0,1,2,2,1,4
Nick Pope,GK,Newcastle,0.0,a,,,,1.0,184,28,0,0,0,0,0.0,442,0.00,0.00,0.00,0.00,40,0,0,0.0,0.0,2026-09-14T19:00:00Z,0,False,13,0,0,0,0,4,0,108982,0,1,4,0.0,0,-8971,3004,11975,49,False,0,0,0,0,0,4
Ayden Heaven,DEF,Man Utd,0.3,a,,,,0.3,293,106,0,0,0,0,0.0,421,0.00,0.00,0.00,0.00,39,0,0,0.0,0.0,2026-09-13T15:30:00Z,0,False,15,0,0,0,0,4,0,31486,0,1,0,0.0,0,-5029,769,5798,44,True,0,0,0,0,0,4
Tyrique George,MID,Everton,5.0,a,,,,0.5,248,82,0,0,13,1,15.4,242,0.15,0.20,0.05,0.39,37,0,0,2.7,6.4,2026-09-12T16:30:00Z,64,False,19,0,0,0,0,4,0,67366,1,0,0,5.0,3,36647,50072,13425,55,False,0,1,3,2,0,4
Victor Torp,MID,Coventry City,0.7,a,,,,0.1,405,152,0,0,3,0,0.4,188,0.00,0.00,0.00,0.21,38,1,0,0.1,0.4,2026-09-13T13:00:00Z,6,False,5,0,0,0,0,4,0,11943,0,5,0,0.0,1,-1542,52,1594,54,True,0,0,0,0,0,4
Max Dowman,MID,Arsenal,0.0,a,,,,0.1,472,187,0,0,0,0,0.0,20,0.00,0.00,0.00,0.00,36,0,0,0.0,0.0,2026-09-12T19:00:00Z,0,False,20,0,0,0,0,4,0,7072,0,2,0,0.0,0,-713,629,1342,53,False,0,0,0,0,0,4
Ethan Pinnock,DEF,Coventry City,1.3,a,,,,0.1,470,167,0,0,-11,0,0.7,91,0.00,0.01,0.01,2.81,38,5,0,2.3,18.0,2026-09-13T13:00:00Z,90,False,5,0,0,0,0,4,0,7467,1,5,0,4.0,2,-82,688,770,45,True,0,8,10,1,2,4
Antonín Kinský,GK,Spurs,3.0,a,,,,18.4,18,3,0,0,29,1,0.0,496,0.00,0.00,0.00,1.11,37,0,0,2.0,19.8,2026-09-12T16:30:00Z,90,False,9,0,0,0,0,4,3,1930350,1,0,0,0.0,7,-84513,146399,230912,45,True,0,4,0,3,0,4
Keane Lewis-Potter,MID,Brentford,6.0,a,,,,2.1,122,38,0,0,0,0,1.6,86,0.13,0.16,0.03,1.25,32,2,0,0.8,0.8,2026-09-12T14:00:00Z,59,False,3,0,0,0,0,4,0,223550,1,2,2,6.0,1,-6193,26643,32836,55,False,0,1,2,0,1,4
Diogo Dalot Teixeira,DEF,Man Utd,1.3,a,,,,1.9,130,52,0,0,9,0,16.5,417,0.05,0.07,0.02,1.10,39,1,0,2.6,6.2,2026-09-13T15:30:00Z,90,False,15,0,0,0,0,4,0,192489,1,1,0,3.0,2,-32120,3882,36002,49,True,0,2,3,9,1,4
Callum Olusesi,MID,Spurs,0.0,a,,,,0.7,233,76,0,0,0,0,0.0,524,0.00,0.00,0.00,0.00,37,0,0,0.0,0.0,2026-09-12T16:30:00Z,0,False,9,0,0,0,0,4,0,93913,0,0,0,0.0,0,5676,13763,8087,44,True,0,0,0,0,0,4
Ben Gannon-Doak,MID,Bournemouth,0.7,a,,,,0.1,477,189,0,0,6,0,1.5,72,0.03,0.13,0.10,0.11,32,0,0,1.0,1.6,2026-09-12T14:00:00Z,8,False,4,0,0,0,0,4,0,6799,0,2,2,7.0,1,-612,413,1025,49,True,0,0,4,3,1,4
Xaver Schlager,MID,Nott'm Forest,2.7,a,,,,0.1,427,165,0,0,18,0,15.2,558,0.02,0.08,0.06,0.82,31,1,0,5.4,21.8,2026-09-12T14:00:00Z,90,False,2,0,0,0,0,4,0,10277,1,2,1,17.0,3,-224,1040,1264,50,False,1,3,16,7,6,4
Nicolas Jackson,FWD,Aston Villa,1.3,a,,,,1.2,172,25,0,0,0,0,2.0,166,0.04,0.04,0.00,0.39,31,0,0,0.2,0.0,2026-09-12T14:00:00Z,45,False,18,0,0,0,0,4,0,143354,1,2,1,2.0,0,28857,47223,18366,65,True,1,0,0,0,0,4
Viktor Gyökeres,FWD,Arsenal,0.3,a,,,,3.9,86,12,0,0,0,0,0.0,25,0.00,0.00,0.00,0.00,36,0,0,0.0,0.0,2026-09-12T19:00:00Z,0,False,20,0,0,0,0,4,0,388876,0,2,0,0.0,0,-92048,6130,98178,72,False,0,0,0,0,0,4
Mohammed Kudus,MID,Spurs,0.7,a,,100,100,0.1,390,144,0,0,8,0,12.8,512,0.05,0.05,0.00,0.44,37,0,0,2.5,6.0,2026-09-12T16:30:00Z,27,False,9,0,0,0,0,4,0,14250,0,0,0,6.0,1,545,3198,2653,65,True,0,0,2,1,1,4
Omar Alderete,DEF,Sunderland,0.3,a,,100,100,0.3,298,109,0,0,0,0,0.0,535,0.00,0.00,0.00,0.00,36,0,0,0.0,0.0,2026-09-12T19:00:00Z,0,False,1,0,0,0,0,4,0,29356,0,2,0,0.0,0,-6355,401,6756,49,True,0,0,0,0,0,4
Ilyas Ansah,FWD,Hull City,1.4,i,Back injury - Unknown return date,,0,0.0,502,69,0,0,0,0,0.0,632,0.00,0.00,0.00,0.00,33,0,0,0.0,0.0,2026-09-12T14:00:00Z,0,False,6,0,0,0,0,4,0,4222,0,2,2,0.0,0,1122,2674,1552,50,False,0,0,0,0,0,4
Luke Woolfenden,DEF,Coventry City,0.0,i,Knee injury - Unknown return date,0,0,0.1,392,146,0,0,0,0,0.0,180,0.00,0.00,0.00,0.00,38,0,0,0.0,0.0,2026-09-13T13:00:00Z,0,False,5,0,0,0,0,4,0,13479,0,5,0,0.0,0,-1447,375,1822,40,True,0,0,0,0,0,4
Jenson Seelt,DEF,Sunderland,0.0,u,Has joined Swansea City on loan for the rest of the season,0,0,0.0,624,208,0,0,0,0,0.0,537,0.00,0.00,0.00,0.00,36,0,0,0.0,0.0,2026-09-12T19:00:00Z,0,False,1,0,0,0,0,4,0,612,0,2,0,0.0,0,-100,0,100,45,True,0,0,0,0,0,4
Lewie Coyle,DEF,Hull City,3.0,a,,75,100,0.6,242,90,0,0,2,0,10.9,280,0.01,0.14,0.13,0.72,33,2,0,2.2,5.6,2026-09-12T14:00:00Z,81,False,6,0,0,0,0,4,0,65983,1,2,2,5.0,1,5360,9488,4128,40,False,0,2,3,4,1,4
Elliot Anderson,MID,Man City,2.7,a,,100,100,4.4,78,26,0,0,18,1,3.3,481,0.01,0.01,0.00,1.00,39,0,0,1.9,15.2,2026-09-13T15:30:00Z,90,False,16,0,0,0,0,4,0,447292,1,1,0,0.0,5,-76716,16389,93105,63,False,0,5,14,6,3,4
Yasin Ayari,MID,Brighton,1.0,a,,75,100,0.4,276,92,0,0,38,1,6.8,129,0.03,0.34,0.31,1.33,38,0,1,7.3,39.0,2026-09-13T13:00:00Z,90,False,7,0,0,0,0,4,0,39911,1,5,0,27.0,8,-4206,2011,6217,54,False,0,0,7,6,1,4
Josh Eccles,MID,Coventry City,0.0,i,Unspecified injury - Expected back 12 Oct,,0,0.0,590,247,0,0,0,0,0.0,187,0.00,0.00,0.00,0.00,38,0,0,0.0,0.0,2026-09-13T13:00:00Z,0,False,5,0,0,0,0,4,0,1294,0,5,0,0.0,0,-249,93,342,49,True,0,0,0,0,0,4
James Garner,MID,Everton,1.3,d,Unspecified injury - 75% chance of playing,100,75,0.1,397,148,0,0,23,1,5.1,239,0.02,0.06,0.04,0.69,37,0,0,3.6,23.6,2026-09-12T16:30:00Z,90,False,19,0,0,0,0,4,0,13037,1,0,0,7.0,4,-1024,2679,3703,60,False,1,3,17,8,6,4
Joël Piroe,FWD,Leeds,0.0,u,Has joined West Ham United on loan for the rest of the season,0,0,0.1,463,65,0,0,0,0,0.0,348,0.00,0.00,0.00,0.00,40,0,0,0.0,0.0,2026-09-14T19:00:00Z,0,False,17,0,0,0,0,4,0,7440,0,1,4,0.0,0,-1516,0,1516,50,True,0,0,0,0,0,4
Vitalii Mykolenko,DEF,Everton,3.7,a,,,,1.9,127,51,0,3,38,1,11.3,233,0.07,0.07,0.00,0.69,37,0,0,4.0,24.4,2026-09-12T16:30:00Z,90,False,19,0,0,0,0,4,0,216365,1,0,0,4.0,11,33677,70682,37005,45,False,0,4,11,4,7,4
Claudio Echeverri,MID,Man City,0.0,u,Has joined Benfica on loan for the rest of the season,0,0,0.0,600,254,0,0,0,0,0.0,407,0.00,0.00,0.00,0.00,39,0,0,0.0,0.0,2026-09-13T15:30:00Z,0,False,16,0,0,0,0,4,0,1077,0,1,0,0.0,0,-350,0,350,49,False,0,0,0,0,0,4
Sander Berge,MID,Fulham,1.7,a,,,,0.3,291,100,0,0,14,1,11.7,265,0.01,0.01,0.00,1.28,35,0,0,3.6,18.6,2026-09-12T14:00:00Z,90,False,14,0,0,0,0,4,0,32007,1,0,0,6.0,3,-4295,748,5043,49,False,0,4,9,2,3,4
John Victor Maciel Furtado,GK,Nott'm Forest,0.0,a,,,,0.1,481,55,0,0,0,0,0.0,468,0.00,0.00,0.00,0.00,31,0,0,0.0,0.0,2026-09-12T14:00:00Z,0,False,2,0,0,0,0,4,0,6251,0,2,1,0.0,0,-238,173,411,45,False,0,0,0,0,0,4
Evann Guessand,MID,Crystal Palace,0.7,a,,,,0.0,504,204,0,0,0,0,0.0,42,0.00,0.00,0.00,0.00,34,0,0,0.0,0.0,2026-09-12T14:00:00Z,0,False,12,0,0,0,0,4,0,4659,0,3,2,0.0,0,-33,935,968,55,True,0,0,0,0,0,4
Alysson Edward Franco da Rocha dos Santos,MID,Aston Villa,0.7,a,,,,0.0,500,201,0,0,24,0,2.3,52,0.00,0.06,0.06,1.89,31,2,1,6.0,34.4,2026-09-12T14:00:00Z,45,False,18,0,0,0,0,4,0,4724,0,2,1,23.0,6,-205,508,713,50,True,0,1,2,1,0,4
Arthur Masuaku,DEF,Sunderland,0.0,u,Has joined Konyaspor permanently,0,0,0.2,366,139,0,0,0,0,0.0,540,0.00,0.00,0.00,0.00,36,0,0,0.0,0.0,2026-09-12T19:00:00Z,0,False,1,0,0,0,0,4,0,15823,0,2,0,0.0,0,-1719,0,1719,40,True,0,0,0,0,0,4
Mason Burstow,FWD,Hull City,0.0,u,Has joined Sheffield Wednesday on loan for the rest of the season,0,0,0.0,519,71,0,0,0,0,0.0,299,0.00,0.00,0.00,0.00,33,0,0,0.0,0.0,2026-09-12T14:00:00Z,0,False,6,0,0,0,0,4,0,3872,0,2,2,0.0,0,-497,0,497,45,False,0,0,0,0,0,4
Danny Welbeck,FWD,Chelsea,0.3,a,,100,100,0.8,214,35,0,0,4,0,10.6,136,0.06,0.06,0.00,0.54,33,0,0,2.2,7.2,2026-09-12T14:00:00Z,12,False,11,0,0,0,0,4,0,82997,0,2,2,4.0,1,-5112,8018,13130,59,True,0,1,1,0,0,4
Zion Suzuki,GK,Aston Villa,4.0,a,,,,1.7,139,21,0,0,17,0,0.0,597,0.01,0.01,0.00,2.28,31,2,0,3.9,38.6,2026-09-12T14:00:00Z,90,False,18,0,0,0,0,4,5,206678,1,2,1,0.0,2,64651,83655,19004,50,True,0,2,0,9,0,4
Mamadou Sarr,DEF,Chelsea,0.0,u,Has joined Real Sociedad on loan for the rest of the season,0,0,0.0,528,184,0,0,0,0,0.0,150,0.00,0.00,0.00,0.00,33,0,0,0.0,0.0,2026-09-12T14:00:00Z,0,False,11,0,0,0,0,4,0,3449,0,2,2,0.0,0,-1063,0,1063,45,True,0,0,0,0,0,4
Bruno Borges Fernandes,MID,Man Utd,9.0,a,,,,44.4,4,1,0,0,17,0,31.4,426,0.33,0.36,0.03,1.10,39,1,0,5.5,17.0,2026-09-13T15:30:00Z,90,False,15,0,0,0,0,4,0,4455713,1,1,0,7.0,2,-615807,123022,738829,120,True,0,1,7,4,2,4
Matteo Ruggeri,DEF,Aston Villa,0.7,a,,,,0.1,432,154,0,0,0,0,0.0,596,0.00,0.00,0.00,0.00,31,0,0,0.0,0.0,2026-09-12T14:00:00Z,0,False,18,0,0,0,0,4,0,9485,0,2,1,0.0,0,-993,272,1265,45,True,0,0,0,0,0,4
Lukas Nmecha,FWD,Leeds,1.7,a,,,,0.5,255,43,0,0,4,0,0.3,347,0.01,0.01,0.00,0.28,40,1,0,0.1,0.2,2026-09-14T19:00:00Z,12,False,17,0,0,0,0,4,0,51359,0,1,4,0.0,1,-1054,6623,7677,54,True,0,0,1,1,0,4
Jack Fletcher,MID,Man Utd,0.0,a,,,,0.0,599,253,0,0,0,0,0.0,434,0.00,0.00,0.00,0.00,39,0,0,0.0,0.0,2026-09-13T15:30:00Z,0,False,15,0,0,0,0,4,0,1170,0,1,0,0.0,0,-67,101,168,49,True,0,0,0,0,0,4
Boubacar Kamara,MID,Aston Villa,2.3,a,,100,100,0.3,290,99,0,0,17,0,12.4,47,0.05,0.05,0.00,2.28,31,2,0,2.6,11.6,2026-09-12T14:00:00Z,90,False,18,0,0,0,0,4,0,34935,1,2,1,2.0,2,-1023,3671,4694,50,True,0,1,5,1,3,4
Conor Bradley,DEF,Liverpool,0.0,i,Knee injury - Unknown return date,0,0,0.0,603,203,0,0,0,0,0.0,360,0.00,0.00,0.00,0.00,35,0,0,0.0,0.0,2026-09-12T14:00:00Z,0,False,10,0,0,0,0,4,0,1010,0,0,0,0.0,0,-94,67,161,50,True,0,0,0,0,0,4
Omar Richards,DEF,Nott'm Forest,0.0,a,,,,0.2,329,121,0,0,0,0,0.0,476,0.00,0.00,0.00,0.00,31,0,0,0.0,0.0,2026-09-12T14:00:00Z,0,False,2,0,0,0,0,4,0,23161,0,2,1,0.0,0,-831,925,1756,40,False,0,0,0,0,0,4
Ross Barkley,MID,Aston Villa,2.3,a,,,,0.3,307,106,0,0,14,0,2.7,46,0.01,0.04,0.03,1.42,31,1,0,1.6,6.0,2026-09-12T14:00:00Z,62,False,18,0,0,0,0,4,0,29642,1,2,1,7.0,2,1496,5244,3748,50,True,0,0,7,3,4,4
Jean-Mattéo Bahoya,MID,Leeds,1.5,a,,,,0.0,588,246,0,0,0,0,0.0,648,0.00,0.00,0.00,0.00,40,0,0,0.0,0.0,2026-09-14T19:00:00Z,0,False,17,0,0,0,0,4,0,1465,0,1,4,0.0,0,392,754,362,50,True,0,0,0,0,0,4
Matz Sels,GK,Nott'm Forest,3.0,a,,,,1.4,159,23,0,0,19,0,0.0,467,0.00,0.00,0.00,0.82,31,1,0,3.5,35.0,2026-09-12T14:00:00Z,90,False,2,0,0,0,0,4,5,147158,1,2,1,0.0,3,2211,15113,12902,50,False,0,2,0,11,0,4
Lucas Herrington,DEF,Hull City,1.0,a,,,,0.6,240,88,0,0,-1,0,0.4,585,0.01,0.01,0.00,0.64,33,1,0,0.2,1.6,2026-09-12T14:00:00Z,31,False,6,0,0,0,0,4,0,62794,0,2,2,0.0,1,-2456,2136,4592,40,False,0,1,1,0,0,4
Christantus Uche,FWD,Crystal Palace,0.0,u,has returned to Getafe CF,0,0,0.0,655,78,0,0,0,0,0.0,225,0.00,0.00,0.00,0.00,34,0,0,0.0,0.0,2026-09-12T14:00:00Z,0,False,12,0,0,0,0,4,0,0,0,3,2,0.0,0,0,0,0,50,True,0,0,0,0,0,4
Michael Kayode,DEF,Brentford,5.3,a,,,,8.9,47,18,0,0,5,0,14.1,88,0.15,0.15,0.00,0.41,32,0,0,2.0,5.4,2026-09-12T14:00:00Z,19,False,3,0,0,0,0,4,0,934432,0,2,2,0.0,1,-58707,52146,110853,46,False,0,1,1,1,0,4
Kai Andrews,MID,Coventry City,0.0,u,Has joined Oxford United on loan for the rest of the season,0,0,0.4,283,94,0,0,0,0,0.0,192,0.00,0.00,0.00,0.00,38,0,0,0.0,0.0,2026-09-13T13:00:00Z,0,False,5,0,0,0,0,4,0,36602,0,5,0,0.0,0,-8343,0,8343,45,True,0,0,0,0,0,4
Liam Millar,MID,Hull City,0.0,u,Has joined Birmingham on loan for the rest of the season,0,0,0.0,501,202,0,0,0,0,0.0,287,0.00,0.00,0.00,0.00,33,0,0,0.0,0.0,2026-09-12T14:00:00Z,0,False,6,0,0,0,0,4,0,4292,0,2,2,0.0,0,-2492,0,2492,50,False,0,0,0,0,0,4
Stephen Mfuni,DEF,Coventry City,0.0,,,,,,,,0,0,0,0,0.0,656,0.00,0.00,0.00,0.00,38,0,0,0.0,0.0,2026-09-13T13:00:00Z,0,False,5,0,0,0,0,4,0,7468,0,5,0,0.0,0,2544,2811,267,40,True,0,0,0,0,0,4
Sorba Thomas,MID,Hull City,2.0,a,,,,0.0,591,248,0,0,6,0,14.8,642,0.03,0.05,0.02,0.64,33,1,0,2.4,5.6,2026-09-12T14:00:00Z,30,False,6,0,0,0,0,4,0,1526,0,2,2,4.0,1,606,883,277,55,False,0,0,4,4,0,4
Gustavo Nunes Fernandes Gomes,MID,Brentford,0.0,,,,,,,,0,0,0,0,0.0,657,0.00,0.00,0.00,0.00,32,0,0,0.0,0.0,2026-09-12T14:00:00Z,0,False,3,0,0,0,0,4,0,0,0,2,2,0.0,0,0,0,0,45,False,0,0,0,0,0,4
Bazoumana Touré,MID,Newcastle,0.3,a,,,,0.1,382,139,0,0,24,0,5.3,461,0.01,0.29,0.28,0.16,40,1,1,6.3,36.6,2026-09-14T19:00:00Z,33,False,13,0,0,0,0,4,0,13401,0,1,4,21.0,6,-3031,376,3407,58,False,0,0,2,2,0,4
David Affengruber,DEF,Fulham,1.8,a,,,,0.0,632,210,0,0,23,1,3.3,650,0.00,0.00,0.00,1.28,35,0,0,2.2,18.6,2026-09-12T14:00:00Z,90,False,14,0,0,0,0,4,0,573,1,0,0,0.0,8,172,274,102,45,False,0,11,12,3,1,4
Maxim De Cuyper,DEF,Brighton,7.0,a,,,,21.0,15,3,1,2,41,1,46.9,115,0.04,0.07,0.03,1.33,38,0,0,7.5,24.8,2026-09-13T13:00:00Z,90,False,7,0,0,0,0,4,0,2489501,1,5,0,3.0,11,509874,640942,131068,48,False,0,1,1,4,0,4
Kai Havertz,FWD,Arsenal,5.3,a,,,,7.8,54,7,0,0,0,1,12.4,26,0.02,0.36,0.34,1.80,36,0,0,4.6,1.6,2026-09-12T19:00:00Z,90,False,20,0,0,0,0,4,0,871717,1,2,0,32.0,1,118477,195764,77287,75,False,1,1,2,1,0,4
Yann Gboho,MID,Coventry City,2.0,a,,,,0.0,654,292,0,0,0,0,0.0,655,0.00,0.00,0.00,0.00,38,0,0,0.0,0.0,2026-09-13T13:00:00Z,0,False,5,0,0,0,0,4,0,72,0,5,0,0.0,0,58,65,7,55,True,0,0,0,0,0,4
Trevoh Chalobah,DEF,Chelsea,0.0,u,Has joined Como permanently,0,0,0.1,450,160,0,0,0,0,0.0,143,0.00,0.00,0.00,0.00,33,0,0,0.0,0.0,2026-09-12T14:00:00Z,0,False,11,0,0,0,0,4,0,8308,0,2,2,0.0,0,-1338,0,1338,55,True,0,0,0,0,0,4
Benjamin White,DEF,Arsenal,6.7,a,,100,100,7.6,57,23,0,0,4,0,0.8,10,0.00,0.00,0.00,0.23,36,0,0,1.1,4.2,2026-09-12T19:00:00Z,45,False,20,0,0,0,0,4,0,815166,1,2,0,6.0,1,6399,123355,116956,55,False,0,1,3,0,2,4
Andrew Robertson,DEF,Spurs,2.0,a,,,,2.8,107,41,0,1,30,1,31.5,502,0.09,0.16,0.07,1.11,37,0,0,5.0,10.8,2026-09-12T16:30:00Z,90,False,9,0,0,0,0,4,0,278552,1,0,0,8.0,7,-57673,5647,63320,44,True,0,2,2,3,0,4
Igor Jesus Maciel da Cruz,FWD,Nott'm Forest,1.3,a,,,,2.6,114,16,0,2,34,0,11.0,491,0.01,0.14,0.13,0.09,31,0,1,6.4,36.4,2026-09-12T14:00:00Z,15,False,2,0,0,0,0,4,0,253573,0,2,1,17.0,7,-61409,12811,74220,59,False,0,0,3,3,0,4
Jefferson Lerma Solís,MID,Crystal Palace,0.0,a,,,,0.1,445,175,0,0,3,0,0.3,213,0.00,0.00,0.00,0.48,34,1,0,0.3,2.2,2026-09-12T14:00:00Z,6,False,12,0,0,0,0,4,0,8598,0,3,2,0.0,1,-806,327,1133,49,True,0,1,1,0,0,4
Ephron Mason-Clark,MID,Coventry City,1.0,a,,100,100,0.1,429,166,0,0,5,0,1.0,186,0.01,0.50,0.49,1.37,38,2,0,5.1,6.0,2026-09-13T13:00:00Z,59,False,5,0,0,0,0,4,0,9746,1,5,0,44.0,1,-780,222,1002,54,True,0,2,4,2,0,4
Arnaud Kalimuendo,FWD,Nott'm Forest,0.3,a,,,,0.1,489,67,0,0,0,0,0.0,493,0.00,0.00,0.00,0.00,31,0,0,0.0,0.0,2026-09-12T14:00:00Z,0,False,2,0,0,0,0,4,0,5715,0,2,1,0.0,0,281,1150,869,54,False,0,0,0,0,0,4
Alex Iwobi,MID,Fulham,2.0,a,,,,0.8,218,69,0,0,15,1,33.7,261,0.11,0.26,0.15,0.81,35,0,0,5.1,7.6,2026-09-12T14:00:00Z,76,False,14,0,0,0,0,4,0,75540,1,0,0,10.0,3,-14119,2396,16515,54,False,0,0,4,3,1,4
Jack Rudoni,MID,Coventry City,2.0,a,,100,100,0.1,408,154,0,0,11,0,55.5,183,0.73,1.06,0.33,2.16,38,3,0,9.1,10.8,2026-09-13T13:00:00Z,72,False,5,0,0,0,0,4,0,11698,1,5,0,25.0,2,-812,965,1777,50,True,0,2,5,3,0,4
Lewis Cook,MID,Bournemouth,2.3,a,,,,0.2,335,119,0,0,-1,0,0.3,71,0.00,0.00,0.00,0.11,32,0,0,0.1,0.6,2026-09-12T14:00:00Z,8,False,4,0,0,0,0,4,0,21878,0,2,2,0.0,0,-1358,2134,3492,50,True,1,2,2,0,0,4
Divine Mukasa,MID,Man City,0.0,u,has joined West Ham on loan for the rest of the seaon.,0,0,0.1,409,155,0,0,0,0,0.0,409,0.00,0.00,0.00,0.00,39,0,0,0.0,0.0,2026-09-13T15:30:00Z,0,False,16,0,0,0,0,4,0,11304,0,1,0,0.0,0,-3408,0,3408,45,False,0,0,0,0,0,4
Anthony Patterson,GK,Sunderland,0.0,u,Has joined Wrexham permanently,0,0,0.1,391,46,0,0,0,0,0.0,530,0.00,0.00,0.00,0.00,36,0,0,0.0,0.0,2026-09-12T19:00:00Z,0,False,1,0,0,0,0,4,0,13568,0,2,0,0.0,0,-986,0,986,40,True,0,0,0,0,0,4
Rúben dos Santos Gato Alves Dias,DEF,Man City,3.3,a,,,,1.8,134,55,0,0,24,1,0.2,390,0.00,0.00,0.00,1.00,39,0,0,2.0,17.4,2026-09-13T15:30:00Z,90,False,16,0,0,0,0,4,0,188216,1,1,0,2.0,6,-6512,11031,17543,55,False,0,7,7,2,0,4
Gianluigi Donnarumma,GK,Man City,3.3,a,,,,7.6,56,8,0,0,29,1,0.0,384,0.00,0.00,0.00,1.00,39,0,0,2.1,20.6,2026-09-13T15:30:00Z,90,False,16,0,0,0,0,4,3,797609,1,1,0,0.0,7,-46242,32234,78476,55,False,0,0,0,10,0,4
Ismaïla Sarr,MID,Crystal Palace,0.0,i,Groin injury - Unknown return date,0,0,0.8,208,65,0,0,0,0,0.0,208,0.00,0.00,0.00,0.00,34,0,0,0.0,0.0,2026-09-12T14:00:00Z,0,False,12,0,0,0,0,4,0,77747,0,3,2,0.0,0,-36877,179,37056,63,True,0,0,0,0,0,4
Jair Paula da Cunha Filho,DEF,Nott'm Forest,3.3,a,,,,0.2,327,120,0,0,0,0,0.0,474,0.00,0.00,0.00,0.00,31,0,0,0.0,0.0,2026-09-12T14:00:00Z,0,False,2,0,0,0,0,4,0,24942,0,2,1,0.0,0,3885,8098,4213,45,False,0,0,0,0,0,4
Diego Gómez Amarilla,MID,Brighton,4.3,a,,,,4.8,73,23,0,0,6,1,9.0,127,0.06,0.20,0.14,1.30,38,0,0,2.0,2.4,2026-09-13T13:00:00Z,83,False,7,0,0,0,0,4,0,522783,1,5,0,9.0,3,5076,107677,102601,50,False,0,1,3,2,0,4
Veljko Milosavljevic,DEF,Bournemouth,0.0,i,Unspecified injury - Unknown return date,0,0,0.0,610,205,0,0,0,0,0.0,63,0.00,0.00,0.00,0.00,32,0,0,0.0,0.0,2026-09-12T14:00:00Z,0,False,4,0,0,0,0,4,0,852,0,2,2,0.0,0,-94,70,164,50,True,0,0,0,0,0,4
Cristhian Mosquera,DEF,Arsenal,3.0,d,Muscular injury - 50% chance of playing,75,50,3.0,104,40,0,0,0,0,0.0,11,0.00,0.00,0.00,0.00,36,0,0,0.0,0.0,2026-09-12T19:00:00Z,0,False,20,0,0,0,0,4,0,248830,0,2,0,0.0,0,-201802,733,202535,54,False,0,0,0,0,0,4
Gonzalo García,FWD,Fulham,3.3,a,,,,4.1,84,11,0,0,5,1,10.9,569,0.03,0.23,0.20,0.81,35,0,0,2.5,4.4,2026-09-12T14:00:00Z,76,False,14,0,0,0,0,4,0,405535,1,0,0,10.0,2,-70216,38609,108825,60,False,0,1,3,2,0,4
James Hill,DEF,Bournemouth,2.0,a,,,,0.8,207,80,0,0,5,0,11.4,60,0.01,0.01,0.00,0.50,32,2,0,3.3,22.0,2026-09-12T14:00:00Z,90,False,4,0,0,0,0,4,0,89044,1,2,2,0.0,2,-2382,8173,10555,55,True,1,10,11,3,1,4
Tom Cairney,MID,Fulham,0.0,i,Knee injury - Expected back 10 Oct,0,0,0.0,636,277,0,0,0,0,0.0,266,0.00,0.00,0.00,0.00,35,0,0,0.0,0.0,2026-09-12T14:00:00Z,0,False,14,0,0,0,0,4,0,348,0,0,0,0.0,0,-3,50,53,50,False,0,0,0,0,0,4
Abu Kamara,MID,Hull City,0.0,u,Has joined Portsmouth permanently,0,0,0.0,645,284,0,0,0,0,0.0,293,0.00,0.00,0.00,0.00,33,0,0,0.0,0.0,2026-09-12T14:00:00Z,0,False,6,0,0,0,0,4,0,215,0,2,2,0.0,0,-47,0,47,50,False,0,0,0,0,0,4
Micky van de Ven,DEF,Spurs,3.0,a,,100,100,3.8,87,33,0,0,27,1,3.1,503,0.02,0.02,0.00,1.11,37,0,0,1.8,15.0,2026-09-12T16:30:00Z,90,False,9,0,0,0,0,4,0,414668,1,0,0,0.0,6,10120,33873,23753,50,True,0,6,6,4,0,4
Martin Ødegaard,MID,Arsenal,8.0,a,,,,16.2,25,10,0,0,26,1,58.2,15,0.25,0.25,0.00,1.80,36,0,0,8.0,19.4,2026-09-12T19:00:00Z,84,False,20,0,0,0,0,4,0,2036643,1,2,0,2.0,3,702273,820232,117959,67,False,0,1,5,3,1,4
Mamadou Sangaré,MID,Brentford,6.0,a,,,,13.4,30,12,0,0,19,0,9.4,565,0.28,0.28,0.00,1.75,32,2,0,2.8,18.2,2026-09-12T14:00:00Z,90,False,3,0,0,0,0,4,0,1351673,1,2,2,0.0,4,-207682,106889,314571,57,False,0,1,13,6,6,4
Thierno Barry,FWD,Everton,4.0,a,,,,5.9,66,10,0,0,5,1,14.0,249,0.03,0.70,0.67,0.69,37,0,0,7.4,3.2,2026-09-12T16:30:00Z,90,False,19,0,0,0,0,4,0,666569,1,0,0,57.0,2,153695,273770,120075,56,False,0,1,2,1,0,4
Malick Yalcouyé,MID,Brighton,3.7,a,,,,3.1,101,32,0,0,29,1,12.8,605,0.01,0.68,0.67,1.11,38,0,1,10.3,47.4,2026-09-13T13:00:00Z,64,False,7,0,0,0,0,4,0,374976,1,5,0,43.0,8,125140,185444,60304,45,False,0,2,6,2,2,4
Floyd Samba,MID,Man City,1.0,a,,,,0.0,509,207,0,0,0,0,0.0,653,0.00,0.00,0.00,0.00,39,0,0,0.0,0.0,2026-09-13T15:30:00Z,0,False,16,0,0,0,0,4,0,5002,0,1,0,0.0,0,2090,2898,808,45,False,0,0,0,0,0,4
Omari Hutchinson,MID,Nott'm Forest,0.0,u,Has joined AC Milan on loan for the rest of the season,0,0,0.1,436,170,0,0,0,0,0.0,484,0.00,0.00,0.00,0.00,31,0,0,0.0,0.0,2026-09-12T14:00:00Z,0,False,2,0,0,0,0,4,0,8921,0,2,1,0.0,0,-2676,0,2676,54,False,0,0,0,0,0,4
Quinten Timber,MID,Crystal Palace,1.5,a,,,,0.0,565,235,0,0,24,0,4.9,644,0.03,0.13,0.10,1.68,34,3,0,5.7,25.2,2026-09-12T14:00:00Z,90,False,12,0,0,0,0,4,0,2570,1,3,2,27.0,4,1293,1757,464,50,True,0,2,16,6,8,4
Kaye Furo,FWD,Brentford,0.0,a,,,,1.1,177,27,0,0,0,0,0.0,107,0.00,0.00,0.00,0.00,32,0,0,0.0,0.0,2026-09-12T14:00:00Z,0,False,3,0,0,0,0,4,0,119195,0,2,2,0.0,0,4526,19067,14541,45,False,0,0,0,0,0,4
Jules Ahoka,MID,Sunderland,0.0,a,,,,0.3,314,110,0,0,0,0,0.0,613,0.00,0.00,0.00,0.00,36,0,0,0.0,0.0,2026-09-12T19:00:00Z,0,False,1,0,0,0,0,4,0,29307,0,2,0,0.0,0,2550,6933,4383,45,True,0,0,0,0,0,4
Tim Iroegbunam,MID,Hull City,0.3,a,,100,100,0.0,582,243,0,0,2,0,0.2,240,0.00,0.00,0.00,0.35,33,0,0,0.3,3.0,2026-09-12T14:00:00Z,21,False,6,0,0,0,0,4,0,1598,0,2,2,0.0,0,128,334,206,50,False,1,1,2,0,1,4
Ashley Phillips,DEF,Spurs,0.0,u,Has joined Middlesbrough permanently,0,0,0.0,584,197,0,0,0,0,0.0,507,0.00,0.00,0.00,0.00,37,0,0,0.0,0.0,2026-09-12T16:30:00Z,0,False,9,0,0,0,0,4,0,1474,0,0,0,0.0,0,-139,0,139,45,True,0,0,0,0,0,4
Archie Gray,MID,Spurs,1.3,a,,,,0.2,344,124,0,0,13,1,6.7,522,0.03,0.12,0.09,1.08,37,0,0,2.6,9.6,2026-09-12T16:30:00Z,84,False,9,0,0,0,0,4,0,19703,1,0,0,10.0,3,-2439,876,3315,50,True,0,4,11,5,2,4
Leif Davis,DEF,Ipswich Town,3.0,a,,,,5.1,71,29,2,1,35,0,17.1,305,0.19,0.71,0.52,0.62,34,2,1,11.1,54.8,2026-09-12T14:00:00Z,90,False,8,0,0,0,0,4,0,543743,1,3,2,39.0,14,-14896,45631,60527,40,False,0,2,2,0,0,4
Milos Kerkez,DEF,Liverpool,2.0,a,,,,2.7,109,42,0,0,6,0,7.1,358,0.01,0.01,0.00,0.30,35,0,0,1.7,9.8,2026-09-12T14:00:00Z,45,False,10,0,0,0,0,4,0,288013,0,0,0,0.0,1,-22124,12338,34462,54,True,0,2,3,0,1,4
Dane Scarlett,FWD,Spurs,0.0,u,Has joined Leyton Orient permanently,0,0,1.4,155,23,0,0,0,0,0.0,528,0.00,0.00,0.00,0.00,37,0,0,0.0,0.0,2026-09-12T16:30:00Z,0,False,9,0,0,0,0,4,0,142066,0,0,0,0.0,0,-31099,0,31099,45,True,0,0,0,0,0,4
Richarlison de Andrade,FWD,Spurs,0.0,u,not included in squad.,0,0,1.0,183,29,0,0,0,0,0.0,527,0.00,0.00,0.00,0.00,37,0,0,0.0,0.0,2026-09-12T16:30:00Z,0,False,9,0,0,0,0,4,0,94527,0,0,0,0.0,0,-69368,0,69368,59,True,0,0,0,0,0,4
Tyler Fletcher,MID,Man Utd,0.0,a,,,,0.3,297,102,0,0,0,0,0.0,438,0.00,0.00,0.00,0.00,39,0,0,0.0,0.0,2026-09-13T15:30:00Z,0,False,15,0,0,0,0,4,0,31369,0,1,0,0.0,0,-1858,1320,3178,45,True,0,0,0,0,0,4
Yehor Yarmoliuk,MID,Brentford,0.7,a,,,,0.8,213,66,1,0,19,0,22.8,102,0.21,0.21,0.00,1.25,32,2,0,4.9,22.0,2026-09-12T14:00:00Z,59,False,3,0,0,0,0,4,0,78222,1,2,2,4.0,4,-15709,706,16415,49,False,0,2,5,3,0,4
Cole Palmer,MID,Chelsea,7.0,a,,100,100,24.8,9,5,1,0,28,0,37.6,154,0.25,0.38,0.13,1.38,33,2,0,6.8,18.6,2026-09-12T14:00:00Z,90,False,11,0,0,0,0,4,0,3081598,1,2,2,12.0,5,842103,946062,103959,97,True,0,0,3,3,0,4
Ali Al-Hamadi,FWD,Ipswich Town,0.0,u,Has joined Sheffield Wednesday on loan for the rest of the season,0,0,0.1,473,66,0,0,0,0,0.0,322,0.00,0.00,0.00,0.00,34,0,0,0.0,0.0,2026-09-12T14:00:00Z,0,False,8,0,0,0,0,4,0,6747,0,3,2,0.0,0,-1678,0,1678,50,False,0,0,0,0,0,4
Chris Richards,DEF,Crystal Palace,1.3,a,,,,0.7,227,86,0,0,2,0,5.9,202,0.06,0.06,0.00,1.68,34,3,0,2.8,22.4,2026-09-12T14:00:00Z,90,False,12,0,0,0,0,4,0,74063,1,3,2,0.0,2,497,9105,8608,50,True,1,12,13,6,1,4
Harvey Davies,GK,Liverpool,0.0,a,,,,0.2,364,40,0,0,0,0,0.0,355,0.00,0.00,0.00,0.00,35,0,0,0.0,0.0,2026-09-12T14:00:00Z,0,False,10,0,0,0,0,4,0,16844,0,0,0,0.0,0,67,1195,1128,40,True,0,0,0,0,0,4
Jeremy Monga,MID,Man City,0.0,u,Has joined Swansea City on loan for the rest of the season,0,0,0.0,602,256,0,0,0,0,0.0,410,0.00,0.00,0.00,0.00,39,0,0,0.0,0.0,2026-09-13T15:30:00Z,0,False,16,0,0,0,0,4,0,989,0,1,0,0.0,0,-363,0,363,49,False,0,0,0,0,0,4
Leon Goretzka,MID,Aston Villa,0.0,i,Knee injury - Expected back 10 Oct,,0,0.0,503,203,0,0,0,0,0.0,618,0.00,0.00,0.00,0.00,31,0,0,0.0,0.0,2026-09-12T14:00:00Z,0,False,18,0,0,0,0,4,0,4178,0,2,1,0.0,0,-1201,901,2102,60,True,0,0,0,0,0,4
Frank Onyeka,MID,Coventry City,1.3,a,,,,0.1,406,153,0,0,11,0,0.9,104,0.01,0.04,0.03,2.16,38,3,0,2.8,6.2,2026-09-13T13:00:00Z,72,False,5,0,0,0,0,4,0,11832,1,5,0,21.0,2,-1084,629,1713,49,True,0,2,7,4,1,4
Zadok Yohanna,MID,Brighton,0.3,i,Unspecified injury - Expected back 10 Oct,,0,0.1,491,197,0,0,0,0,0.0,135,0.00,0.00,0.00,0.00,38,0,0,0.0,0.0,2026-09-13T13:00:00Z,0,False,7,0,0,0,0,4,0,5076,0,5,0,0.0,0,-1135,318,1453,49,False,0,0,0,0,0,4
Noni Madueke,MID,Arsenal,0.7,a,,,,0.2,323,115,0,0,0,0,0.0,16,0.00,0.00,0.00,0.00,36,0,0,0.0,0.0,2026-09-12T19:00:00Z,0,False,20,0,0,0,0,4,0,23695,0,2,0,0.0,0,-3081,1399,4480,63,False,0,0,0,0,0,4
Takehiro Tomiyasu,DEF,Crystal Palace,0.7,a,,,,0.3,295,107,0,0,6,0,1.3,577,0.01,0.01,0.00,1.29,34,2,0,1.6,10.2,2026-09-12T14:00:00Z,53,False,12,0,0,0,0,4,0,31339,0,3,2,4.0,0,-2574,625,3199,45,True,0,4,5,3,1,4
Francisco Evanilson de Lima Barbosa,FWD,Bournemouth,3.7,a,,,,3.2,96,14,1,0,22,0,40.0,79,0.25,0.25,0.00,0.48,32,2,0,6.7,22.8,2026-09-12T14:00:00Z,90,False,4,0,0,0,0,4,0,349369,1,2,2,4.0,5,3494,48861,45367,60,True,0,1,4,3,0,4
Mason Mount,MID,Man Utd,0.0,a,,75,100,0.0,556,229,0,0,0,0,0.0,430,0.00,0.00,0.00,0.00,39,0,0,0.0,0.0,2026-09-13T15:30:00Z,0,False,15,0,0,0,0,4,0,2733,0,1,0,0.0,0,54,272,218,54,True,0,0,0,0,0,4
Harvey Elliott,MID,Liverpool,0.0,u,Has joined Valencia on loan for the rest of the season,0,0,0.0,508,206,0,0,0,0,0.0,383,0.00,0.00,0.00,0.00,35,0,0,0.0,0.0,2026-09-12T14:00:00Z,0,False,10,0,0,0,0,4,0,4155,0,0,0,0.0,0,-1672,0,1672,54,True,0,0,0,0,0,4
James Rowswell,DEF,Spurs,0.0,a,,,,0.1,441,158,0,0,0,0,0.0,510,0.00,0.00,0.00,0.00,37,0,0,0.0,0.0,2026-09-12T16:30:00Z,0,False,9,0,0,0,0,4,0,9696,0,0,0,0.0,0,64,824,760,40,True,0,0,0,0,0,4
Luca Netz,DEF,Nott'm Forest,0.7,a,,,,0.0,536,185,0,0,0,0,0.0,478,0.00,0.00,0.00,0.00,31,0,0,0.0,0.0,2026-09-12T14:00:00Z,0,False,2,0,0,0,0,4,0,3279,0,2,1,0.0,0,-264,104,368,45,False,0,0,0,0,0,4
Josh Acheampong,DEF,Chelsea,1.7,a,,,,0.4,278,102,0,0,0,0,0.0,151,0.00,0.00,0.00,0.00,33,0,0,0.0,0.0,2026-09-12T14:00:00Z,0,False,11,0,0,0,0,4,0,42181,0,2,2,0.0,0,1716,6326,4610,45,True,0,0,0,0,0,4
Altay Bayındır,GK,Man Utd,0.0,u,Has joined Celta Vigo on loan for the rest of the season,0,0,0.0,592,69,0,0,0,0,0.0,413,0.00,0.00,0.00,0.00,39,0,0,0.0,0.0,2026-09-13T15:30:00Z,0,False,15,0,0,0,0,4,0,1335,0,1,0,0.0,0,-137,0,137,45,True,0,0,0,0,0,4
Matt Crooks,MID,Hull City,0.5,a,,75,100,0.5,252,83,0,0,2,0,0.4,289,0.00,0.00,0.00,0.55,33,2,0,1.1,11.0,2026-09-12T14:00:00Z,68,False,6,0,0,0,0,4,0,52575,1,2,2,0.0,1,-6726,2257,8983,45,False,1,5,10,3,2,4
Steven Benda,GK,Nott'm Forest,0.0,a,,,,0.1,469,53,0,0,0,0,0.0,590,0.00,0.00,0.00,0.00,31,0,0,0.0,0.0,2026-09-12T14:00:00Z,0,False,2,0,0,0,0,4,0,7551,0,2,1,0.0,0,-80,543,623,45,False,0,0,0,0,0,4
Tosin Adarabioyo,DEF,Spurs,0.0,a,,,,0.2,358,135,0,0,5,0,0.2,147,0.00,0.00,0.00,0.03,37,0,0,0.9,9.0,2026-09-12T16:30:00Z,5,False,9,0,0,0,0,4,0,17024,0,0,0,0.0,1,-999,639,1638,44,True,0,2,4,1,2,4
Matt O'Riley,MID,Brighton,0.0,a,,,,0.1,422,163,0,0,4,0,10.5,126,0.01,0.01,0.00,0.04,38,0,0,1.3,2.2,2026-09-13T13:00:00Z,6,False,7,0,0,0,0,4,0,10605,0,5,0,0.0,1,-515,901,1416,55,False,0,0,1,1,0,4
Trai Hume,DEF,Sunderland,3.0,a,,,,4.2,83,32,0,0,0,0,0.0,534,0.00,0.00,0.00,0.00,36,0,0,0.0,0.0,2026-09-12T19:00:00Z,0,False,1,0,0,0,0,4,0,392084,0,2,0,0.0,0,-149674,3636,153310,44,True,0,0,0,0,0,4
Gerónimo Rulli,GK,Man City,0.0,a,,,,0.0,566,66,0,0,0,0,0.0,587,0.00,0.00,0.00,0.00,39,0,0,0.0,0.0,2026-09-13T15:30:00Z,0,False,16,0,0,0,0,4,0,2136,0,1,0,0.0,0,-127,129,256,50,False,0,0,0,0,0,4
James McConnell,MID,Liverpool,0.0,a,,,,0.2,325,117,0,0,0,0,0.0,378,0.00,0.00,0.00,0.00,35,0,0,0.0,0.0,2026-09-12T14:00:00Z,0,False,10,0,0,0,0,4,0,23763,0,0,0,0.0,0,-1744,870,2614,45,True,0,0,0,0,0,4
Fábio Ferreira Vieira,MID,Arsenal,0.0,u,Has joined Hamburger SV permanently,0,0,0.0,617,264,0,0,0,0,0.0,23,0.00,0.00,0.00,0.00,36,0,0,0.0,0.0,2026-09-12T19:00:00Z,0,False,20,0,0,0,0,4,0,708,0,2,0,0.0,0,-265,0,265,55,False,0,0,0,0,0,4
Manuel Ugarte Ribeiro,MID,Man Utd,0.0,i,Knee injury - Unknown return date,0,0,0.0,634,275,0,0,0,0,0.0,433,0.00,0.00,0.00,0.00,39,0,0,0.0,0.0,2026-09-13T15:30:00Z,0,False,15,0,0,0,0,4,0,388,0,1,0,0.0,0,-22,25,47,50,True,0,0,0,0,0,4
Tyrone Mings,DEF,Aston Villa,2.3,a,,,,0.4,277,101,0,0,0,0,0.6,33,0.00,0.09,0.09,2.08,31,2,0,2.0,15.6,2026-09-12T14:00:00Z,65,False,18,0,0,0,0,4,0,43024,0,2,1,4.0,0,2788,5312,2524,45,True,1,4,5,2,1,4
Kobbie Mainoo,MID,Man Utd,4.7,a,,,,1.3,163,50,0,0,20,0,37.2,432,0.07,0.10,0.03,1.10,39,1,0,5.8,19.8,2026-09-13T15:30:00Z,90,False,15,0,0,0,0,4,0,147734,1,1,0,1.0,4,17969,30157,12188,55,True,0,4,13,9,0,4
James McAtee,MID,Nott'm Forest,2.3,a,,,,0.1,443,173,0,0,18,0,27.3,486,0.38,0.41,0.03,0.73,31,1,0,5.2,14.8,2026-09-12T14:00:00Z,81,False,2,0,0,0,0,4,0,9321,1,2,1,10.0,3,546,1956,1410,55,False,1,4,12,5,3,4
Aaron Wan-Bissaka,DEF,Aston Villa,1.0,a,,,,0.2,355,134,0,0,11,0,13.3,611,0.06,0.06,0.00,2.28,31,2,0,3.9,26.0,2026-09-12T14:00:00Z,90,False,18,0,0,0,0,4,0,19667,1,2,1,0.0,3,1842,4076,2234,45,True,0,7,12,1,5,4
Liam Kitching,DEF,Coventry City,0.0,u,Has joined Sheffield United on loan for the rest of the season,0,0,0.4,263,96,0,0,0,0,0.0,174,0.00,0.00,0.00,0.00,38,0,0,0.0,0.0,2026-09-13T13:00:00Z,0,False,5,0,0,0,0,4,0,43580,0,5,0,0.0,0,-10533,0,10533,40,True,0,0,0,0,0,4
Haji Wright,FWD,Coventry City,0.0,i,Thigh injury - Unknown return date,0,0,0.1,439,64,0,0,0,0,0.0,193,0.00,0.00,0.00,0.00,38,0,0,0.0,0.0,2026-09-13T13:00:00Z,0,False,5,0,0,0,0,4,0,8935,0,5,0,0.0,0,-1789,117,1906,54,True,0,0,0,0,0,4
David Raya Martín,GK,Arsenal,5.0,a,,,,39.0,5,1,0,3,38,1,0.2,1,0.00,0.00,0.00,1.80,36,0,0,3.8,37.8,2026-09-12T19:00:00Z,90,False,20,0,0,1,0,4,2,4195206,1,2,0,0.0,14,34449,249119,214670,60,False,0,2,0,14,0,4
Joshua Zirkzee,FWD,Man Utd,0.0,a,,,,0.4,264,46,0,0,4,0,4.8,440,0.01,0.01,0.00,0.02,39,0,0,0.9,4.4,2026-09-13T15:30:00Z,7,False,15,0,0,0,0,4,0,45127,0,1,0,0.0,1,-4849,3614,8463,54,True,0,1,3,2,0,4
Harvey Cartwright,GK,Hull City,0.0,u,Has joined Grimsby Town on loan for the rest of the season,0,0,0.0,614,71,0,0,0,0,0.0,275,0.00,0.00,0.00,0.00,33,0,0,0.0,0.0,2026-09-12T14:00:00Z,0,False,6,0,0,0,0,4,0,751,0,2,2,0.0,0,-67,0,67,40,False,0,0,0,0,0,4
Jaka Bijol,DEF,Leeds,4.0,a,,,,0.8,206,79,0,0,0,0,0.0,327,0.00,0.00,0.00,0.00,40,0,0,0.0,0.0,2026-09-14T19:00:00Z,0,False,17,0,0,0,0,4,0,87595,0,1,4,0.0,0,-10468,4371,14839,50,True,0,0,0,0,0,4
Hákon Rafn Valdimarsson,GK,Brentford,0.0,a,,,,0.1,420,48,0,0,0,0,0.0,83,0.00,0.00,0.00,0.00,32,0,0,0.0,0.0,2026-09-12T14:00:00Z,0,False,3,0,0,0,0,4,0,10856,0,2,2,0.0,0,-438,631,1069,45,False,0,0,0,0,0,4
Joe Rodon,DEF,Leeds,0.0,i,Hamstring injury - Expected back 21 Nov,0,0,1.5,151,63,0,0,0,0,0.0,329,0.00,0.00,0.00,0.00,40,0,0,0.0,0.0,2026-09-14T19:00:00Z,0,False,17,0,0,0,0,4,0,118013,0,1,4,0.0,0,-112676,168,112844,44,True,0,0,0,0,0,4
Will Dennis,GK,Bournemouth,0.0,u,Has joined MK Dons permanently,0,0,0.1,377,42,0,0,0,0,0.0,59,0.00,0.00,0.00,0.00,32,0,0,0.0,0.0,2026-09-12T14:00:00Z,0,False,4,0,0,0,0,4,0,14269,0,2,2,0.0,0,-1608,0,1608,40,True,0,0,0,0,0,4
Wilfried Gnonto,MID,Leeds,0.0,u,Has joined ACF Fiorentina on loan for the rest of the season,0,0,0.0,604,257,0,0,0,0,0.0,341,0.00,0.00,0.00,0.00,40,0,0,0.0,0.0,2026-09-14T19:00:00Z,0,False,17,0,0,0,0,4,0,947,0,1,4,0.0,0,-435,0,435,50,True,0,0,0,0,0,4
Dara O'Shea,DEF,Ipswich Town,2.3,a,,,,3.0,103,39,0,0,5,0,30.8,304,0.08,0.08,0.00,0.62,34,2,0,6.4,29.6,2026-09-12T14:00:00Z,90,False,8,0,0,0,0,4,0,317758,1,3,2,4.0,1,-22365,18186,40551,40,False,0,7,9,2,2,4
Dominic Calvert-Lewin,FWD,Leeds,3.3,a,,,,22.9,12,3,1,2,37,1,12.2,346,0.00,0.87,0.87,0.59,40,0,1,13.0,51.0,2026-09-14T19:00:00Z,77,False,17,0,0,0,0,4,0,2292933,1,1,4,67.0,10,-377508,100296,477804,60,True,1,1,5,4,0,4
Jake Bidwell,DEF,Coventry City,0.0,a,,,,0.1,447,159,0,0,0,0,0.0,178,0.00,0.00,0.00,0.00,38,0,0,0.0,0.0,2026-09-13T13:00:00Z,0,False,5,0,0,0,0,4,0,8754,0,5,0,0.0,0,-160,645,805,40,True,0,0,0,0,0,4
Kieran Dowell,MID,Hull City,0.0,a,,,,0.3,288,98,0,0,0,0,0.0,288,0.00,0.00,0.00,0.00,33,0,0,0.0,0.0,2026-09-12T14:00:00Z,0,False,6,0,0,0,0,4,0,35795,0,2,2,0.0,0,-2198,2721,4919,45,False,0,0,0,0,0,4
Youri Tielemans,MID,Man Utd,2.7,a,,100,100,1.7,138,43,0,0,15,0,13.8,43,0.04,0.04,0.00,0.53,39,1,0,3.0,12.2,2026-09-13T15:30:00Z,66,False,15,0,0,0,0,4,0,177688,1,1,0,4.0,2,-30355,7880,38235,59,True,0,3,5,0,2,4
Paddy McNair,DEF,Hull City,0.3,a,,,100,0.1,401,148,0,0,0,0,0.0,285,0.00,0.00,0.00,0.00,33,0,0,0.0,0.0,2026-09-12T14:00:00Z,0,False,6,0,0,0,0,4,0,12640,0,2,2,0.0,0,-629,574,1203,40,False,0,0,0,0,0,4
Julián Araujo Zúñiga,DEF,Bournemouth,0.0,i,Thigh injury - Unknown return date,0,0,0.0,594,201,0,0,0,0,0.0,65,0.00,0.00,0.00,0.00,32,0,0,0.0,0.0,2026-09-12T14:00:00Z,0,False,4,0,0,0,0,4,0,1303,0,2,2,0.0,0,-117,99,216,44,True,0,0,0,0,0,4
Jason Steele,GK,Brighton,0.0,a,,,,4.3,81,12,0,0,0,0,0.0,111,0.00,0.00,0.00,0.00,38,0,0,0.0,0.0,2026-09-13T13:00:00Z,0,False,7,0,0,0,0,4,0,460442,0,5,0,0.0,0,10916,46956,36040,40,False,0,0,0,0,0,4
Joachim Andersen,DEF,Fulham,0.7,a,,100,100,0.1,381,143,0,0,0,0,0.0,253,0.00,0.00,0.00,0.00,35,0,0,0.0,0.0,2026-09-12T14:00:00Z,0,False,14,0,0,0,0,4,0,13284,0,0,0,0.0,0,-1378,1887,3265,50,False,0,0,0,0,0,4
Emiliano Martínez Romero,GK,Chelsea,1.7,a,,,,5.1,72,11,0,0,10,0,0.0,28,0.00,0.00,0.00,1.38,33,2,0,2.0,19.6,2026-09-12T14:00:00Z,90,False,11,0,0,0,0,4,3,564431,1,2,2,0.0,2,68402,119022,50620,50,True,0,0,0,10,0,4
Dan Ndoye,MID,Nott'm Forest,4.3,a,,,,0.7,234,77,0,0,1,0,12.5,483,0.25,0.95,0.70,0.73,31,1,0,4.7,0.0,2026-09-12T14:00:00Z,74,False,2,0,0,0,0,4,0,67800,1,2,1,38.0,1,-3202,9828,13030,55,False,1,0,2,2,0,4
Taiwo Awoniyi,FWD,Coventry City,1.7,a,,,,0.7,231,38,0,0,-5,0,10.9,492,0.01,0.07,0.06,1.37,38,5,0,1.9,0.0,2026-09-13T13:00:00Z,52,False,5,0,0,0,1,4,0,69089,1,5,0,10.0,-2,-3108,7191,10299,55,True,0,0,2,1,1,4
Leny Yoro,DEF,Man Utd,0.7,a,,,,0.5,249,92,0,0,0,0,0.0,420,0.00,0.00,0.00,0.00,39,0,0,0.0,0.0,2026-09-13T15:30:00Z,0,False,15,0,0,0,0,4,0,52988,0,1,0,0.0,0,-6069,894,6963,49,True,0,0,0,0,0,4
Anton Stach,MID,Leeds,6.3,a,,,,2.8,108,34,0,0,16,1,40.4,335,0.07,0.50,0.43,0.59,40,0,0,6.4,12.0,2026-09-14T19:00:00Z,87,False,17,0,0,0,0,4,0,291170,1,1,4,12.0,3,-19365,29721,49086,60,True,0,3,10,5,2,4
William Osula,FWD,Newcastle,0.0,i,Foot injury - Unknown return date,0,0,0.4,269,48,0,0,0,0,0.0,465,0.00,0.00,0.00,0.00,40,0,0,0.0,0.0,2026-09-14T19:00:00Z,0,False,13,0,0,0,0,4,0,41129,0,1,4,0.0,0,-12652,234,12886,59,False,0,0,0,0,0,4
Erling Haaland,FWD,Man City,8.0,a,,,,71.3,2,2,0,3,36,1,1.6,411,0.01,0.88,0.87,1.00,39,0,1,7.3,34.0,2026-09-13T15:30:00Z,90,False,16,0,0,0,0,4,0,7610939,1,1,0,37.0,9,45312,178187,132875,155,False,0,0,3,3,0,4
Dillon Phillips,GK,Hull City,0.0,a,,,,1.5,152,22,0,0,0,0,0.0,273,0.00,0.00,0.00,0.00,33,0,0,0.0,0.0,2026-09-12T14:00:00Z,0,False,6,0,0,0,0,4,0,154407,0,2,2,0.0,0,-1217,8596,9813,40,False,0,0,0,0,0,4
Álvaro Rodríguez,FWD,Bournemouth,0.3,a,,100,100,0.1,402,58,0,0,3,0,0.5,81,0.00,0.00,0.00,0.02,32,0,0,0.1,0.0,2026-09-12T14:00:00Z,1,False,4,0,0,0,0,4,0,12593,0,2,2,0.0,1,-409,1247,1656,60,True,0,0,0,0,0,4
Hayden Hackney,MID,Everton,2.7,a,,100,100,0.2,337,120,0,0,3,0,10.8,247,0.02,0.02,0.00,0.26,37,0,0,1.8,3.2,2026-09-12T16:30:00Z,15,False,19,0,0,0,0,4,0,21723,0,0,0,4.0,1,-480,1482,1962,55,False,0,1,1,0,0,4
Jacob Murphy,MID,Newcastle,0.7,a,,,,0.1,388,142,0,0,2,0,3.7,457,0.14,0.14,0.00,1.91,40,3,0,0.7,1.2,2026-09-14T19:00:00Z,56,False,13,0,0,0,0,4,0,13575,1,1,4,2.0,0,-1103,1062,2165,59,False,1,0,4,3,1,4
Neco Williams,DEF,Nott'm Forest,5.0,a,,,,8.2,50,19,0,0,9,0,19.9,469,0.16,0.36,0.20,0.82,31,1,0,3.9,8.8,2026-09-12T14:00:00Z,90,False,2,0,0,0,0,4,0,864022,1,2,1,10.0,2,7392,91886,84494,50,False,0,2,3,1,1,4
Mikey Moore,MID,Spurs,0.0,u,Has joined FC Köln on loan for the rest of the season,0,0,0.1,438,171,0,0,0,0,0.0,523,0.00,0.00,0.00,0.00,37,0,0,0.0,0.0,2026-09-12T16:30:00Z,0,False,9,0,0,0,0,4,0,8137,0,0,0,0.0,0,-5490,0,5490,50,True,0,0,0,0,0,4
El Hadji Malick Diouf,DEF,Brentford,0.0,a,,,,0.1,433,155,0,0,4,0,1.0,620,0.01,0.01,0.00,0.50,32,0,0,0.4,3.4,2026-09-12T14:00:00Z,30,False,3,0,0,0,0,4,0,10030,0,2,2,0.0,1,-31,1940,1971,45,False,0,1,1,1,0,4
Ellis Simms,FWD,Coventry City,1.0,a,,,,0.8,212,34,0,0,0,0,0.0,195,0.00,0.00,0.00,0.00,38,0,0,0.0,0.0,2026-09-13T13:00:00Z,0,False,5,0,0,0,0,4,0,81354,0,5,0,0.0,0,-8583,5606,14189,50,True,0,0,0,0,0,4
Mohamed-Ali Cho,MID,Hull City,1.0,a,,,,0.0,601,255,0,0,3,0,18.5,617,0.16,0.63,0.47,0.64,33,1,0,4.7,7.2,2026-09-12T14:00:00Z,30,False,6,0,0,0,0,4,0,1116,0,2,2,21.0,1,147,339,192,50,False,0,1,2,1,0,4
Kjell Scherpen,GK,Ipswich Town,2.0,a,,,,0.6,237,32,0,0,6,0,0.0,564,0.00,0.00,0.00,0.62,34,2,0,1.5,15.0,2026-09-12T14:00:00Z,90,False,8,0,0,0,0,4,2,63943,1,3,2,0.0,1,330,5936,5606,45,False,0,3,0,9,0,4
Ezri Konsa Ngoyo,DEF,Arsenal,1.7,a,,,,14.9,26,7,0,0,16,1,0.2,31,0.00,0.00,0.00,1.80,36,0,0,1.2,11.8,2026-09-12T19:00:00Z,90,False,20,0,0,0,0,4,0,1867300,1,2,0,0.0,6,612675,709520,96845,45,False,0,6,8,1,2,4
Issa Diop,DEF,Ipswich Town,2.3,a,,,,14.5,27,8,0,0,8,0,1.8,259,0.13,0.13,0.00,0.62,34,2,0,1.9,15.0,2026-09-12T14:00:00Z,90,False,8,0,0,0,0,4,0,1519556,1,3,2,2.0,1,-104266,39336,143602,40,False,0,6,7,5,1,4
Enes Ünal,FWD,Bournemouth,0.0,u,Has joined Getafe permanently,0,0,0.0,578,75,0,0,0,0,0.0,80,0.00,0.00,0.00,0.00,32,0,0,0.0,0.0,2026-09-12T14:00:00Z,0,False,4,0,0,0,0,4,0,1781,0,2,2,0.0,0,-219,0,219,55,True,0,0,0,0,0,4
Stefan Bajčetić Maquieira,MID,Liverpool,0.0,u,Has joined Celta Vigo permanently,0,0,0.0,650,288,0,0,0,0,0.0,376,0.00,0.00,0.00,0.00,35,0,0,0.0,0.0,2026-09-12T14:00:00Z,0,False,10,0,0,0,0,4,0,128,0,0,0,0.0,0,-23,0,23,50,True,0,0,0,0,0,4
Nilson Angulo,MID,Sunderland,3.3,a,,,,0.1,376,137,0,0,7,0,0.9,551,0.00,0.00,0.00,0.81,36,1,0,0.5,2.2,2026-09-12T19:00:00Z,69,False,1,0,0,0,0,4,0,14020,1,2,0,2.0,2,-1700,1450,3150,50,True,0,0,3,1,2,4
Jack Hinshelwood,MID,Brighton,2.6,d,Unspecified injury - 50% chance of playing,50,50,1.0,192,61,0,0,0,0,0.0,123,0.00,0.00,0.00,0.00,38,0,0,0.0,0.0,2026-09-13T13:00:00Z,0,False,7,0,0,0,0,4,0,91458,0,5,0,0.0,0,-44735,1042,45777,60,False,0,0,0,0,0,4
Matty Jacob,DEF,Hull City,0.0,u,Has joined Newport County on loan until January,0,0,0.0,605,204,0,0,0,0,0.0,283,0.00,0.00,0.00,0.00,33,0,0,0.0,0.0,2026-09-12T14:00:00Z,0,False,6,0,0,0,0,4,0,927,0,2,2,0.0,0,-125,0,125,40,False,0,0,0,0,0,4
Conor Gallagher,MID,Spurs,1.0,a,,,,0.2,338,121,0,0,0,0,0.0,519,0.00,0.00,0.00,0.00,37,0,0,0.0,0.0,2026-09-12T16:30:00Z,0,False,9,0,0,0,0,4,0,21226,0,0,0,0.0,0,-1744,812,2556,54,True,0,0,0,0,0,4
John McGinn,MID,Aston Villa,1.7,a,,,,2.3,117,36,1,1,30,0,31.4,45,0.11,0.11,0.00,2.28,31,2,0,5.8,26.4,2026-09-12T14:00:00Z,90,False,18,0,0,0,0,4,0,243800,1,2,1,0.0,6,-12721,20520,33241,54,True,0,2,9,6,1,4
Endo Wataru,MID,Liverpool,0.0,a,,100,100,0.1,476,188,0,0,0,0,0.0,374,0.00,0.00,0.00,0.00,35,0,0,0.0,0.0,2026-09-12T14:00:00Z,0,False,10,0,0,0,0,4,0,6867,0,0,0,0.0,0,-568,531,1099,49,True,0,0,0,0,0,4
Rico Lewis,DEF,Man City,0.3,a,,,,0.2,332,123,0,0,0,0,0.0,395,0.00,0.00,0.00,0.00,39,0,0,0.0,0.0,2026-09-13T15:30:00Z,0,False,16,0,0,0,0,4,0,22298,0,1,0,0.0,0,-3042,1037,4079,44,False,0,0,0,0,0,4
Dwight McNeil,MID,Crystal Palace,1.0,a,,,,0.1,379,138,0,0,0,0,0.0,241,0.00,0.00,0.00,0.00,34,0,0,0.0,0.0,2026-09-12T14:00:00Z,0,False,12,0,0,0,0,4,0,13782,0,3,2,0.0,0,-1350,510,1860,54,True,0,0,0,0,0,4
Matty Cash,DEF,Aston Villa,2.3,d,Muscular injury - 75% chance of playing,,75,6.5,62,25,0,0,0,0,0.0,32,0.00,0.00,0.00,0.00,31,0,0,0.0,0.0,2026-09-12T14:00:00Z,0,False,18,0,0,0,0,4,0,641566,0,2,1,0.0,0,-80882,18781,99663,45,True,0,0,0,0,0,4
Habib Diarra,MID,Sunderland,0.0,i,Hamstring injury - Unknown return date,0,0,0.0,529,216,0,0,0,0,0.0,543,0.00,0.00,0.00,0.00,36,0,0,0.0,0.0,2026-09-12T19:00:00Z,0,False,1,0,0,0,0,4,0,3263,0,2,0,0.0,0,-1501,27,1528,54,True,0,0,0,0,0,4
Estêvão Almeida de Oliveira Gonçalves,MID,Chelsea,0.7,a,,,,0.8,215,67,0,0,6,0,0.5,157,0.07,0.10,0.03,0.49,33,0,0,2.7,5.0,2026-09-12T14:00:00Z,4,False,11,0,0,0,0,4,0,79584,0,2,2,21.0,1,-10183,3867,14050,64,True,0,0,1,0,1,4
Jun'ai Byfield,DEF,Spurs,0.0,a,,,,0.1,482,170,0,0,0,0,0.0,509,0.00,0.00,0.00,0.00,37,0,0,0.0,0.0,2026-09-12T16:30:00Z,0,False,9,0,0,0,0,4,0,6533,0,0,0,0.0,0,56,621,565,40,True,0,0,0,0,0,4
Amine Adli,MID,Bournemouth,0.0,i,Unspecified injury - Unknown return date,0,0,0.0,581,242,0,0,0,0,0.0,77,0.00,0.00,0.00,0.00,32,0,0,0.0,0.0,2026-09-12T14:00:00Z,0,False,4,0,0,0,0,4,0,1557,0,2,2,0.0,0,-275,54,329,49,True,0,0,0,0,0,4
Nathan Patterson,DEF,Everton,0.0,u,Has joined Torino permanently,0,0,0.0,568,193,0,0,0,0,0.0,234,0.00,0.00,0.00,0.00,37,0,0,0.0,0.0,2026-09-12T16:30:00Z,0,False,19,0,0,0,0,4,0,1949,0,0,0,0.0,0,-744,0,744,45,False,0,0,0,0,0,4
Oscar Mingueza,DEF,Crystal Palace,0.7,a,,,,0.1,474,168,0,0,0,0,0.0,207,0.00,0.00,0.00,0.00,34,0,0,0.0,0.0,2026-09-12T14:00:00Z,0,False,12,0,0,0,0,4,0,7027,0,3,2,0.0,0,-316,691,1007,44,True,0,0,0,0,0,4
Alexis Mac Allister,MID,Liverpool,1.7,a,,,,1.4,160,49,0,0,7,0,22.4,372,0.02,0.04,0.02,0.16,35,0,0,3.6,9.2,2026-09-12T14:00:00Z,30,False,10,0,0,0,0,4,0,145908,0,0,0,4.0,1,-7817,12996,20813,54,True,0,2,4,1,1,4
Joe Gelhardt,MID,Hull City,0.0,a,,100,100,0.0,598,252,0,0,0,0,0.0,340,0.00,0.00,0.00,0.00,33,0,0,0.0,0.0,2026-09-12T14:00:00Z,0,False,6,0,0,0,0,4,0,1173,0,2,2,0.0,0,22,185,163,50,False,0,0,0,0,0,4
Yoane Wissa,FWD,Newcastle,4.3,a,,,,17.5,20,5,0,0,3,0,21.5,464,0.00,0.16,0.16,2.08,40,4,0,3.6,2.2,2026-09-14T19:00:00Z,90,False,13,0,0,0,0,4,0,1925334,1,1,4,12.0,2,319416,578506,259090,62,False,0,2,5,2,1,4
Federico Chiesa,MID,Liverpool,0.0,i,Back injury - Unknown return date,0,0,0.1,486,194,0,0,0,0,0.0,370,0.00,0.00,0.00,0.00,35,0,0,0.0,0.0,2026-09-12T14:00:00Z,0,False,10,0,0,0,0,4,0,5591,0,0,0,0.0,0,-1366,14,1380,54,True,0,0,0,0,0,4
Luke O'Nien,DEF,Sunderland,0.3,a,,,,2.7,111,44,0,0,0,0,0.0,539,0.00,0.00,0.00,0.00,36,0,0,0.0,0.0,2026-09-12T19:00:00Z,0,False,1,0,0,0,0,4,0,279659,0,2,0,0.0,0,-31354,2683,34037,40,True,0,0,0,0,0,4
Tyrick Mitchell,DEF,Crystal Palace,5.3,a,,,,6.2,64,27,0,0,6,0,18.1,204,0.06,0.06,0.00,1.13,34,2,0,2.6,7.8,2026-09-12T14:00:00Z,76,False,12,0,0,0,0,4,0,768978,1,3,2,0.0,1,212978,259738,46760,45,True,0,1,1,8,0,4
Joel Latibeaudiere,DEF,Coventry City,0.0,a,,,,0.0,517,181,0,0,0,0,0.0,179,0.00,0.00,0.00,0.00,38,0,0,0.0,0.0,2026-09-13T13:00:00Z,0,False,5,0,0,0,0,4,0,4073,0,5,0,0.0,0,-101,277,378,40,True,0,0,0,0,0,4
David Button,GK,Ipswich Town,0.0,a,,,,0.5,245,33,0,0,0,0,0.0,302,0.00,0.00,0.00,0.00,34,0,0,0.0,0.0,2026-09-12T14:00:00Z,0,False,8,0,0,0,0,4,0,63364,0,3,2,0.0,0,11691,17503,5812,40,False,0,0,0,0,0,4
Harry Amass,DEF,Man Utd,0.0,a,,,,0.2,342,128,0,0,0,0,0.0,424,0.00,0.00,0.00,0.00,39,0,0,0.0,0.0,2026-09-13T15:30:00Z,0,False,15,0,0,0,0,4,0,21846,0,1,0,0.0,0,-300,1680,1980,40,True,0,0,0,0,0,4
Fraser Forster,GK,Bournemouth,0.0,a,,,,3.5,90,15,0,0,0,0,0.0,58,0.00,0.00,0.00,0.00,32,0,0,0.0,0.0,2026-09-12T14:00:00Z,0,False,4,0,0,0,0,4,0,383559,0,2,2,0.0,0,14555,38779,24224,40,True,0,0,0,0,0,4
Hugo Ekitiké,FWD,Liverpool,0.0,i,Achilles injury - Unknown return date,0,0,0.1,407,59,0,0,0,0,0.0,380,0.00,0.00,0.00,0.00,35,0,0,0.0,0.0,2026-09-12T14:00:00Z,0,False,10,0,0,0,0,4,0,11892,0,0,0,0.0,0,-1567,474,2041,74,True,0,0,0,0,0,4
Matheus Santos Carneiro da Cunha,MID,Man Utd,4.7,a,,,,6.7,60,20,0,0,8,0,14.3,428,0.03,0.14,0.11,1.10,39,1,0,3.2,2.4,2026-09-13T15:30:00Z,90,False,15,0,0,0,0,4,0,680785,1,1,0,15.0,2,-138505,11751,150256,79,True,0,0,2,1,1,4
Ben Chilwell,DEF,Crystal Palace,1.8,a,,,,0.4,265,97,0,0,1,0,3.5,643,0.01,0.13,0.12,0.55,34,1,0,0.8,0.2,2026-09-12T14:00:00Z,13,False,12,0,0,0,0,4,0,62478,0,3,2,4.0,1,32853,38522,5669,45,True,0,1,1,0,0,4
Karl Darlow,GK,Man Utd,0.0,a,,100,100,0.0,513,57,0,0,0,0,0.0,325,0.00,0.00,0.00,0.00,39,0,0,0.0,0.0,2026-09-13T15:30:00Z,0,False,15,0,0,0,0,4,0,4302,0,1,0,0.0,0,-89,256,345,45,True,0,0,0,0,0,4
Robinio Vaz,FWD,Hull City,1.4,a,,,,0.0,506,70,0,0,3,0,0.5,637,0.00,0.00,0.00,0.18,33,0,0,0.0,0.0,2026-09-12T14:00:00Z,8,False,6,0,0,0,0,4,0,5168,0,2,2,0.0,1,2411,3312,901,50,False,0,0,1,1,0,4
Fabian Schär,DEF,Newcastle,0.3,a,,100,100,0.2,326,119,0,0,0,0,0.0,446,0.00,0.00,0.00,0.00,40,0,0,0.0,0.0,2026-09-14T19:00:00Z,0,False,13,0,0,0,0,4,0,23553,0,1,4,0.0,0,-2216,1440,3656,50,False,0,0,0,0,0,4
James Maddison,MID,Spurs,0.2,d,Shoulder injury - 75% chance of playing,75,75,0.4,258,86,0,0,3,0,3.8,515,0.01,0.01,0.00,0.03,37,0,0,1.1,6.8,2026-09-12T16:30:00Z,13,False,9,0,0,0,0,4,0,45874,0,0,0,0.0,1,-13096,447,13543,63,True,0,2,3,1,0,4
Exequiel Palacios,MID,Ipswich Town,2.5,a,,,,0.0,546,225,0,0,14,0,5.9,619,0.04,0.04,0.00,0.62,34,2,0,2.6,18.0,2026-09-12T14:00:00Z,90,False,8,0,0,0,0,4,0,3376,1,3,2,2.0,4,1408,2317,909,50,False,0,5,13,5,3,4
George Hirst,FWD,Ipswich Town,0.0,u,Has joined Stoke City permanently,0,0,0.1,424,61,0,0,0,0,0.0,317,0.00,0.00,0.00,0.00,34,0,0,0.0,0.0,2026-09-12T14:00:00Z,0,False,8,0,0,0,0,4,0,9936,0,3,2,0.0,0,-2172,0,2172,50,False,0,0,0,0,0,4
Rio Ngumoha,MID,Liverpool,1.0,a,,,,0.6,239,80,0,0,-1,0,0.8,369,0.00,0.11,0.11,0.10,35,0,0,0.3,0.0,2026-09-12T14:00:00Z,18,False,10,0,0,0,0,4,0,60213,0,0,0,4.0,1,-20391,3022,23413,58,True,0,1,1,0,0,4
Joško Gvardiol,DEF,Man City,7.3,a,,,,20.0,16,4,1,3,36,1,1.1,391,0.00,0.02,0.02,1.00,39,0,0,2.2,16.4,2026-09-13T15:30:00Z,90,False,16,0,0,0,0,4,0,2126959,1,1,0,4.0,11,152896,315722,162826,56,False,1,3,7,3,4,4
Filip Jörgensen,GK,Chelsea,0.0,u,Has joined RC Strasbourg on loan for the rest of the season,0,0,0.0,606,70,0,0,0,0,0.0,141,0.00,0.00,0.00,0.00,33,0,0,0.0,0.0,2026-09-12T14:00:00Z,0,False,11,0,0,0,0,4,0,933,0,2,2,0.0,0,-95,0,95,50,True,0,0,0,0,0,4
Lewis Dunk,DEF,Brighton,3.3,a,,,,1.3,161,66,0,0,39,1,4.3,116,0.03,0.06,0.03,1.33,38,0,1,6.9,57.2,2026-09-13T13:00:00Z,90,False,7,0,0,0,0,4,0,148520,1,5,0,7.0,12,9404,19779,10375,45,False,0,5,6,2,1,4
Ilia Gruev,MID,Leeds,0.0,d,Knee injury - 25% chance of playing,25,25,0.0,637,278,0,0,0,0,0.0,344,0.00,0.00,0.00,0.00,40,0,0,0.0,0.0,2026-09-14T19:00:00Z,0,False,17,0,0,0,0,4,0,317,0,1,4,0.0,0,-45,13,58,50,True,0,0,0,0,0,4
Sean Longstaff,MID,Leeds,0.3,a,,,,0.1,425,164,0,0,4,0,0.0,339,0.00,0.00,0.00,0.28,40,1,0,0.0,0.0,2026-09-14T19:00:00Z,2,False,17,0,0,0,0,4,0,10180,0,1,4,0.0,1,-1113,693,1806,49,True,0,0,0,0,0,4
Ainsley Maitland-Niles,DEF,Everton,1.8,a,,,,0.2,333,124,0,0,23,1,12.0,649,0.14,0.17,0.03,0.43,37,0,0,2.3,10.0,2026-09-12T16:30:00Z,74,False,19,0,0,0,0,4,0,30581,1,0,0,1.0,6,14703,18405,3702,45,False,0,3,5,4,2,4
Rodrigo Muniz Carvalho,FWD,Fulham,0.7,a,,,,0.4,260,44,0,0,4,0,0.3,271,0.00,0.00,0.00,0.46,35,0,0,0.4,2.0,2026-09-12T14:00:00Z,13,False,14,0,0,0,0,4,0,46371,0,0,0,2.0,1,-4272,3624,7896,54,False,0,1,1,0,0,4
Emiliano Buendía Stati,MID,Aston Villa,2.3,a,,,,1.0,185,57,0,0,8,0,3.9,41,0.01,0.01,0.00,1.42,31,1,0,0.1,0.0,2026-09-12T14:00:00Z,62,False,18,0,0,0,0,4,0,111856,1,2,1,0.0,2,-5900,15961,21861,59,True,0,0,5,5,0,4
Dejan Kulusevski,MID,Spurs,0.0,i,Knee injury - Unknown return date,0,0,0.0,608,259,0,0,0,0,0.0,521,0.00,0.00,0.00,0.00,37,0,0,0.0,0.0,2026-09-12T16:30:00Z,0,False,9,0,0,0,0,4,0,894,0,0,0,0.0,0,-73,81,154,65,True,0,0,0,0,0,4
Rayan Aït-Nouri,DEF,Man City,0.0,a,,,,0.5,256,95,0,0,0,0,0.0,392,0.00,0.00,0.00,0.00,39,0,0,0.0,0.0,2026-09-13T15:30:00Z,0,False,16,0,0,0,0,4,0,48901,0,1,0,0.0,0,-9974,1355,11329,53,False,0,0,0,0,0,4
Declan Rice,MID,Arsenal,4.3,a,,,,13.3,31,13,1,0,27,1,36.4,13,0.37,0.37,0.00,1.41,36,0,0,8.1,45.0,2026-09-12T19:00:00Z,80,False,20,0,0,0,0,4,0,1379844,1,2,0,0.0,6,-126667,25889,152556,74,False,0,6,10,2,2,4
Adam Smith,DEF,Bournemouth,0.7,a,,,,0.1,383,144,0,0,-1,0,2.0,64,0.01,0.01,0.00,0.50,32,2,0,1.3,11.4,2026-09-12T14:00:00Z,90,False,4,0,0,0,0,4,0,14155,1,2,2,0.0,0,-233,1505,1738,45,True,1,5,6,4,1,4
Lucas Digne,DEF,Aston Villa,0.0,u,Has joined Paris Saint-Germain permanently,0,0,0.1,483,171,0,0,0,0,0.0,30,0.00,0.00,0.00,0.00,31,0,0,0.0,0.0,2026-09-12T14:00:00Z,0,False,18,0,0,0,0,4,0,5846,0,2,1,0.0,0,-932,0,932,45,True,0,0,0,0,0,4
Marcus Bettinelli,GK,Man City,0.0,a,,,,0.0,549,62,0,0,0,0,0.0,386,0.00,0.00,0.00,0.00,39,0,0,0.0,0.0,2026-09-13T15:30:00Z,0,False,16,0,0,0,0,4,0,2911,0,1,0,0.0,0,-113,128,241,45,False,0,0,0,0,0,4
Joao Gomes,MID,Aston Villa,0.0,s,Suspended until 19 Sep,0,0,0.0,521,212,0,0,0,0,0.0,54,0.00,0.00,0.00,0.00,31,0,0,0.0,0.0,2026-09-12T14:00:00Z,0,False,18,0,0,0,0,4,0,3819,0,2,1,0.0,0,-383,131,514,55,True,0,0,0,0,0,4
Chido Obi,FWD,Man Utd,0.0,a,,,,1.2,170,24,0,0,0,0,0.0,441,0.00,0.00,0.00,0.00,39,0,0,0.0,0.0,2026-09-13T15:30:00Z,0,False,15,0,0,0,0,4,0,129085,0,1,0,0.0,0,775,15048,14273,45,True,0,0,0,0,0,4
Justin Kluivert,MID,Bournemouth,2.3,a,,,,1.0,188,59,0,1,31,0,3.3,70,0.02,0.23,0.21,0.39,32,2,1,8.6,40.0,2026-09-12T14:00:00Z,65,False,4,0,0,0,0,4,0,104989,1,2,2,43.0,8,-12026,8665,20691,60,True,0,1,4,3,0,4
Tom Heaton,GK,Man Utd,0.0,i,Hamstring injury - Unknown return date,0,0,0.1,446,49,0,0,0,0,0.0,414,0.00,0.00,0.00,0.00,39,0,0,0.0,0.0,2026-09-13T15:30:00Z,0,False,15,0,0,0,0,4,0,8836,0,1,0,0.0,0,-119,696,815,40,True,0,0,0,0,0,4
Wilson Isidor,FWD,Sunderland,4.3,a,,,,1.5,150,22,0,0,1,0,0.1,553,0.00,0.00,0.00,1.07,36,1,0,0.1,1.2,2026-09-12T19:00:00Z,20,False,1,0,0,0,0,4,0,163059,0,2,0,0.0,1,25312,47557,22245,55,True,0,0,1,0,1,4
Kosta Nedeljkovic,DEF,Aston Villa,0.0,u,Has joined Rangers on loan for the rest of the season,0,0,0.2,367,140,0,0,0,0,0.0,39,0.00,0.00,0.00,0.00,31,0,0,0.0,0.0,2026-09-12T14:00:00Z,0,False,18,0,0,0,0,4,0,15637,0,2,1,0.0,0,-2186,0,2186,40,True,0,0,0,0,0,4
Joe Gomez,DEF,Liverpool,0.0,i,Muscular injury - Unknown return date,0,0,0.0,589,200,0,0,0,0,0.0,359,0.00,0.00,0.00,0.00,35,0,0,0.0,0.0,2026-09-12T14:00:00Z,0,False,10,0,0,0,0,4,0,1392,0,0,0,0.0,0,-137,74,211,50,True,0,0,0,0,0,4
Daizen Maeda,MID,Ipswich Town,2.0,a,,,,0.3,300,104,0,0,1,0,2.3,562,0.00,0.00,0.00,0.41,34,1,0,0.0,0.0,2026-09-12T14:00:00Z,27,False,8,0,0,0,0,4,0,29173,0,3,2,0.0,1,-3657,861,4518,54,False,0,0,0,0,0,4
Jonah Kusi-Asare,FWD,Fulham,0.0,a,,,,6.2,65,9,0,0,0,0,0.0,272,0.00,0.00,0.00,0.00,35,0,0,0.0,0.0,2026-09-12T14:00:00Z,0,False,14,0,0,0,0,4,0,635399,0,0,0,0.0,0,-45728,35011,80739,45,False,0,0,0,0,0,4
Mateo Joseph Fernández-Regatillo,FWD,Leeds,0.0,i,Knee injury - Unknown return date,0,0,0.1,494,68,0,0,0,0,0.0,349,0.00,0.00,0.00,0.00,40,0,0,0.0,0.0,2026-09-14T19:00:00Z,0,False,17,0,0,0,0,4,0,5498,0,1,4,0.0,0,-257,775,1032,45,True,0,0,0,0,0,4
Jens Hjertø-Dahl,MID,Hull City,0.3,a,,,,0.1,480,191,0,0,0,0,0.0,574,0.00,0.00,0.00,0.00,33,0,0,0.0,0.0,2026-09-12T14:00:00Z,0,False,6,0,0,0,0,4,0,6454,0,2,2,0.0,0,-421,444,865,49,False,0,0,0,0,0,4
Granit Xhaka,MID,Sunderland,6.0,a,,,,4.3,80,28,0,0,19,0,44.0,544,0.37,0.37,0.00,1.88,36,2,0,5.9,14.6,2026-09-12T19:00:00Z,90,False,1,0,0,0,0,4,0,442948,1,2,0,0.0,1,-37779,23504,61283,55,True,1,2,11,8,1,4
Dan Bentley,GK,Coventry City,0.0,a,,,,0.4,259,35,0,0,0,0,0.0,623,0.00,0.00,0.00,0.00,38,0,0,0.0,0.0,2026-09-13T13:00:00Z,0,False,5,0,0,0,0,4,0,56982,0,5,0,0.0,0,25889,36983,11094,40,True,0,0,0,0,0,4
Kim Ji-soo,DEF,Brentford,0.0,a,,,,0.0,575,196,0,0,0,0,0.0,92,0.00,0.00,0.00,0.00,32,0,0,0.0,0.0,2026-09-12T14:00:00Z,0,False,3,0,0,0,0,4,0,1896,0,2,2,0.0,0,-125,102,227,45,False,0,0,0,0,0,4
Callum Hudson-Odoi,MID,Nott'm Forest,0.3,a,,100,100,0.2,356,129,0,0,0,0,0.0,482,0.00,0.00,0.00,0.00,31,0,0,0.0,0.0,2026-09-12T14:00:00Z,0,False,2,0,0,0,0,4,0,17097,0,2,1,0.0,0,-2586,774,3360,59,False,0,0,0,0,0,4
Antonee Robinson,DEF,Fulham,1.3,a,,,,1.4,154,65,0,0,25,1,22.1,254,0.05,0.10,0.05,1.28,35,0,0,4.6,17.6,2026-09-12T14:00:00Z,90,False,14,0,0,0,0,4,0,143996,1,0,0,6.0,6,-21356,4729,26085,45,False,0,7,9,4,2,4
Wes Burns,MID,Ipswich Town,0.0,u,Has joined Leicester City permanently,0,0,0.0,642,282,0,0,0,0,0.0,311,0.00,0.00,0.00,0.00,34,0,0,0.0,0.0,2026-09-12T14:00:00Z,0,False,8,0,0,0,0,4,0,242,0,3,2,0.0,0,-39,0,39,50,False,0,0,0,0,0,4
Ibrahim Mbaye,MID,Aston Villa,2.2,a,,,,0.1,488,195,0,0,6,0,15.2,631,0.13,0.15,0.02,0.86,31,1,0,4.3,9.0,2026-09-12T14:00:00Z,27,False,18,0,0,0,0,4,0,5917,0,2,1,19.0,1,1207,2787,1580,60,True,0,0,2,1,1,4
Jeremy Jacquet,DEF,Liverpool,3.0,a,,100,100,2.7,112,45,0,3,36,1,3.3,362,0.02,0.02,0.00,0.70,35,0,0,2.4,20.2,2026-09-12T14:00:00Z,90,False,10,0,0,0,0,4,0,298463,1,0,0,0.0,9,16244,48593,32349,50,True,0,4,5,5,1,4
Nico Elvedi,DEF,Leeds,1.7,a,,,,0.0,511,177,0,0,8,0,0.9,598,0.00,0.05,0.05,0.88,40,1,0,3.0,18.6,2026-09-14T19:00:00Z,90,False,17,0,0,0,0,4,0,4919,1,1,4,10.0,2,1498,2774,1276,45,True,0,8,9,3,1,4
Marco Palestra,DEF,Chelsea,0.0,d,Unspecified injury - 75% chance of playing,75,75,1.0,189,72,0,0,0,0,0.0,152,0.00,0.00,0.00,0.00,33,0,0,0.0,0.0,2026-09-12T14:00:00Z,0,False,11,0,0,0,0,4,0,87915,0,2,2,0.0,0,-45257,419,45676,54,True,0,0,0,0,0,4
Cameron Humphreys,MID,Ipswich Town,0.0,u,Has joined Huddersfield Town on loan for the rest of the season,0,0,0.0,545,224,0,0,0,0,0.0,602,0.00,0.00,0.00,0.00,34,0,0,0.0,0.0,2026-09-12T14:00:00Z,0,False,8,0,0,0,0,4,0,2961,0,3,2,0.0,0,-968,0,968,45,False,0,0,0,0,0,4
Cathal McCarthy,DEF,Hull City,0.0,a,,,,0.1,440,157,0,0,0,0,0.0,284,0.00,0.00,0.00,0.00,33,0,0,0.0,0.0,2026-09-12T14:00:00Z,0,False,6,0,0,0,0,4,0,9522,0,2,2,0.0,0,-54,986,1040,40,False,0,0,0,0,0,4
Roméo Lavia,MID,Chelsea,3.0,a,,,,0.2,324,116,0,0,14,0,4.9,161,0.07,0.07,0.00,0.84,33,2,0,1.2,7.4,2026-09-12T14:00:00Z,68,False,11,0,0,0,0,4,0,25157,1,2,2,0.0,2,3527,7547,4020,50,True,0,3,9,5,1,4
Rodrigo Bentancur,MID,Spurs,2.7,a,,,,0.2,353,128,0,0,15,1,7.9,516,0.04,0.04,0.00,0.67,37,0,0,3.1,22.6,2026-09-12T16:30:00Z,62,False,9,0,0,0,0,4,0,18318,1,0,0,0.0,3,-172,1225,1397,55,True,0,5,10,2,3,4
Enzo Le Fée,MID,Sunderland,4.3,a,,,,4.7,74,24,0,0,6,0,29.7,542,0.59,1.44,0.85,1.88,36,2,0,6.3,6.8,2026-09-12T19:00:00Z,90,False,1,0,1,0,0,4,0,448859,1,2,0,26.0,0,-137433,9125,146558,58,True,0,0,4,4,0,4
Murillo Costa dos Santos,DEF,Nott'm Forest,4.3,a,,100,100,1.6,146,60,1,0,18,0,10.9,472,0.01,0.01,0.00,0.82,31,1,0,4.4,33.0,2026-09-12T14:00:00Z,90,False,2,0,0,0,0,4,0,172739,1,2,1,0.0,6,5868,15727,9859,55,False,1,10,12,6,2,4
Ryan McAidoo,MID,Man City,1.0,a,,,,0.1,403,151,0,0,0,0,0.0,621,0.00,0.00,0.00,0.00,39,0,0,0.0,0.0,2026-09-13T15:30:00Z,0,False,16,0,0,0,0,4,0,13105,0,1,0,0.0,0,1361,3586,2225,45,False,0,0,0,0,0,4
Lewis Miley,MID,Newcastle,2.7,a,,100,100,0.1,452,178,0,0,9,0,4.5,459,0.03,0.03,0.00,1.97,40,4,0,1.1,6.6,2026-09-14T19:00:00Z,79,False,13,1,0,0,0,4,0,8285,1,1,4,0.0,0,-528,1045,1573,55,False,0,3,10,6,1,4
Levi Samuels Colwill,DEF,Chelsea,0.3,a,,,,1.1,178,69,0,0,8,0,12.2,149,0.01,0.01,0.00,1.38,33,2,0,4.3,26.8,2026-09-12T14:00:00Z,90,False,11,0,0,0,0,4,0,112667,1,2,2,4.0,1,-17331,5362,22693,49,True,0,6,6,6,0,4
Pau Torres,DEF,Aston Villa,0.7,a,,,,0.4,272,99,0,0,4,0,0.4,34,0.00,0.00,0.00,0.20,31,0,0,0.3,0.2,2026-09-12T14:00:00Z,24,False,18,0,0,0,0,4,0,43964,1,2,1,2.0,1,-1717,3870,5587,45,True,0,0,0,0,0,4
Kaden Braithwaite,DEF,Man City,0.5,a,,,,0.2,345,130,0,0,0,0,0.0,622,0.00,0.00,0.00,0.00,39,0,0,0.0,0.0,2026-09-13T15:30:00Z,0,False,16,0,0,0,0,4,0,20693,0,1,0,0.0,0,1899,4620,2721,40,False,0,0,0,0,0,4
Mats Wieffer,DEF,Brighton,0.0,i,Knee injury - Unknown return date,0,0,0.3,304,113,0,0,0,0,0.0,130,0.00,0.00,0.00,0.00,38,0,0,0.0,0.0,2026-09-13T13:00:00Z,0,False,7,0,0,0,0,4,0,26541,0,5,0,0.0,0,-18513,68,18581,50,False,0,0,0,0,0,4
Igor Thiago Nascimento Rodrigues,FWD,Brentford,1.3,a,,,,11.4,39,6,0,0,3,0,16.0,106,0.03,0.14,0.11,1.75,32,2,0,2.4,0.0,2026-09-12T14:00:00Z,90,False,3,0,0,0,0,4,0,1129976,1,2,2,10.0,1,-296868,24154,321022,79,False,1,0,1,1,0,4
Harvey Barnes,MID,Newcastle,5.7,a,,,,2.2,120,37,0,0,13,0,16.8,453,0.31,0.60,0.29,2.08,40,4,0,5.9,12.2,2026-09-14T19:00:00Z,90,False,13,0,0,0,0,4,0,290007,1,1,4,30.0,2,152668,210527,57859,60,False,0,3,6,3,0,4
Shea Charles,MID,Fulham,1.3,a,,,,0.1,465,184,0,0,19,1,3.4,580,0.02,0.02,0.00,1.28,35,0,0,3.2,29.0,2026-09-12T14:00:00Z,90,False,14,0,0,0,0,4,0,7397,1,0,0,0.0,5,-636,295,931,50,False,0,8,17,8,1,4
Bradley Barcola,MID,Liverpool,2.8,a,,,,1.9,129,41,0,0,9,1,13.6,627,0.03,0.24,0.21,0.60,35,0,0,2.7,5.6,2026-09-12T14:00:00Z,71,False,10,0,0,0,0,4,0,238639,1,0,0,8.0,3,70941,116804,45863,80,True,0,0,5,2,3,4
Sven Botman,DEF,Newcastle,3.0,a,,,,0.7,230,87,0,0,2,0,0.3,447,0.00,0.00,0.00,2.08,40,4,0,3.2,31.2,2026-09-14T19:00:00Z,90,False,13,0,0,0,0,4,0,71884,1,1,4,0.0,2,1208,9972,8764,50,False,0,15,17,4,2,4
Nordi Mukiele,DEF,Sunderland,4.3,a,,100,100,2.2,119,48,0,0,-5,0,4.9,533,0.02,0.72,0.70,1.88,36,2,0,6.1,10.4,2026-09-12T19:00:00Z,90,False,1,0,0,0,0,4,0,227847,1,2,0,46.0,0,-21852,6912,28764,55,True,1,3,6,3,3,4
Caleb Yirenkyi,MID,Coventry City,1.7,a,,,,0.2,351,126,0,0,3,0,10.5,575,0.01,0.01,0.00,0.64,38,2,0,1.0,0.0,2026-09-13T13:00:00Z,17,False,5,0,0,0,0,4,0,18325,0,5,0,0.0,1,-2489,641,3130,49,True,0,0,0,0,0,4
Jan Paul van Hecke,DEF,Spurs,3.3,a,,,,6.8,59,24,0,0,27,1,15.2,112,0.05,0.19,0.14,1.11,37,0,0,6.1,38.4,2026-09-12T16:30:00Z,90,False,9,0,0,0,0,4,0,718579,1,0,0,7.0,8,-45526,37570,83096,49,True,0,11,13,2,2,4
Alexander Isak,FWD,Liverpool,7.7,a,,,,22.1,14,4,0,0,5,1,2.8,379,0.00,0.50,0.50,0.70,35,0,0,3.2,1.2,2026-09-12T14:00:00Z,90,False,10,0,0,0,0,4,0,2626358,1,0,0,28.0,2,623585,732640,109055,91,True,0,0,1,1,0,4
Luka Vušković,DEF,Brighton,6.0,a,,,,3.1,100,38,0,0,27,1,1.8,504,0.01,0.12,0.11,1.11,38,0,0,3.1,16.2,2026-09-13T13:00:00Z,77,False,7,0,0,0,0,4,0,369539,1,5,0,13.0,6,86436,131383,44947,50,False,0,8,9,4,1,4
Max Alleyne,DEF,Man City,0.0,u,Has joined Burnley on loan for the rest of the season,0,0,0.0,630,209,0,0,0,0,0.0,394,0.00,0.00,0.00,0.00,39,0,0,0.0,0.0,2026-09-13T15:30:00Z,0,False,16,0,0,0,0,4,0,537,0,1,0,0.0,0,-60,0,60,50,False,0,0,0,0,0,4
Triston Rowe,DEF,Aston Villa,0.0,a,,,,0.2,359,136,0,0,0,0,0.0,606,0.00,0.00,0.00,0.00,31,0,0,0.0,0.0,2026-09-12T14:00:00Z,0,False,18,0,0,0,0,4,0,18103,0,2,1,0.0,0,1187,2914,1727,40,True,0,0,0,0,0,4
Mikel Merino Zazón,MID,Arsenal,0.7,a,,,,0.4,261,87,0,0,3,0,0.1,17,0.00,0.00,0.00,0.00,36,0,0,0.0,0.2,2026-09-12T19:00:00Z,5,False,20,0,0,0,0,4,0,46215,0,2,0,0.0,1,-7941,1909,9850,58,False,0,0,0,0,0,4
Abdukodir Khusanov,DEF,Man City,3.0,a,,,,1.6,147,61,0,0,0,0,0.0,393,0.00,0.00,0.00,0.00,39,0,0,0.0,0.0,2026-09-13T15:30:00Z,0,False,16,0,0,0,0,4,0,166165,0,1,0,0.0,0,-8055,6115,14170,55,False,0,0,0,0,0,4
Brandon Thomas-Asante,FWD,Coventry City,1.3,a,,,,0.8,211,33,0,0,7,0,0.5,194,0.03,0.24,0.21,0.64,38,2,0,3.3,6.0,2026-09-13T13:00:00Z,17,False,5,0,0,0,0,4,0,84195,0,5,0,26.0,1,-1520,11154,12674,50,True,0,0,0,0,0,4
Nico O'Reilly,DEF,Man City,1.3,a,,,100,13.9,28,9,0,0,3,0,0.5,387,0.00,0.00,0.00,0.50,39,0,0,0.1,0.0,2026-09-13T15:30:00Z,8,False,16,0,0,0,0,4,0,1381174,0,1,0,0.0,1,-538591,8499,547090,64,False,0,0,0,1,0,4
Emile Smith Rowe,MID,Fulham,0.7,a,,,,0.3,305,105,0,0,3,0,0.5,262,0.00,0.00,0.00,0.46,35,0,0,0.2,1.2,2026-09-12T14:00:00Z,13,False,14,0,0,0,0,4,0,28676,0,0,0,0.0,1,-4117,777,4894,54,False,0,1,2,1,0,4
Luca Williams-Barnett,MID,Spurs,0.0,a,,,,0.1,375,136,0,0,0,0,0.0,601,0.00,0.00,0.00,0.00,37,0,0,0.0,0.0,2026-09-12T16:30:00Z,0,False,9,0,0,0,0,4,0,14941,0,0,0,0.0,0,403,2324,1921,45,True,0,0,0,0,0,4
Jaydee Canvot,DEF,Crystal Palace,0.7,a,,,,0.2,320,118,0,0,0,0,0.0,203,0.00,0.00,0.00,0.00,34,0,0,0.0,0.0,2026-09-12T14:00:00Z,0,False,12,0,0,0,0,4,0,25690,0,3,2,0.0,0,-1594,2554,4148,49,True,0,0,0,0,0,4
Robin Roefs,GK,Sunderland,3.0,a,,,,3.0,105,17,0,0,9,0,0.0,529,0.00,0.00,0.00,1.88,36,2,0,2.7,27.2,2026-09-12T19:00:00Z,90,False,1,0,0,0,0,4,3,301456,1,2,0,0.0,2,-47961,2287,50248,50,True,0,1,0,3,0,4
Óscar Zambrano,MID,Hull City,0.0,a,,0,100,0.1,434,168,0,0,0,0,0.0,294,0.00,0.00,0.00,0.00,33,0,0,0.0,0.0,2026-09-12T14:00:00Z,0,False,6,0,0,0,0,4,0,10293,0,2,2,0.0,0,258,1379,1121,45,False,0,0,0,0,0,4
Daniel James,MID,Leeds,0.3,a,,,,0.1,419,162,0,0,4,0,0.0,343,0.00,0.11,0.11,0.28,40,1,0,0.3,0.0,2026-09-14T19:00:00Z,7,False,17,0,0,0,0,4,0,10690,0,1,4,3.0,1,-1207,786,1993,50,True,0,0,2,2,0,4
Illan Meslier,GK,Arsenal,0.0,a,,,,0.0,543,61,0,0,0,0,0.0,3,0.00,0.00,0.00,0.00,36,0,0,0.0,0.0,2026-09-12T19:00:00Z,0,False,20,0,0,0,0,4,0,3081,0,2,0,0.0,0,-200,108,308,49,False,0,0,0,0,0,4
Curtis Jones,MID,Liverpool,0.0,u,Has joined Internazionale permanently,0,0,0.0,557,230,0,0,0,0,0.0,373,0.00,0.00,0.00,0.00,35,0,0,0.0,0.0,2026-09-12T14:00:00Z,0,False,10,0,0,0,0,4,0,2535,0,0,0,0.0,0,-372,0,372,55,True,0,0,0,0,0,4
Rico Henry,DEF,Brentford,0.3,a,,,,0.2,336,126,0,0,0,0,0.0,89,0.00,0.00,0.00,0.00,32,0,0,0.0,0.0,2026-09-12T14:00:00Z,0,False,3,0,0,0,0,4,0,21461,0,2,2,0.0,0,-1693,309,2002,45,False,0,0,0,0,0,4
César Palacios,MID,Fulham,3.7,a,,,,0.2,352,127,0,0,0,0,0.0,570,0.00,0.00,0.00,0.00,35,0,0,0.0,0.0,2026-09-12T14:00:00Z,0,False,14,0,0,0,0,4,0,18348,0,0,0,0.0,0,-683,1449,2132,55,False,0,0,0,0,0,4
Moisés Caicedo Corozo,MID,Chelsea,0.2,d,Calf injury - 75% chance of playing,75,75,1.6,148,45,0,0,0,0,0.0,159,0.00,0.00,0.00,0.00,33,0,0,0.0,0.0,2026-09-12T14:00:00Z,0,False,11,0,0,0,0,4,0,149377,0,2,2,0.0,0,-48857,1342,50199,54,True,0,0,0,0,0,4
Djed Spence,DEF,Spurs,0.0,u,Has joined Internazionale permanently,0,0,0.3,306,114,0,0,0,0,0.0,505,0.00,0.00,0.00,0.00,37,0,0,0.0,0.0,2026-09-12T16:30:00Z,0,False,9,0,0,0,0,4,0,28187,0,0,0,0.0,0,-5357,0,5357,45,True,0,0,0,0,0,4
Dan Burn,DEF,Newcastle,0.0,i,Ankle injury - Expected back 14 Sep,0,0,0.9,197,74,0,0,0,0,0.0,448,0.00,0.00,0.00,0.00,40,0,0,0.0,0.0,2026-09-14T19:00:00Z,0,False,13,0,0,0,0,4,0,96018,0,1,4,0.0,0,-20317,239,20556,49,False,0,0,0,0,0,4
Mykhailo Mudryk,MID,Spurs,0.3,a,,,,0.1,468,185,0,0,0,0,0.0,578,0.00,0.00,0.00,0.00,37,0,0,0.0,0.0,2026-09-12T16:30:00Z,0,False,9,0,0,0,0,4,0,6691,0,0,0,0.0,0,-670,1620,2290,54,True,0,0,0,0,0,4
Harry Maguire,DEF,Man Utd,2.3,a,,,,11.6,36,13,0,0,4,0,1.6,418,0.01,0.13,0.12,1.10,39,1,0,2.2,9.4,2026-09-13T15:30:00Z,90,False,15,0,0,0,0,4,0,1091541,1,1,0,11.0,1,-358924,17287,376211,49,True,1,4,5,6,1,4
Jérémy Doku,MID,Man City,0.0,i,Calf injury - Expected back 20 Sep,0,0,0.8,216,68,0,0,0,0,0.0,400,0.00,0.00,0.00,0.00,39,0,0,0.0,0.0,2026-09-13T15:30:00Z,0,False,16,0,0,0,0,4,0,77943,0,1,0,0.0,0,-14480,249,14729,74,False,0,0,0,0,0,4
Jake O'Brien,DEF,Everton,0.0,a,,,,0.3,292,105,0,0,2,0,0.0,232,0.00,0.00,0.00,0.26,37,0,0,0.1,1.0,2026-09-12T16:30:00Z,15,False,19,0,0,0,0,4,0,31964,0,0,0,0.0,1,-3863,666,4529,49,False,0,1,1,1,0,4
Antoni Milambo,MID,Brentford,0.0,i,Knee injury - Unknown return date,0,0,0.0,646,285,0,0,0,0,0.0,99,0.00,0.00,0.00,0.00,32,0,0,0.0,0.0,2026-09-12T14:00:00Z,0,False,3,0,0,0,0,4,0,201,0,2,2,0.0,0,-5,27,32,50,False,0,0,0,0,0,4
Florian Wirtz,MID,Liverpool,3.0,a,,,,8.1,51,19,0,0,14,1,31.8,366,0.06,0.17,0.11,0.70,35,0,0,5.1,7.6,2026-09-12T14:00:00Z,90,False,10,0,0,0,0,4,0,837754,1,0,0,12.0,3,-199592,30578,230170,74,True,0,2,9,6,1,4
Rio Cardines,DEF,Crystal Palace,0.0,u,Has joined Bristol City on loan for the rest of the season,0,0,0.0,649,214,0,0,0,0,0.0,220,0.00,0.00,0.00,0.00,34,0,0,0.0,0.0,2026-09-12T14:00:00Z,0,False,12,0,0,0,0,4,0,138,0,3,2,0.0,0,-13,0,13,45,True,0,0,0,0,0,4
Tarik Muharemović,DEF,Leeds,4.7,a,,,,3.6,89,34,1,0,27,0,10.5,334,0.02,0.02,0.00,0.88,40,1,0,5.0,37.0,2026-09-14T19:00:00Z,90,False,17,0,0,0,0,4,0,410571,1,1,4,2.0,7,66646,135153,68507,50,True,0,10,11,5,1,4
Ryan Yates,MID,Nott'm Forest,0.0,a,,100,100,1.4,157,47,0,0,0,0,0.0,489,0.00,0.00,0.00,0.00,31,0,0,0.0,0.0,2026-09-12T14:00:00Z,0,False,2,0,0,0,0,4,0,144588,0,2,1,0.0,0,-8348,7645,15993,45,False,0,0,0,0,0,4
Gustavo Hamer,MID,Coventry City,1.0,a,,,,0.1,417,160,0,0,0,0,0.0,584,0.00,0.00,0.00,0.00,38,0,0,0.0,0.0,2026-09-13T13:00:00Z,0,False,5,0,0,0,0,4,0,10937,0,5,0,0.0,0,-1142,147,1289,54,True,0,0,0,0,0,4
Victor Munoz,MID,Liverpool,4.3,a,,,,1.2,168,53,0,0,5,0,1.4,377,0.00,0.10,0.10,0.54,35,0,0,4.2,3.4,2026-09-12T14:00:00Z,59,False,10,0,0,0,0,4,0,130437,1,0,0,37.0,1,-9953,20664,30617,65,True,0,0,2,2,0,4
Anan Khalaili,DEF,Crystal Palace,2.0,a,,,,0.3,317,117,0,0,4,0,16.0,588,0.14,0.36,0.22,1.68,34,3,1,8.7,40.4,2026-09-12T14:00:00Z,90,False,12,0,0,0,0,4,0,41054,1,3,2,31.0,7,17022,22369,5347,50,True,0,3,5,4,2,4
Matheus França de Oliveira,MID,Crystal Palace,0.0,a,,,,0.0,563,234,0,0,0,0,0.0,217,0.00,0.00,0.00,0.00,34,0,0,0.0,0.0,2026-09-12T14:00:00Z,0,False,12,0,0,0,0,4,0,1885,0,3,2,0.0,0,-730,57,787,49,True,0,0,0,0,0,4
José María Andrés Baixauli,MID,Brighton,2.0,a,,,,0.0,615,262,1,0,10,0,13.1,639,0.01,0.25,0.24,0.22,38,0,0,3.4,18.8,2026-09-13T13:00:00Z,25,False,7,0,0,0,0,4,0,812,0,5,0,2.0,4,318,513,195,55,False,0,2,4,1,1,4
Juanlu Sánchez,DEF,Bournemouth,0.0,a,,,,0.2,348,131,0,0,0,0,0.0,573,0.00,0.00,0.00,0.00,32,0,0,0.0,0.0,2026-09-12T14:00:00Z,0,False,4,0,0,0,0,4,0,18893,0,2,2,0.0,0,-1322,285,1607,45,True,0,0,0,0,0,4
Saša Lukić,MID,Ipswich Town,2.7,a,,,,0.1,412,158,0,0,8,0,23.5,267,0.10,0.10,0.00,0.35,34,2,0,3.6,10.2,2026-09-12T14:00:00Z,76,False,8,0,0,0,0,4,0,11520,1,3,2,2.0,1,-645,772,1417,50,False,1,5,10,4,1,4
Kenny Tete,DEF,Fulham,0.0,a,,,,0.2,334,125,0,0,-1,0,0.3,256,0.00,0.00,0.00,0.65,35,0,0,0.4,1.6,2026-09-12T14:00:00Z,27,False,14,0,0,0,0,4,0,21818,0,0,0,2.0,0,-2058,237,2295,44,False,1,3,3,0,0,4
Djiamgone Jocelin Ta Bi,MID,Sunderland,0.0,a,,,,0.0,625,269,0,0,0,0,0.0,550,0.00,0.00,0.00,0.00,36,0,0,0.0,0.0,2026-09-12T19:00:00Z,0,False,1,0,0,0,0,4,0,630,0,2,0,0.0,0,-12,79,91,50,True,0,0,0,0,0,4
Cody Drameh,DEF,Hull City,0.0,u,Has joined Genoa permanently,0,0,0.1,496,175,0,0,0,0,0.0,281,0.00,0.00,0.00,0.00,33,0,0,0.0,0.0,2026-09-12T14:00:00Z,0,False,6,0,0,0,0,4,0,5246,0,2,2,0.0,0,-1503,0,1503,40,False,0,0,0,0,0,4
Freddie Woodman,GK,Liverpool,0.0,a,,,,1.1,182,27,0,0,0,0,0.0,352,0.00,0.00,0.00,0.00,35,0,0,0.0,0.0,2026-09-12T14:00:00Z,0,False,10,0,0,0,0,4,0,111999,0,0,0,0.0,0,-3423,3509,6932,40,True,0,0,0,0,0,4
Norberto Bercique Gomes Betuncal,FWD,Everton,0.0,u,Has joined Fiorentina permanently,0,0,1.0,187,30,0,0,0,0,0.0,248,0.00,0.00,0.00,0.00,37,0,0,0.0,0.0,2026-09-12T16:30:00Z,0,False,19,0,0,0,0,4,0,94922,0,0,0,0.0,0,-62064,0,62064,54,False,0,0,0,0,0,4
Jay Dasilva,DEF,Coventry City,1.7,a,,,,0.7,219,84,0,0,-7,0,26.0,176,0.33,0.33,0.00,2.81,38,5,0,3.9,12.8,2026-09-13T13:00:00Z,90,False,5,0,0,0,0,4,0,77723,1,5,0,0.0,0,-2321,2492,4813,40,True,0,3,3,3,0,4
Jaouen Hadjam,DEF,Brighton,0.0,a,,,,0.0,516,180,0,0,0,0,0.0,614,0.00,0.00,0.00,0.00,38,0,0,0.0,0.0,2026-09-13T13:00:00Z,0,False,7,0,0,0,0,4,0,4155,0,5,0,0.0,0,-135,425,560,45,False,0,0,0,0,0,4
Emersonn Correia da Silva,FWD,Ipswich Town,4.0,a,,100,100,1.7,141,20,1,3,45,0,12.4,316,0.05,0.49,0.44,0.20,34,1,1,9.2,46.6,2026-09-12T14:00:00Z,62,False,8,0,0,0,0,4,0,178755,1,3,2,33.0,12,1738,26091,24353,55,False,0,0,2,2,0,4
Kristoffer Ajer,DEF,Brentford,4.3,a,,,,4.7,75,30,0,0,0,0,0.5,87,0.00,0.02,0.02,1.75,32,2,0,2.4,15.2,2026-09-12T14:00:00Z,90,False,3,0,0,0,0,4,0,479881,1,2,2,8.0,1,-51781,52109,103890,45,False,0,7,9,1,2,4
Zach Abbott,DEF,Nott'm Forest,0.0,u,Has joined Southampton on loan for the rest of the season,0,0,0.2,349,132,0,0,0,0,0.0,477,0.00,0.00,0.00,0.00,31,0,0,0.0,0.0,2026-09-12T14:00:00Z,0,False,2,0,0,0,0,4,0,18185,0,2,1,0.0,0,-4322,0,4322,40,False,0,0,0,0,0,4
Carlos Alcaraz Durán,MID,Everton,0.3,a,,,,0.1,453,179,0,0,0,0,0.0,243,0.00,0.00,0.00,0.00,37,0,0,0.0,0.0,2026-09-12T16:30:00Z,0,False,19,0,0,0,0,4,0,8215,0,0,0,0.0,0,-731,594,1325,49,False,0,0,0,0,0,4
Malick Fofana,MID,Sunderland,2.0,a,,,,0.0,544,223,0,0,2,0,0.8,646,0.00,0.00,0.00,0.79,36,1,0,0.6,0.0,2026-09-12T19:00:00Z,14,False,1,0,0,0,0,4,0,3125,0,2,0,6.0,1,636,1193,557,55,True,0,0,0,0,0,4
Eberechi Eze,MID,Arsenal,0.7,a,,,,1.2,165,52,0,0,3,0,0.0,14,0.00,0.00,0.00,0.40,36,0,0,0.2,0.2,2026-09-12T19:00:00Z,9,False,20,0,0,0,0,4,0,125433,0,2,0,2.0,1,-25833,3906,29739,63,False,0,0,0,0,0,4
Josh Dasilva,MID,Brentford,0.0,i,Hamstring injury - Expected back 10 Oct,0,0,0.0,577,239,0,0,0,0,0.0,103,0.00,0.00,0.00,0.00,32,0,0,0.0,0.0,2026-09-12T14:00:00Z,0,False,3,0,0,0,0,4,0,1675,0,2,2,0.0,0,-614,36,650,49,False,0,0,0,0,0,4
Bradley Burrowes,MID,Aston Villa,0.0,a,,,,0.7,228,75,0,0,0,0,0.0,50,0.00,0.00,0.00,0.00,31,0,0,0.0,0.0,2026-09-12T14:00:00Z,0,False,18,0,0,0,0,4,0,71444,0,2,1,0.0,0,-1967,6646,8613,45,True,0,0,0,0,0,4
Chuba Akpom,FWD,Ipswich Town,2.0,a,,,,1.2,174,26,0,0,0,0,0.0,320,0.00,0.00,0.00,0.00,34,0,0,0.0,0.0,2026-09-12T14:00:00Z,0,False,8,0,0,0,0,4,0,129479,0,3,2,0.0,0,17117,36471,19354,50,False,0,0,0,0,0,4
Honest Ahanor,DEF,Crystal Palace,1.8,a,,,,0.0,611,206,0,0,10,0,11.9,633,0.01,0.01,0.00,1.68,34,3,0,4.1,24.6,2026-09-12T14:00:00Z,90,False,12,0,0,0,0,4,0,1153,1,3,2,4.0,3,668,848,180,45,True,0,9,11,4,2,4
João Pedro Loureiro da Costa,DEF,Brighton,0.7,a,,,,0.0,525,182,0,0,3,0,0.3,119,0.00,0.00,0.00,0.04,38,0,0,0.2,1.2,2026-09-13T13:00:00Z,6,False,7,0,0,0,0,4,0,3722,0,5,0,0.0,1,-117,204,321,45,False,0,1,1,1,0,4
Ollie Watkins,FWD,Aston Villa,0.0,u,Has joined Al Hilal permanently,0,0,3.2,99,15,0,0,0,0,0.0,55,0.00,0.00,0.00,0.00,31,0,0,0.0,0.0,2026-09-12T14:00:00Z,0,False,18,0,0,0,0,4,0,317753,0,2,1,0.0,0,-126292,0,126292,78,True,0,0,0,0,0,4
Sindre Walle Egeli,FWD,Ipswich Town,0.3,a,,,,3.4,92,13,0,0,0,0,0.0,321,0.00,0.00,0.00,0.00,34,0,0,0.0,0.0,2026-09-12T14:00:00Z,0,False,8,0,0,0,0,4,0,372683,0,3,2,0.0,0,24582,82088,57506,45,False,0,0,0,0,0,4
Abdul Fatawu,MID,Ipswich Town,2.7,a,,,,0.2,339,122,0,0,6,0,11.3,315,0.05,0.05,0.00,0.20,34,1,0,2.4,6.2,2026-09-12T14:00:00Z,61,False,8,0,0,0,0,4,0,21628,1,3,2,6.0,1,-464,1970,2434,55,False,1,2,7,3,2,4
Ferdi Kadıoğlu,DEF,Brighton,0.7,a,,100,100,1.8,133,54,0,0,24,1,15.4,113,0.09,0.09,0.00,1.33,38,0,0,2.2,6.4,2026-09-13T13:00:00Z,90,False,7,0,0,0,0,4,0,186000,1,5,0,0.0,6,-18414,6832,25246,44,False,0,2,2,1,0,4
Mohamed Belloumi,MID,Hull City,4.7,a,,,,1.0,194,62,0,2,43,0,11.7,286,0.06,0.23,0.17,0.26,33,1,2,11.1,68.2,2026-09-12T14:00:00Z,59,False,6,0,0,0,0,4,0,107667,1,2,2,31.0,13,14908,26566,11658,50,False,0,0,1,0,1,4
Michael Zetterer,GK,Leeds,1.0,a,,,,0.5,250,34,0,0,0,0,0.0,629,0.00,0.00,0.00,0.00,40,0,0,0.0,0.0,2026-09-14T19:00:00Z,0,False,17,0,0,0,0,4,0,65838,0,1,4,0.0,0,18112,23210,5098,40,True,0,0,0,0,0,4
Hugo Larsson,MID,Fulham,1.5,a,,,,0.0,627,271,0,0,3,0,0.5,635,0.01,0.01,0.00,0.46,35,0,0,0.1,0.0,2026-09-12T14:00:00Z,13,False,14,0,0,0,0,4,0,614,0,0,0,0.0,1,185,266,81,50,False,0,0,1,1,0,4
Aurèle Amenda,DEF,Coventry City,1.3,a,,,,0.8,217,83,0,0,-12,0,10.3,182,0.00,0.00,0.00,2.81,38,5,0,3.3,18.2,2026-09-13T13:00:00Z,90,False,5,0,0,0,0,4,0,81299,1,5,0,4.0,0,-2035,3596,5631,40,True,0,8,8,0,0,4
Enis Destan,FWD,Hull City,0.0,u,Has joined Konyaspor permanently,0,0,0.2,328,53,0,0,0,0,0.0,298,0.00,0.00,0.00,0.00,33,0,0,0.0,0.0,2026-09-12T14:00:00Z,0,False,6,0,0,0,0,4,0,22427,0,2,2,0.0,0,-3752,0,3752,45,False,0,0,0,0,0,4
Anthony Elanga,MID,Newcastle,6.0,a,,,,11.1,41,15,0,0,0,0,0.0,454,0.00,0.00,0.00,0.00,40,0,0,0.0,0.0,2026-09-14T19:00:00Z,0,False,13,0,0,0,0,4,0,1209834,0,1,4,0.0,0,130728,326071,195343,62,False,0,0,0,0,0,4
Mitoma Kaoru,MID,Brighton,0.0,i,Hamstring injury - Expected back 10 Oct,0,0,0.0,535,219,0,0,0,0,0.0,121,0.00,0.00,0.00,0.00,38,0,0,0.0,0.0,2026-09-13T13:00:00Z,0,False,7,0,0,0,0,4,0,3299,0,5,0,0.0,0,-383,74,457,59,False,0,0,0,0,0,4
Ibrahim Osman,MID,Brighton,0.7,a,,,,0.0,576,238,0,0,2,0,1.1,600,0.01,0.06,0.05,0.22,38,0,0,1.2,0.0,2026-09-13T13:00:00Z,12,False,7,0,0,0,0,4,0,1793,0,5,0,13.0,1,-148,153,301,50,False,0,0,1,1,0,4
Martin Dubravka,GK,Spurs,0.0,a,,,,17.9,19,4,0,0,0,0,0.0,497,0.00,0.00,0.00,0.00,37,0,0,0.0,0.0,2026-09-12T16:30:00Z,0,False,9,0,0,0,0,4,0,1929614,0,0,0,0.0,0,19545,144708,125163,40,True,0,0,0,0,0,4
Semi Ajayi,DEF,Hull City,8.3,a,,100,100,11.8,35,12,0,0,-6,0,1.3,279,0.00,0.13,0.13,0.91,33,2,0,1.3,5.4,2026-09-12T14:00:00Z,90,False,6,0,0,0,0,4,0,1350778,1,2,2,6.0,1,271450,349993,78543,42,False,0,2,3,2,1,4
Patrick Dorgu,MID,Man Utd,0.7,a,,,,0.6,235,78,0,0,19,0,18.7,415,0.03,0.03,0.00,1.10,39,1,0,4.2,19.6,2026-09-13T15:30:00Z,90,False,15,0,0,0,0,4,0,62553,1,1,0,4.0,4,-16892,2154,19046,58,True,0,3,12,3,6,4
Tyler Fredricson,DEF,Man Utd,0.0,u,Has joined Lausanne-Sport permanently,0,0,0.0,585,198,0,0,0,0,0.0,425,0.00,0.00,0.00,0.00,39,0,0,0.0,0.0,2026-09-13T15:30:00Z,0,False,15,0,0,0,0,4,0,1428,0,1,0,0.0,0,-152,0,152,40,True,0,0,0,0,0,4
Pedro Porro Sauceda,DEF,Spurs,2.7,a,,100,100,11.4,40,15,0,0,0,0,0.0,499,0.00,0.00,0.00,0.00,37,0,0,0.0,0.0,2026-09-12T16:30:00Z,0,False,9,0,0,0,0,4,0,1130296,0,0,0,0.0,0,-80703,48477,129180,55,True,0,0,0,0,0,4
Brooke Norton-Cuffy,DEF,Hull City,1.0,a,,,,0.3,301,110,0,0,0,0,0.3,638,0.00,0.05,0.05,0.18,33,0,0,0.7,0.0,2026-09-12T14:00:00Z,8,False,6,0,0,0,0,4,0,34986,0,2,2,7.0,0,10672,14148,3476,40,False,1,0,0,2,0,4
Enzo Fernández,MID,Man City,1.3,a,,,,3.2,97,31,0,0,17,1,20.7,155,0.13,0.31,0.18,0.50,39,0,0,4.6,10.4,2026-09-13T15:30:00Z,81,False,16,0,0,0,0,4,0,344271,1,1,0,15.0,2,-12688,39194,51882,69,False,1,4,10,4,2,4
Carlos Baleba,MID,Man Utd,0.0,i,Ankle injury - Expected back 19 Sep,0,0,0.1,385,140,0,0,0,0,0.0,131,0.00,0.00,0.00,0.00,39,0,0,0.0,0.0,2026-09-13T15:30:00Z,0,False,15,0,0,0,0,4,0,13457,0,1,0,0.0,0,-1747,783,2530,50,True,0,0,0,0,0,4
Pape Matar Sarr,MID,Spurs,0.0,u,Has joined Juventus on loan for the rest of the season,0,0,0.1,418,161,0,0,0,0,0.0,518,0.00,0.00,0.00,0.00,37,0,0,0.0,0.0,2026-09-12T16:30:00Z,0,False,9,0,0,0,0,4,0,10250,0,0,0,0.0,0,-4648,0,4648,49,True,0,0,0,0,0,4
Konstantinos Tzolakis,GK,Hull City,8.7,a,,,,9.7,43,6,0,0,15,0,0.0,572,0.00,0.00,0.00,0.91,33,2,0,2.9,29.4,2026-09-12T14:00:00Z,90,False,6,0,0,0,0,4,5,1074132,1,2,2,0.0,2,171110,238858,67748,46,False,0,2,0,15,0,4
Marc Guéhi,DEF,Man City,6.7,a,,,,18.5,17,5,0,0,27,1,0.6,388,0.00,0.00,0.00,1.00,39,0,0,1.9,16.6,2026-09-13T15:30:00Z,90,False,16,0,0,0,0,4,0,1956435,1,1,0,2.0,6,-25207,90239,115446,60,False,0,7,7,3,0,4
Regan Slater,MID,Hull City,3.7,a,,,,5.3,69,21,0,0,22,0,26.9,290,0.10,0.14,0.04,0.91,33,2,0,5.3,19.2,2026-09-12T14:00:00Z,90,False,6,0,0,0,0,4,0,601956,1,2,2,7.0,2,81497,170308,88811,45,False,0,3,11,5,3,4
Daniel Jebbison,FWD,Bournemouth,0.7,a,,,,0.1,421,60,0,0,0,0,0.0,608,0.00,0.00,0.00,0.00,32,0,0,0.0,0.0,2026-09-12T14:00:00Z,0,False,4,0,0,0,0,4,0,11375,0,2,2,0.0,0,1502,3390,1888,50,True,0,0,0,0,0,4
Cédric Kipré,DEF,Ipswich Town,0.0,a,,,,0.5,251,93,0,0,0,0,0.0,303,0.00,0.00,0.00,0.00,34,0,0,0.0,0.0,2026-09-12T14:00:00Z,0,False,8,0,0,0,0,4,0,52847,0,3,2,0.0,0,-3541,589,4130,40,False,0,0,0,0,0,4
Antoine Semenyo,MID,Man City,4.3,a,,,,17.1,22,7,0,0,7,1,16.1,397,0.06,0.06,0.00,1.00,39,0,0,2.4,2.2,2026-09-13T15:30:00Z,90,False,16,0,0,0,0,4,0,1689535,1,1,0,6.0,3,-325768,35764,361532,84,False,0,0,3,2,1,4
Jayden Danns,FWD,Liverpool,0.0,a,,100,100,0.1,399,57,0,0,0,0,0.0,382,0.00,0.00,0.00,0.00,35,0,0,0.0,0.0,2026-09-12T14:00:00Z,0,False,10,0,0,0,0,4,0,14211,0,0,0,0.0,0,4586,7016,2430,45,True,0,0,0,0,0,4
Nick Woltemade,FWD,Newcastle,0.0,u,Has joined Juventus on loan for the rest of the season,0,0,0.7,229,37,0,0,0,0,0.0,463,0.00,0.00,0.00,0.00,40,0,0,0.0,0.0,2026-09-14T19:00:00Z,0,False,13,0,0,0,0,4,0,66136,0,1,4,0.0,0,-39340,0,39340,59,False,0,0,0,0,0,4
Lamare Bogarde,MID,Aston Villa,0.3,a,,,,0.1,471,186,0,0,0,0,0.0,35,0.00,0.00,0.00,0.00,31,0,0,0.0,0.0,2026-09-12T14:00:00Z,0,False,18,0,0,0,0,4,0,7155,0,2,1,0.0,0,-440,686,1126,50,True,0,0,0,0,0,4
Wesley Fofana,DEF,Chelsea,1.0,a,,100,100,0.1,374,142,0,0,10,0,4.7,145,0.03,0.03,0.00,0.89,33,2,0,2.7,18.4,2026-09-12T14:00:00Z,85,False,11,0,0,0,0,4,0,18473,1,2,2,4.0,1,7374,9377,2003,50,True,0,4,6,4,2,4
Amario Cozier-Duberry,MID,Brighton,0.0,u,Has joined Middlesbrough on loan for the rest of the season,0,0,0.0,653,291,0,0,0,0,0.0,624,0.00,0.00,0.00,0.00,38,0,0,0.0,0.0,2026-09-13T13:00:00Z,0,False,7,0,0,0,0,4,0,61,0,5,0,0.0,0,-40,0,40,50,False,0,0,0,0,0,4
Charlie Hughes,DEF,Hull City,0.0,i,Groin injury - Unknown return date,0,0,0.1,458,163,0,0,0,0,0.0,278,0.00,0.00,0.00,0.00,33,0,0,0.0,0.0,2026-09-12T14:00:00Z,0,False,6,0,0,0,0,4,0,8103,0,2,2,0.0,0,-1016,174,1190,40,False,0,0,0,0,0,4
Zian Flemming,FWD,Ipswich Town,1.8,a,,,,0.0,530,72,0,0,32,0,1.3,640,0.00,0.52,0.52,0.41,34,1,1,8.0,35.0,2026-09-12T14:00:00Z,27,False,8,0,0,0,0,4,0,4207,0,3,2,44.0,5,1835,2524,689,55,False,0,1,2,1,0,4
Noah Sadiki,MID,Sunderland,2.0,a,,,,0.3,315,111,0,0,11,0,1.3,545,0.00,0.04,0.04,1.88,36,2,0,1.3,11.0,2026-09-12T19:00:00Z,90,False,1,0,0,0,0,4,0,26156,1,2,0,1.0,2,-3819,1090,4909,49,True,0,4,10,3,3,4
Florentino Ibrain Morris Luís,MID,Ipswich Town,0.0,a,,100,100,0.1,435,169,0,0,8,0,21.3,571,0.01,0.01,0.00,0.27,34,0,0,3.2,9.0,2026-09-12T14:00:00Z,13,False,8,0,0,0,0,4,0,9156,0,3,2,2.0,1,-906,327,1233,49,False,0,1,2,0,1,4
Simon Adingra,MID,Sunderland,0.0,u,Has joined Ajax on loan for the rest of the season,0,0,0.0,531,217,0,0,0,0,0.0,546,0.00,0.00,0.00,0.00,36,0,0,0.0,0.0,2026-09-12T19:00:00Z,0,False,1,0,0,0,0,4,0,3324,0,2,0,0.0,0,-1088,0,1088,49,True,0,0,0,0,0,4
Yéremy Pino Santos,MID,Crystal Palace,3.7,a,,,,0.4,266,88,0,0,4,0,2.7,211,0.01,0.01,0.00,0.38,34,1,0,0.5,0.0,2026-09-12T14:00:00Z,36,False,12,0,0,0,0,4,0,63756,1,3,2,2.0,1,27655,36851,9196,55,True,0,0,1,1,0,4
Vitaly Janelt,MID,Brentford,7.0,a,,,,2.0,125,40,0,0,20,0,14.4,98,0.08,0.08,0.00,1.75,32,2,0,4.3,28.4,2026-09-12T14:00:00Z,90,False,3,0,0,0,0,4,0,266936,1,2,2,0.0,4,139007,176461,37454,50,False,0,11,20,6,3,4
Luc De Fougerolles,DEF,Fulham,0.0,d,Unspecified injury - 75% chance of playing,75,75,0.1,437,156,0,0,0,0,0.0,610,0.00,0.00,0.00,0.00,35,0,0,0.0,0.0,2026-09-12T14:00:00Z,0,False,14,0,0,0,0,4,0,9207,0,0,0,0.0,0,-750,515,1265,40,False,0,0,0,0,0,4
Joe Willock,MID,Newcastle,3.7,a,,,,0.5,257,85,0,0,8,0,13.3,460,0.06,0.18,0.12,0.16,40,1,0,3.9,7.6,2026-09-14T19:00:00Z,32,False,13,0,0,0,0,4,0,52306,0,1,4,18.0,1,6640,16531,9891,50,False,0,1,4,2,1,4
Myles Lewis-Skelly,MID,Arsenal,2.7,a,,,,0.7,226,74,0,0,2,0,1.4,7,0.00,0.00,0.00,0.23,36,0,0,0.0,0.0,2026-09-12T19:00:00Z,45,False,20,0,0,0,0,4,0,70499,1,2,0,0.0,1,-4212,6908,11120,55,False,0,0,0,0,0,4
Pedro Lomba Neto,MID,Chelsea,3.3,a,,,,1.4,158,48,0,0,17,0,31.3,156,0.10,0.15,0.05,0.89,33,2,0,7.4,15.8,2026-09-12T14:00:00Z,85,False,11,0,0,0,0,4,0,156595,1,2,2,27.0,2,17123,33627,16504,65,True,0,3,7,3,1,4
Benjamin Sesko,FWD,Man Utd,2.3,a,,100,100,1.7,142,21,0,0,4,0,0.7,439,0.00,0.06,0.06,0.57,39,0,0,0.6,1.2,2026-09-13T15:30:00Z,23,False,15,0,0,0,0,4,0,182217,0,1,0,4.0,1,3627,26345,22718,70,True,0,0,2,2,0,4
Dilane Bakwa,MID,Nott'm Forest,0.0,u,Has joined Lille on loan for the rest of the season,0,0,0.0,621,266,0,0,0,0,0.0,485,0.00,0.00,0.00,0.00,31,0,0,0.0,0.0,2026-09-12T14:00:00Z,0,False,2,0,0,0,0,4,0,638,0,2,1,0.0,0,-145,0,145,55,False,0,0,0,0,0,4
Johan Manzambi,MID,Aston Villa,0.0,i,Knee injury - Expected back 12 Sep,0,0,0.1,394,146,0,0,3,0,4.0,53,0.08,0.08,0.00,0.86,31,1,0,0.7,2.6,2026-09-12T14:00:00Z,27,False,18,0,0,0,0,4,0,13307,0,2,1,0.0,1,-1220,570,1790,59,True,0,0,2,1,1,4
Leo Fuhr Hjelde,DEF,Sunderland,0.0,u,Has joined KV Mechelen on loan for the rest of the season,0,0,0.0,515,179,0,0,0,0,0.0,538,0.00,0.00,0.00,0.00,36,0,0,0.0,0.0,2026-09-12T19:00:00Z,0,False,1,0,0,0,0,4,0,4107,0,2,0,0.0,0,-403,0,403,40,True,0,0,0,0,0,4
Ola Aina,DEF,Nott'm Forest,2.0,a,,,,2.7,110,43,0,0,11,0,1.7,473,0.01,0.01,0.00,0.82,31,1,0,1.9,17.4,2026-09-12T14:00:00Z,90,False,2,0,0,0,0,4,0,273323,1,2,1,0.0,2,-43006,8317,51323,45,False,0,5,8,2,3,4
Luke Shaw,DEF,Man Utd,2.3,d,Unspecified injury - 75% chance of playing,,75,13.2,32,10,0,0,0,0,0.0,423,0.00,0.00,0.00,0.00,39,0,0,0.0,0.0,2026-09-13T15:30:00Z,0,False,15,0,0,0,0,4,0,1210238,0,1,0,0.0,0,-396169,21871,418040,44,True,0,0,0,0,0,4
Jørgen Strand Larsen,FWD,Crystal Palace,1.3,a,,,,0.6,243,41,0,2,39,0,12.8,222,0.02,0.11,0.09,1.20,34,2,1,8.5,40.8,2026-09-12T14:00:00Z,83,False,12,0,0,0,0,4,0,71789,1,3,2,31.0,8,11360,21000,9640,60,True,0,0,2,1,1,4
Nico González Iglesias,MID,Newcastle,1.3,a,,,,0.3,318,112,0,0,3,0,0.1,405,0.00,0.00,0.00,0.27,40,0,0,0.0,0.0,2026-09-14T19:00:00Z,18,False,13,0,0,0,0,4,0,26871,1,1,4,0.0,1,215,3834,3619,55,False,0,0,1,1,0,4
Matt Targett,DEF,Hull City,0.3,a,,,,1.9,126,50,0,0,0,0,0.0,556,0.00,0.00,0.00,0.00,33,0,0,0.0,0.0,2026-09-12T14:00:00Z,0,False,6,0,0,0,0,4,0,203969,0,2,2,0.0,0,-14007,5238,19245,40,False,0,0,0,0,0,4
Romain Esse,MID,Crystal Palace,0.0,u,Has joined Millwall on loan for the rest of the season,0,0,0.0,560,231,0,0,0,0,0.0,216,0.00,0.00,0.00,0.00,34,0,0,0.0,0.0,2026-09-12T14:00:00Z,0,False,12,0,0,0,0,4,0,2168,0,3,2,0.0,0,-963,0,963,50,True,0,0,0,0,0,4
Mateus Fernandes,MID,Spurs,1.0,a,,,,1.0,191,60,0,0,15,1,13.0,525,0.03,0.14,0.11,0.67,37,0,0,3.8,3.0,2026-09-12T16:30:00Z,62,False,9,0,0,0,0,4,0,98672,1,0,0,22.0,3,-27969,1839,29808,58,True,0,0,4,2,2,4
Emmanuel Emegha,FWD,Chelsea,0.0,d,Hamstring injury - 75% chance of playing,100,75,0.1,369,56,0,0,0,0,0.0,170,0.00,0.00,0.00,0.00,33,0,0,0.0,0.0,2026-09-12T14:00:00Z,0,False,11,0,0,0,0,4,0,14885,0,2,2,0.0,0,-1425,1719,3144,50,True,0,0,0,0,0,4
Nobel Mendy,DEF,Hull City,8.0,a,,100,100,7.9,53,21,0,0,3,0,0.2,586,0.00,0.00,0.00,0.26,33,1,0,1.3,12.6,2026-09-12T14:00:00Z,58,False,6,0,0,0,0,4,0,895270,1,2,2,0.0,1,246029,316492,70463,41,False,0,5,7,0,2,4
Alejandro Garnacho Ferreyra,MID,Aston Villa,1.0,a,,,,0.4,275,91,0,0,0,0,0.0,160,0.00,0.00,0.00,0.00,31,0,0,0.0,0.0,2026-09-12T14:00:00Z,0,False,18,0,0,0,0,4,0,40475,0,2,1,0.0,0,-7225,1531,8756,59,True,0,0,0,0,0,4
Morgan Gibbs-White,MID,Nott'm Forest,6.0,a,,100,100,9.4,45,17,1,3,42,0,98.5,480,0.91,1.07,0.16,0.82,31,1,0,16.4,39.0,2026-09-12T14:00:00Z,90,False,2,0,0,0,0,4,0,1011180,1,2,1,26.0,8,26861,175102,148241,79,False,0,0,4,3,1,4
Nicolás Domínguez,MID,Nott'm Forest,0.3,a,,,,0.1,478,190,0,0,0,0,0.0,487,0.00,0.00,0.00,0.00,31,0,0,0.0,0.0,2026-09-12T14:00:00Z,0,False,2,0,0,0,0,4,0,6666,0,2,1,0.0,0,-569,312,881,49,False,0,0,0,0,0,4
Bryan Mbeumo,MID,Man Utd,7.0,a,,,,24.6,10,6,0,0,9,0,32.8,427,0.08,0.57,0.49,1.10,39,1,0,6.8,11.2,2026-09-13T15:30:00Z,90,False,15,0,0,0,0,4,0,2456322,1,1,0,24.0,2,-362745,156650,519395,79,True,0,1,5,3,1,4
Jayden Bogle,DEF,Leeds,7.3,a,,,,1.8,136,56,0,3,45,1,18.5,330,0.05,0.46,0.41,0.59,40,0,1,13.7,47.8,2026-09-14T19:00:00Z,82,False,17,0,0,0,0,4,0,232034,1,1,4,71.0,15,98023,121956,23933,45,True,0,1,3,1,2,4
Gabriel Gudmundsson,DEF,Leeds,0.7,a,,100,100,0.1,493,174,0,0,26,1,8.6,331,0.18,0.18,0.00,0.58,40,0,0,2.3,10.0,2026-09-14T19:00:00Z,72,False,17,0,0,0,0,4,0,5954,1,1,4,4.0,6,621,1148,527,45,True,0,1,4,2,3,4
Robert Lynch Sánchez,GK,Chelsea,0.0,u,Has joined Como on loan for the rest of the season,0,0,1.0,193,30,0,0,0,0,0.0,140,0.00,0.00,0.00,0.00,33,0,0,0.0,0.0,2026-09-12T14:00:00Z,0,False,11,0,0,0,0,4,0,93763,0,2,2,0.0,0,-44507,0,44507,49,True,0,0,0,0,0,4
Jorrel Hato,DEF,Chelsea,2.7,a,,,,0.9,201,77,0,0,-8,0,2.9,148,0.10,0.10,0.00,0.44,33,2,0,0.9,3.8,2026-09-12T14:00:00Z,45,False,11,0,0,0,0,4,0,115190,1,2,2,2.0,0,42963,58654,15691,45,True,0,2,3,2,1,4
Bendito Mantato,MID,Man Utd,0.0,a,,,,0.2,347,125,0,0,0,0,0.0,437,0.00,0.00,0.00,0.00,39,0,0,0.0,0.0,2026-09-13T15:30:00Z,0,False,15,0,0,0,0,4,0,19130,0,1,0,0.0,0,-694,1317,2011,45,True,0,0,0,0,0,4
Shumaira Mheuka,FWD,Chelsea,0.0,a,,,,0.4,268,47,0,0,0,0,0.0,169,0.00,0.00,0.00,0.00,33,0,0,0.0,0.0,2026-09-12T14:00:00Z,0,False,11,0,0,0,0,4,0,44291,0,2,2,0.0,0,1152,6884,5732,45,True,0,0,0,0,0,4
Igor Julio dos Santos de Paulo,DEF,Brighton,0.0,u,Has joined Burnley permanently,0,0,0.1,497,176,0,0,0,0,0.0,118,0.00,0.00,0.00,0.00,38,0,0,0.0,0.0,2026-09-13T13:00:00Z,0,False,7,0,0,0,0,4,0,5099,0,5,0,0.0,0,-1990,0,1990,45,False,0,0,0,0,0,4
Adrien Truffert,DEF,Bournemouth,1.7,a,,,,3.5,91,35,0,0,23,0,18.0,61,0.10,0.18,0.08,0.50,32,2,0,8.5,38.6,2026-09-12T14:00:00Z,90,False,4,0,0,0,0,4,0,362027,1,2,2,28.0,3,-33011,12869,45880,55,True,0,8,16,3,8,4
Ben Davies,DEF,Spurs,0.0,a,,,,0.9,202,78,0,0,0,0,0.0,508,0.00,0.00,0.00,0.00,37,0,0,0.0,0.0,2026-09-12T16:30:00Z,0,False,9,0,0,0,0,4,0,93661,0,0,0,0.0,0,-6385,2570,8955,40,True,0,0,0,0,0,4
Tom Watson,MID,Brighton,0.0,u,Has joined Leicester City on loan for the rest of the season,0,0,0.0,651,289,0,0,0,0,0.0,133,0.00,0.00,0.00,0.00,38,0,0,0.0,0.0,2026-09-13T13:00:00Z,0,False,7,0,0,0,0,4,0,122,0,5,0,0.0,0,-19,0,19,50,False,0,0,0,0,0,4
Leon Bailey,MID,Aston Villa,0.0,u,Has joined Olympiakos permanently,0,0,0.1,455,180,0,0,0,0,0.0,44,0.00,0.00,0.00,0.00,31,0,0,0.0,0.0,2026-09-12T14:00:00Z,0,False,18,0,0,0,0,4,0,7592,0,2,1,0.0,0,-4702,0,4702,54,True,0,0,0,0,0,4
Jacob Greaves,DEF,Ipswich Town,0.7,a,,,,1.2,167,68,0,0,7,0,2.0,306,0.01,0.01,0.00,0.62,34,2,0,2.1,18.8,2026-09-12T14:00:00Z,87,False,8,0,0,0,0,4,0,127747,1,3,2,0.0,1,-7666,1996,9662,40,False,0,6,6,4,0,4
Jack Clarke,MID,Ipswich Town,2.7,a,,,,0.2,330,118,0,0,8,0,13.0,313,0.02,0.17,0.15,0.20,34,1,0,3.9,5.0,2026-09-12T14:00:00Z,62,False,8,0,0,0,0,4,0,22006,1,3,2,21.0,1,-3254,468,3722,54,False,1,0,2,1,1,4
Rodrigo 'Rodri' Hernandez Cascante,MID,Man City,0.0,u,Has joined Barcelona permanently,0,0,0.0,597,251,0,0,0,0,0.0,402,0.00,0.00,0.00,0.00,39,0,0,0.0,0.0,2026-09-13T15:30:00Z,0,False,16,0,0,0,0,4,0,1206,0,1,0,0.0,0,-87,0,87,65,False,0,0,0,0,0,4
Destiny Udogie,DEF,Spurs,2.3,a,,,,0.4,273,100,0,0,0,0,0.0,506,0.00,0.00,0.00,0.00,37,0,0,0.0,0.0,2026-09-12T16:30:00Z,0,False,9,0,0,0,0,4,0,41192,0,0,0,0.0,0,-2914,1478,4392,45,True,0,0,0,0,0,4
Joél Drakes-Thomas,MID,Crystal Palace,0.0,a,,,,0.1,451,177,0,0,0,0,0.0,221,0.00,0.00,0.00,0.00,34,0,0,0.0,0.0,2026-09-12T14:00:00Z,0,False,12,0,0,0,0,4,0,8428,0,3,2,0.0,0,-226,850,1076,45,True,0,0,0,0,0,4
Jeremie Frimpong,DEF,Liverpool,0.3,a,,,,2.4,116,47,0,0,12,0,24.9,357,0.12,0.12,0.00,0.10,35,0,0,4.0,13.0,2026-09-12T14:00:00Z,18,False,10,0,0,0,0,4,0,231759,0,0,0,2.0,1,-81882,4729,86611,54,True,0,3,4,1,1,4
Jean-Philippe Mateta,FWD,Crystal Palace,0.0,i,Hamstring injury - Expected back 11 Oct,0,0,1.8,132,19,0,0,0,0,0.0,223,0.00,0.00,0.00,0.00,34,0,0,0.0,0.0,2026-09-12T14:00:00Z,0,False,12,0,0,0,0,4,0,175573,0,3,2,0.0,0,-72649,343,72992,64,True,0,0,0,0,0,4
Charalampos Kostoulas,FWD,Brighton,2.7,a,,,,0.5,247,42,1,1,40,1,7.0,138,0.01,0.40,0.39,1.30,38,0,1,7.8,33.0,2026-09-13T13:00:00Z,83,False,7,0,0,0,0,4,0,59839,1,5,0,38.0,10,7254,16416,9162,55,False,0,2,7,4,1,4
Milan van Ewijk,DEF,Coventry City,2.0,a,,,,10.8,42,16,0,0,-5,0,11.6,175,0.04,0.04,0.00,2.81,38,5,0,3.4,18.8,2026-09-13T13:00:00Z,90,False,5,0,0,0,0,4,0,1124770,1,5,0,4.0,0,-106326,32583,138909,40,True,0,6,7,3,1,4
Bobby Thomas,DEF,Coventry City,5.0,a,,,,8.9,46,17,0,0,-17,0,0.4,173,0.07,0.26,0.19,2.81,38,5,0,3.0,6.8,2026-09-13T13:00:00Z,90,False,5,0,0,0,0,4,0,1003377,1,5,0,23.0,0,70975,154241,83266,40,True,0,8,8,2,0,4
Mark Travers,GK,Everton,0.0,a,,,,0.0,523,58,0,0,0,0,0.0,227,0.00,0.00,0.00,0.00,37,0,0,0.0,0.0,2026-09-12T16:30:00Z,0,False,19,0,0,0,0,4,0,3798,0,0,0,0.0,0,-29,410,439,50,False,0,0,0,0,0,4
Mike Penders,GK,Chelsea,0.0,a,,,,0.1,479,54,0,0,0,0,0.0,560,0.00,0.00,0.00,0.00,33,0,0,0.0,0.0,2026-09-12T14:00:00Z,0,False,11,0,0,0,0,4,0,6637,0,2,2,0.0,0,-482,321,803,44,True,0,0,0,0,0,4
Sávio Moreira de Oliveira,MID,Spurs,1.0,a,,100,100,0.7,224,72,0,0,22,1,53.7,403,0.26,0.36,0.10,1.11,37,0,0,10.3,20.8,2026-09-12T16:30:00Z,90,False,9,0,0,0,0,4,0,75171,1,0,0,28.0,3,-583,13225,13808,65,True,0,1,6,5,0,4
Daniel Muñoz Mejía,DEF,Nott'm Forest,0.3,a,,,,5.8,67,28,0,0,23,0,55.9,201,0.18,0.40,0.22,0.82,31,1,0,12.7,31.6,2026-09-12T14:00:00Z,90,False,2,0,0,0,0,4,0,588016,1,2,1,39.0,2,-83474,11222,94696,54,False,0,3,7,4,4,4
Dayann Méthalie,DEF,Sunderland,0.0,a,,100,100,0.0,620,207,0,0,0,0,0.0,612,0.00,0.00,0.00,0.00,36,0,0,0.0,0.0,2026-09-12T19:00:00Z,0,False,1,0,0,0,0,4,0,710,0,2,0,0.0,0,-16,187,203,45,True,0,0,0,0,0,4
Calvin Ramsay,DEF,Liverpool,0.0,u,Has joined St Mirren on loan for the rest of the season,0,0,0.1,413,150,0,0,0,0,0.0,365,0.00,0.00,0.00,0.00,35,0,0,0.0,0.0,2026-09-12T14:00:00Z,0,False,10,0,0,0,0,4,0,11136,0,0,0,0.0,0,-2067,0,2067,40,True,0,0,0,0,0,4
Jaden Philogene,MID,Ipswich Town,0.0,i,Ankle injury - Unknown return date,0,0,0.1,459,182,0,0,6,0,0.8,318,0.00,0.01,0.02,0.41,34,1,0,1.3,3.4,2026-09-12T14:00:00Z,28,False,8,0,0,0,0,4,0,8038,0,3,2,9.0,1,-1303,38,1341,54,False,0,0,3,3,0,4
John Egan,DEF,Hull City,7.7,a,,,,6.3,63,26,0,0,-1,0,0.5,277,0.00,0.04,0.04,0.91,33,2,0,2.1,14.2,2026-09-12T14:00:00Z,90,False,6,0,0,0,0,4,0,688208,1,2,2,6.0,2,150184,223735,73551,41,False,1,12,14,6,2,4
Tino Livramento,DEF,Newcastle,0.0,a,,0,100,0.1,492,173,1,0,9,0,3.8,450,0.01,0.01,0.00,0.16,40,1,0,1.3,4.8,2026-09-14T19:00:00Z,32,False,13,0,0,0,0,4,0,6615,0,1,4,4.0,3,2452,3493,1041,49,False,1,1,3,4,2,4
Leo Shahar,DEF,Newcastle,0.0,a,,,,0.3,311,116,0,0,0,0,0.0,609,0.00,0.00,0.00,0.00,40,0,0,0.0,0.0,2026-09-14T19:00:00Z,0,False,13,0,0,0,0,4,0,26576,0,1,4,0.0,0,-1044,3372,4416,40,False,0,0,0,0,0,4
Alfie McNally,GK,Fulham,0.0,u,Has joined York City on loan for the rest of the season,0,0,0.1,387,45,0,0,0,0,0.0,252,0.00,0.00,0.00,0.00,35,0,0,0.0,0.0,2026-09-12T14:00:00Z,0,False,14,0,0,0,0,4,0,13370,0,0,0,0.0,0,-1879,0,1879,40,False,0,0,0,0,0,4
Benoît Badiashile Mukinayi,DEF,Chelsea,0.0,u,Has joined Napoli on loan for the rest of the season,0,0,0.0,596,202,0,0,0,0,0.0,146,0.00,0.00,0.00,0.00,33,0,0,0.0,0.0,2026-09-12T14:00:00Z,0,False,11,0,0,0,0,4,0,1183,0,2,2,0.0,0,-250,0,250,45,True,0,0,0,0,0,4
Junior Kroupi,MID,Bournemouth,0.0,i,Foot injury - Expected back 7 Nov,0,0,0.2,340,123,0,0,0,0,0.0,78,0.00,0.00,0.00,0.00,32,0,0,0.0,0.0,2026-09-12T14:00:00Z,0,False,4,0,0,0,0,4,0,21026,0,2,2,0.0,0,-3124,197,3321,74,True,0,0,0,0,0,4
Bukayo Saka,MID,Arsenal,7.3,a,,,,11.4,37,14,0,0,28,1,16.9,12,0.08,1.46,1.38,1.80,36,0,1,11.9,45.4,2026-09-12T19:00:00Z,90,False,20,0,0,0,0,4,0,1257689,1,2,0,57.0,8,64680,213086,148406,95,False,0,2,7,4,1,4
Callum Wilson,FWD,Brentford,1.0,a,,,,0.4,287,49,0,0,0,0,0.0,108,0.00,0.00,0.00,0.00,32,0,0,0.0,0.0,2026-09-12T14:00:00Z,0,False,3,0,0,0,0,4,0,36748,0,2,2,0.0,0,-3164,2767,5931,55,False,0,0,0,0,0,4
Marcus Rashford,MID,Man Utd,2.0,a,,,,1.6,145,44,0,0,6,0,14.1,429,0.08,0.20,0.12,1.08,39,1,0,4.9,5.4,2026-09-13T15:30:00Z,82,False,15,0,0,0,0,4,0,172900,1,1,0,29.0,2,-3479,24764,28243,70,True,0,2,5,2,1,4
Oscar Bobb,MID,Fulham,2.3,a,,,,0.3,294,101,0,0,12,1,30.0,264,0.13,0.13,0.00,0.63,35,0,0,4.4,10.0,2026-09-12T14:00:00Z,62,False,14,0,0,0,0,4,0,30794,1,0,0,4.0,3,-4132,2106,6238,55,False,0,2,7,4,1,4
Daniel Ballard,DEF,Sunderland,4.0,a,,,,3.3,94,36,0,0,0,0,10.8,532,0.01,0.09,0.08,1.88,36,2,0,2.9,9.0,2026-09-12T19:00:00Z,90,False,1,0,0,0,0,4,0,317274,1,2,0,9.0,0,-96106,7170,103276,49,True,1,5,6,3,1,4
Marco Bizot,GK,Aston Villa,0.3,a,,,,0.1,378,43,0,0,0,0,0.0,29,0.00,0.00,0.00,0.00,31,0,0,0.0,0.0,2026-09-12T14:00:00Z,0,False,18,0,0,0,0,4,0,14214,0,2,1,0.0,0,-601,1027,1628,45,True,0,0,0,0,0,4
Bafodé Diakité,DEF,Bournemouth,0.0,a,,,,0.2,354,133,0,0,0,0,0.0,62,0.00,0.00,0.00,0.00,32,0,0,0.0,0.0,2026-09-12T14:00:00Z,0,False,4,0,0,0,0,4,0,18147,0,2,2,0.0,0,-1343,1310,2653,50,True,0,0,0,0,0,4
Luka Lynch,MID,Aston Villa,0.0,u,Has joined Oxford United on loan until January,0,0,0.1,442,172,0,0,0,0,0.0,607,0.00,0.00,0.00,0.00,31,0,0,0.0,0.0,2026-09-12T14:00:00Z,0,False,18,0,0,0,0,4,0,8828,0,2,1,0.0,0,-2922,0,2922,45,True,0,0,0,0,0,4
Diego Coppola,DEF,Brighton,0.0,a,,,,0.0,572,194,0,0,0,0,0.0,117,0.00,0.00,0.00,0.00,38,0,0,0.0,0.0,2026-09-13T13:00:00Z,0,False,7,0,0,0,0,4,0,2061,0,5,0,0.0,0,-50,180,230,45,False,0,0,0,0,0,4
Lucas Estella Perri,GK,Leeds,0.0,u,Has joined Torino on loan for the rest of the season,0,0,0.4,280,38,0,0,0,0,0.0,326,0.00,0.00,0.00,0.00,40,0,0,0.0,0.0,2026-09-14T19:00:00Z,0,False,17,0,0,0,0,4,0,38525,0,1,4,0.0,0,-6925,0,6925,45,True,0,0,0,0,0,4
Gabriel Fernando de Jesus,FWD,Arsenal,0.0,u,Has joined FC Barcelona permanently,0,0,0.2,346,54,0,0,0,0,0.0,27,0.00,0.00,0.00,0.00,36,0,0,0.0,0.0,2026-09-12T19:00:00Z,0,False,20,0,0,0,0,4,0,18614,0,2,0,0.0,0,-7696,0,7696,59,False,0,0,0,0,0,4
Tatsuhiro Sakamoto,MID,Coventry City,0.3,a,,,,0.1,461,183,0,0,0,0,0.0,185,0.00,0.00,0.00,0.00,38,0,0,0.0,0.0,2026-09-13T13:00:00Z,0,False,5,0,0,0,0,4,0,7657,0,5,0,0.0,0,-975,207,1182,49,True,0,0,0,0,0,4
Mathys Tel,MID,Spurs,2.3,a,,,,0.3,313,109,0,0,3,0,3.2,514,0.09,0.10,0.01,0.44,37,0,0,1.3,0.6,2026-09-12T16:30:00Z,27,False,9,0,0,0,0,4,0,26160,0,0,0,9.0,1,-6570,1812,8382,58,True,0,0,0,0,0,4
Benjamin Lecomte,GK,Fulham,0.0,a,,,,1.2,175,26,0,0,0,0,0.0,251,0.00,0.00,0.00,0.00,35,0,0,0.0,0.0,2026-09-12T14:00:00Z,0,False,14,0,0,0,0,4,0,123844,0,0,0,0.0,0,981,8151,7170,40,False,0,0,0,0,0,4
Liam Delap,FWD,Nott'm Forest,1.0,a,,,,0.9,205,32,0,0,25,0,12.6,167,0.08,0.71,0.63,0.73,31,1,1,7.9,28.6,2026-09-12T14:00:00Z,90,False,2,0,0,0,0,4,0,93051,1,2,1,38.0,5,7672,20097,12425,55,False,1,1,4,2,1,4
Christos Tzolis,MID,Arsenal,3.7,a,,,,16.6,23,8,0,0,10,1,7.3,557,0.13,0.13,0.00,1.41,36,0,0,1.3,3.8,2026-09-12T19:00:00Z,80,False,20,0,0,0,0,4,0,1659753,1,2,0,2.0,3,-328555,82691,411246,64,False,0,1,3,1,1,4
Brandon Austin,GK,Spurs,0.0,a,,,,1.0,190,29,0,0,0,0,0.0,495,0.00,0.00,0.00,0.00,37,0,0,0.0,0.0,2026-09-12T16:30:00Z,0,False,9,0,0,0,0,4,0,108986,0,0,0,0.0,0,2998,8583,5585,40,True,0,0,0,0,0,4
Amad Diallo,MID,Man Utd,0.0,i,Unspecified injury - Unknown return date,0,0,0.4,274,90,0,0,0,0,0.0,431,0.00,0.00,0.00,0.00,39,0,0,0.0,0.0,2026-09-13T15:30:00Z,0,False,15,0,0,0,0,4,0,38595,0,1,0,0.0,0,-13432,148,13580,58,True,0,0,0,0,0,4
Chris Wood,FWD,Nott'm Forest,0.7,a,,,,1.1,180,28,0,0,3,0,0.0,490,0.00,0.00,0.00,0.09,31,0,0,0.0,0.0,2026-09-12T14:00:00Z,1,False,2,0,0,0,0,4,0,108335,0,2,1,0.0,1,-17430,4564,21994,59,False,0,0,0,0,0,4
Kevin Schade,MID,Brentford,5.0,a,,,,3.8,88,29,0,3,49,0,8.3,94,0.10,0.31,0.21,1.75,32,2,2,10.7,70.8,2026-09-12T14:00:00Z,90,False,3,0,0,0,0,4,0,374153,1,2,2,28.0,15,-59161,28990,88151,60,False,0,0,4,3,1,4
Andrey Nascimento dos Santos,MID,Man Utd,1.3,a,,,,0.7,220,70,0,0,0,0,0.0,162,0.00,0.00,0.00,0.00,39,0,0,0.0,0.0,2026-09-13T15:30:00Z,0,False,15,0,0,0,0,4,0,72284,0,1,0,0.0,0,-13179,3527,16706,49,True,0,0,0,0,0,4
Matt Grimes,MID,Coventry City,2.0,a,,,,0.1,370,133,0,0,9,0,5.8,184,0.02,0.07,0.05,2.60,38,4,0,1.3,5.6,2026-09-13T13:00:00Z,83,False,5,0,0,0,0,4,0,14585,1,5,0,2.0,2,-2101,532,2633,50,True,0,1,3,1,1,4
George Hemmings,MID,Aston Villa,2.3,a,,,,1.3,164,51,0,0,3,0,11.5,51,0.01,0.01,0.00,0.39,31,0,0,1.6,2.0,2026-09-12T14:00:00Z,45,False,18,0,0,0,0,4,0,147009,1,2,1,2.0,1,30719,53459,22740,45,True,0,1,1,0,0,4
Juan Angulo,FWD,Sunderland,1.0,a,,,,0.4,262,45,0,0,0,0,0.0,651,0.00,0.00,0.00,0.00,36,0,0,0.0,0.0,2026-09-12T19:00:00Z,0,False,1,0,0,0,0,4,0,53783,0,2,0,0.0,0,22849,32385,9536,45,True,0,0,0,0,0,4
Lucas Gourna-Douath,MID,Hull City,1.0,a,,,,0.0,552,227,0,0,0,0,0.0,589,0.00,0.00,0.00,0.00,33,0,0,0.0,0.0,2026-09-12T14:00:00Z,0,False,6,0,0,0,0,4,0,2686,0,2,2,0.0,0,-111,172,283,50,False,0,0,0,0,0,4
Amar Dedic,DEF,Newcastle,4.3,d,Hamstring injury - 75% chance of playing,,75,3.2,98,37,0,0,-3,0,2.7,593,0.00,0.00,0.00,1.91,40,3,0,1.3,10.4,2026-09-14T19:00:00Z,57,False,13,0,0,0,0,4,0,313784,1,1,4,0.0,0,-7549,107522,115071,45,False,0,3,6,4,3,4
Marcelino Núñez,MID,Ipswich Town,2.0,a,,,,0.1,396,147,0,0,0,0,0.0,309,0.00,0.00,0.00,0.00,34,0,0,0.0,0.0,2026-09-12T14:00:00Z,0,False,8,0,0,0,0,4,0,12735,0,3,2,0.0,0,-1485,377,1862,50,False,0,0,0,0,0,4
Thimothée Lo-Tutala,GK,Hull City,0.0,u,Has joined Colchester United on loan for the rest of the season,0,0,0.0,554,63,0,0,0,0,0.0,276,0.00,0.00,0.00,0.00,33,0,0,0.0,0.0,2026-09-12T14:00:00Z,0,False,6,0,0,0,0,4,0,2640,0,2,2,0.0,0,-204,0,204,40,False,0,0,0,0,0,4
Matheus Nunes,DEF,Man City,0.3,a,,100,100,1.0,195,73,0,1,34,1,1.5,389,0.01,0.01,0.00,1.00,39,0,0,3.3,31.2,2026-09-13T15:30:00Z,90,False,16,0,0,0,0,4,0,99893,1,1,0,0.0,9,-8606,2401,11007,59,False,0,9,11,8,2,4
Jordan Pickford,GK,Everton,3.7,a,,,,8.6,49,7,0,0,25,1,0.0,226,0.00,0.00,0.00,0.69,37,0,0,1.2,11.6,2026-09-12T16:30:00Z,90,False,19,0,0,0,0,4,2,922558,1,0,0,0.0,6,792,69771,68979,55,False,0,2,0,11,0,4
Abdülkadir Ömür,MID,Hull City,0.0,a,,,,0.0,580,241,0,0,0,0,0.0,292,0.00,0.00,0.00,0.00,33,0,0,0.0,0.0,2026-09-12T14:00:00Z,0,False,6,0,0,0,0,4,0,1763,0,2,2,0.0,0,-30,298,328,49,False,0,0,0,0,0,4
Jannik Schuster,DEF,Brentford,1.3,a,,,,0.1,371,141,0,0,5,0,0.5,93,0.01,0.01,0.00,1.75,32,2,0,3.1,22.2,2026-09-12T14:00:00Z,90,False,3,0,0,0,0,4,0,15722,1,2,2,8.0,3,170,905,735,45,False,0,10,12,3,2,4
Jaidon Anthony,MID,Brentford,1.3,a,,,,0.1,373,135,0,0,12,0,15.3,105,0.10,0.10,0.00,1.25,32,2,0,3.2,14.6,2026-09-12T14:00:00Z,59,False,3,0,0,0,0,4,0,14724,1,2,2,2.0,1,-1801,761,2562,60,False,0,5,11,4,2,4
Noah Okafor,MID,Leeds,2.0,a,,,,0.3,299,103,0,1,35,1,17.8,336,0.08,0.15,0.07,0.58,40,0,1,8.0,41.4,2026-09-14T19:00:00Z,71,False,17,0,0,0,0,4,0,29116,1,1,4,21.0,9,-4605,2061,6666,59,True,0,1,6,3,2,4
Martín Zubimendi Ibáñez,MID,Arsenal,1.0,a,,,,0.7,223,71,0,0,5,0,0.2,19,0.00,0.00,0.00,0.40,36,0,0,0.4,3.4,2026-09-12T19:00:00Z,9,False,20,0,0,0,0,4,0,71283,0,2,0,0.0,1,-11465,1507,12972,54,False,0,0,2,1,1,4
Maxence Lacroix,DEF,Chelsea,3.0,a,,,,8.1,52,20,0,0,4,0,0.0,200,0.00,0.00,0.00,0.49,33,0,0,0.4,3.6,2026-09-12T14:00:00Z,4,False,11,0,0,0,0,4,0,865615,0,2,2,0.0,1,-19123,60756,79879,60,True,0,2,3,0,1,4
Josh King,MID,Fulham,6.3,a,,,,1.1,176,56,0,0,19,1,14.3,268,0.09,0.30,0.21,0.81,35,0,0,6.3,11.4,2026-09-12T14:00:00Z,76,False,14,0,0,0,0,4,0,130602,1,0,0,37.0,3,47115,81597,34482,55,False,0,0,4,2,2,4
Justin Devenny,MID,Crystal Palace,0.0,u,Has joined Stoke City permanently,0,0,0.0,619,265,0,0,0,0,0.0,215,0.00,0.00,0.00,0.00,34,0,0,0.0,0.0,2026-09-12T14:00:00Z,0,False,12,0,0,0,0,4,0,646,0,3,2,0.0,0,-276,0,276,50,True,0,0,0,0,0,4
Reece James,DEF,Chelsea,0.7,a,,,,7.7,55,22,0,0,11,0,10.4,142,0.14,0.30,0.16,1.38,33,2,0,4.5,19.8,2026-09-12T14:00:00Z,90,False,11,0,0,0,0,4,0,828525,1,2,2,15.0,1,-30934,60443,91377,54,True,0,2,4,4,2,4
Pascal Groß,MID,Brighton,5.3,a,,,,16.3,24,9,2,3,56,1,79.1,124,0.19,1.01,0.82,1.33,38,0,1,18.1,83.8,2026-09-13T13:00:00Z,90,False,7,0,0,0,0,4,0,1745184,1,5,0,18.0,17,72242,283590,211348,56,False,0,2,6,2,2,4
Takehiro Tomiyasu,DEF,Crystal Palace,0.5,a,,,,0.3,303,112,0,0,4,0,10.6,577,0.01,0.01,0.00,0.54,44,0,0,2.3,10.6,2026-09-20T13:00:00Z,45,False,13,0,0,0,0,5,0,29233,1,0,0,2.0,1,-2327,497,2824,44,False,0,3,3,0,0,5
Rúben dos Santos Gato Alves Dias,DEF,Man City,4.0,a,,,,1.9,131,53,0,0,-7,0,0.3,390,0.00,0.20,0.20,3.57,45,3,0,1.2,4.8,2026-09-20T13:00:00Z,90,False,20,0,0,0,0,5,0,208870,1,3,5,7.0,1,10534,21282,10748,55,True,0,4,4,0,0,5
Julio Soler Barreto,DEF,Bournemouth,0.0,a,,100,100,0.3,307,115,0,0,0,0,0.0,66,0.00,0.00,0.00,0.00,49,0,0,0.0,0.0,2026-09-20T13:00:00Z,0,False,14,0,0,0,0,5,0,28923,0,1,0,0.0,0,-57,2347,2404,40,True,0,0,0,0,0,5
James McConnell,MID,Liverpool,0.0,a,,,,0.2,315,111,0,0,0,0,0.0,378,0.00,0.00,0.00,0.00,49,0,0,0.0,0.0,2026-09-20T13:00:00Z,0,False,3,0,0,0,0,5,0,26448,0,1,0,0.0,0,98,2718,2620,44,False,0,0,0,0,0,5
Nico González Iglesias,MID,Newcastle,1.2,i,Concussion - Expected back 12 Oct,,0,0.2,329,118,0,0,0,0,0.0,405,0.00,0.00,0.00,0.00,46,0,0,0.0,0.0,2026-09-19T14:00:00Z,0,False,11,0,0,0,0,5,0,21094,0,1,2,0.0,0,-5729,1106,6835,55,True,0,0,0,0,0,5
Gabriel Gudmundsson,DEF,Leeds,2.0,a,,100,100,0.1,471,168,0,0,27,1,19.7,331,0.03,0.03,0.00,1.06,44,0,0,3.8,16.0,2026-09-20T13:00:00Z,90,False,8,0,0,0,0,5,0,8163,1,0,0,2.0,6,1220,1740,520,45,True,0,2,5,1,3,5
Georginio Rutter,FWD,Brighton,0.9,a,,75,100,0.5,257,44,0,0,2,0,0.3,125,0.01,0.10,0.09,0.74,42,0,0,0.5,0.4,2026-09-19T14:00:00Z,14,False,1,0,0,0,0,5,0,49762,0,0,3,4.0,1,-10169,2315,12484,54,True,0,0,2,2,0,5
Marc Guéhi,DEF,Man City,6.5,a,,,,18.5,21,6,1,0,13,0,13.1,388,0.01,0.07,0.06,3.57,45,3,0,5.5,32.8,2026-09-20T13:00:00Z,90,False,20,0,0,0,0,5,0,2017850,1,3,5,9.0,4,13337,86049,72712,60,True,0,4,4,2,0,5
Kayne van Oevelen,GK,Ipswich Town,0.0,u,Has joined Valencia on loan for the rest of the season,0,0,0.0,573,68,0,0,0,0,0.0,554,0.00,0.00,0.00,0.00,43,0,0,0.0,0.0,2026-09-19T14:00:00Z,0,False,9,0,0,0,0,5,0,1878,0,0,1,0.0,0,-237,0,237,45,False,0,0,0,0,0,5
Macaulay Zepa,MID,Fulham,0.0,a,,,,0.3,292,100,0,0,0,0,0.0,626,0.00,0.00,0.00,0.00,50,0,0,0.0,0.0,2026-09-20T15:30:00Z,0,False,16,0,0,0,0,5,0,32375,0,1,1,0.0,0,-3861,996,4857,45,True,0,0,0,0,0,5
Trevoh Chalobah,DEF,Chelsea,0.0,u,Has joined Como permanently,0,0,0.1,460,164,0,0,0,0,0.0,143,0.00,0.00,0.00,0.00,41,0,0,0.0,0.0,2026-09-18T19:00:00Z,0,False,4,0,0,0,0,5,0,7643,0,0,3,0.0,0,-705,0,705,55,False,0,0,0,0,0,5
Lukas Nmecha,FWD,Leeds,1.5,a,,,,0.5,255,43,0,0,4,0,0.0,347,0.00,0.00,0.00,0.37,44,0,0,0.2,2.0,2026-09-20T13:00:00Z,14,False,8,0,0,0,0,5,0,51218,0,0,0,0.0,1,-1434,6227,7661,54,True,0,0,2,1,1,5
Pedro Lomba Neto,MID,Chelsea,3.0,a,,,,1.4,156,48,0,0,13,0,7.8,156,0.05,0.21,0.16,2.22,41,2,0,4.2,9.6,2026-09-18T19:00:00Z,86,False,4,0,0,0,0,5,0,151580,1,0,3,25.0,2,-6221,15985,22206,65,False,0,0,6,3,3,5
Benoît Badiashile Mukinayi,DEF,Chelsea,0.0,u,Has joined Napoli on loan for the rest of the season,0,0,0.0,606,205,0,0,0,0,0.0,146,0.00,0.00,0.00,0.00,41,0,0,0.0,0.0,2026-09-18T19:00:00Z,0,False,4,0,0,0,0,5,0,1061,0,0,3,0.0,0,-128,0,128,45,False,0,0,0,0,0,5
Harry Howell,MID,Brighton,0.0,u,Has joined Leicester City on loan for the rest of the season,0,0,0.0,533,217,0,0,0,0,0.0,132,0.00,0.00,0.00,0.00,42,0,0,0.0,0.0,2026-09-19T14:00:00Z,0,False,1,0,0,0,0,5,0,3291,0,0,3,0.0,0,-395,0,395,45,True,0,0,0,0,0,5
Ross Barkley,MID,Aston Villa,2.2,a,,,,0.3,308,106,0,0,3,0,0.8,46,0.00,0.00,0.00,0.78,48,2,0,0.1,0.6,2026-09-19T11:30:00Z,6,False,19,0,0,0,0,5,0,28594,0,3,2,0.0,1,-1310,2694,4004,50,False,0,1,4,3,0,5
Ronald Araujo,DEF,Liverpool,3.8,a,,,,2.9,105,40,0,1,28,1,2.8,579,0.01,0.01,0.00,0.79,49,0,0,1.7,12.0,2026-09-20T13:00:00Z,90,False,3,0,0,0,0,5,0,315443,1,1,0,2.0,7,19285,36773,17488,54,False,0,3,5,6,2,5
Brian Madjo,FWD,Aston Villa,0.0,i,Unspecified injury - Unknown return date,0,0,0.2,321,51,0,0,0,0,0.0,582,0.00,0.00,0.00,0.00,48,0,0,0.0,0.0,2026-09-19T11:30:00Z,0,False,19,0,0,0,0,5,0,22744,0,3,2,0.0,0,-4377,268,4645,54,False,0,0,0,0,0,5
Jonah Kusi-Asare,FWD,Fulham,0.0,a,,,,5.7,69,9,0,0,0,0,0.0,272,0.00,0.00,0.00,0.00,50,0,0,0.0,0.0,2026-09-20T15:30:00Z,0,False,16,0,0,0,0,5,0,610960,0,1,1,0.0,0,-40658,30186,70844,45,True,0,0,0,0,0,5
Joe Gelhardt,MID,Hull City,0.0,a,,100,100,0.0,600,253,0,0,5,0,1.3,340,0.02,0.12,0.10,0.13,46,0,0,1.5,1.6,2026-09-19T14:00:00Z,7,False,17,0,0,0,0,5,0,1289,0,1,2,12.0,1,48,281,233,50,False,0,0,1,1,0,5
Julián Araujo Zúñiga,DEF,Bournemouth,0.0,i,Thigh injury - Unknown return date,0,0,0.0,599,204,0,0,0,0,0.0,65,0.00,0.00,0.00,0.00,49,0,0,0.0,0.0,2026-09-20T13:00:00Z,0,False,14,0,0,0,0,5,0,1281,0,1,0,0.0,0,-50,101,151,44,True,0,0,0,0,0,5
Ayyoub Bouaddi,MID,Man City,0.7,a,,,,0.2,352,127,0,0,0,0,0.0,616,0.00,0.00,0.00,0.00,45,0,0,0.0,0.0,2026-09-20T13:00:00Z,0,False,20,0,0,0,0,5,0,18994,0,3,5,0.0,0,-924,2946,3870,55,True,0,0,0,0,0,5
Christantus Uche,FWD,Crystal Palace,0.0,u,has returned to Getafe CF,0,0,0.0,659,78,0,0,0,0,0.0,225,0.00,0.00,0.00,0.00,44,0,0,0.0,0.0,2026-09-20T13:00:00Z,0,False,13,0,0,0,0,5,0,0,0,0,0,0.0,0,0,0,0,50,False,0,0,0,0,0,5
Floyd Samba,MID,Man City,0.0,a,,,,0.0,515,207,0,0,0,0,0.0,653,0.00,0.00,0.00,0.00,45,0,0,0.0,0.0,2026-09-20T13:00:00Z,0,False,20,0,0,0,0,5,0,3973,0,3,5,0.0,0,-124,751,875,45,True,0,0,0,0,0,5
Abdülkadir Ömür,MID,Hull City,0.0,a,,,,0.0,576,238,0,0,0,0,0.0,292,0.00,0.00,0.00,0.00,46,0,0,0.0,0.0,2026-09-19T14:00:00Z,0,False,17,0,0,0,0,5,0,1845,0,1,2,0.0,0,-24,288,312,49,False,0,0,0,0,0,5
Jayden Lienou,DEF,Leeds,0.0,a,,,,0.1,410,151,0,0,0,0,0.0,603,0.00,0.00,0.00,0.00,44,0,0,0.0,0.0,2026-09-20T13:00:00Z,0,False,8,0,0,0,0,5,0,11401,0,0,0,0.0,0,249,1223,974,40,True,0,0,0,0,0,5
Jake Bidwell,DEF,Coventry City,0.0,a,,,,0.1,443,161,0,0,0,0,0.0,178,0.00,0.00,0.00,0.00,47,0,0,0.0,0.0,2026-09-19T16:30:00Z,0,False,18,0,0,0,0,5,0,8565,0,1,0,0.0,0,-211,493,704,40,False,0,0,0,0,0,5
Loum Tchaouna,MID,Coventry City,1.0,a,,,,0.1,421,159,0,0,5,0,1.2,190,0.00,0.04,0.04,0.50,47,0,0,2.7,8.4,2026-09-19T16:30:00Z,45,False,18,0,0,0,0,5,0,10419,0,1,0,17.0,1,-1058,39,1097,54,False,0,1,3,2,0,5
Cathal McCarthy,DEF,Hull City,0.0,a,,,,0.1,427,155,0,0,0,0,0.0,284,0.00,0.00,0.00,0.00,46,0,0,0.0,0.0,2026-09-19T14:00:00Z,0,False,17,0,0,0,0,5,0,10301,0,1,2,0.0,0,425,1366,941,40,False,0,0,0,0,0,5
Vitezslav Jaros,GK,Liverpool,0.0,i,Knee injury - Unknown return date,0,0,0.0,569,66,0,0,0,0,0.0,354,0.00,0.00,0.00,0.00,49,0,0,0.0,0.0,2026-09-20T13:00:00Z,0,False,3,0,0,0,0,5,0,2153,0,1,0,0.0,0,107,268,161,40,False,0,0,0,0,0,5
Nobel Mendy,DEF,Hull City,6.2,i,Concussion - Expected back 11 Oct,100,0,6.7,60,25,0,0,0,0,0.0,586,0.00,0.00,0.00,0.00,46,0,0,0.0,0.0,2026-09-19T14:00:00Z,0,False,17,0,0,0,0,5,0,693276,0,1,2,0.0,0,-152875,13422,166297,41,False,0,0,0,0,0,5
Simon Adingra,MID,Sunderland,0.0,u,Has joined Ajax on loan for the rest of the season,0,0,0.0,550,227,0,0,0,0,0.0,546,0.00,0.00,0.00,0.00,45,0,0,0.0,0.0,2026-09-20T13:00:00Z,0,False,15,0,0,0,0,5,0,2712,0,3,5,0.0,0,-645,0,645,49,False,0,0,0,0,0,5
Tyler Dibling,MID,Everton,0.0,a,,,,0.0,544,223,0,0,10,0,24.4,245,0.16,0.33,0.17,0.38,43,0,0,5.8,7.2,2026-09-19T14:00:00Z,24,False,12,0,0,0,0,5,0,3032,0,0,1,26.0,1,-87,288,375,54,True,0,0,0,0,0,5
Chris Wood,FWD,Nott'm Forest,0.8,a,,,,0.9,189,29,0,0,4,0,2.3,490,0.00,0.00,0.00,0.04,47,0,0,0.3,1.0,2026-09-19T16:30:00Z,17,False,7,0,0,0,0,5,0,100797,0,1,0,0.0,1,-9928,5666,15594,58,True,0,0,0,0,0,5
Robinio Vaz,FWD,Hull City,0.5,a,,,,0.1,431,63,0,0,5,0,11.2,637,0.01,0.01,0.00,0.13,46,0,0,1.6,2.4,2026-09-19T14:00:00Z,12,False,17,0,0,0,0,5,0,10422,0,1,2,2.0,1,3868,5586,1718,50,False,0,0,1,1,0,5
Sean Steur,MID,Newcastle,1.2,a,,,,0.1,457,179,0,0,18,1,30.3,462,0.03,0.03,0.00,0.52,46,0,0,4.6,16.0,2026-09-19T14:00:00Z,65,False,11,0,0,0,0,5,0,7714,1,1,2,0.0,3,-576,420,996,49,True,0,2,7,3,2,5
Ephron Mason-Clark,MID,Coventry City,1.0,a,,100,100,0.1,438,167,0,0,6,0,33.8,186,0.05,0.07,0.02,0.60,47,0,0,4.5,5.2,2026-09-19T16:30:00Z,45,False,18,0,0,0,0,5,0,8948,1,1,0,6.0,1,-836,100,936,54,False,0,0,2,2,0,5
Liam Kitching,DEF,Coventry City,0.0,u,Has joined Sheffield United on loan for the rest of the season,0,0,0.4,276,100,0,0,0,0,0.0,174,0.00,0.00,0.00,0.00,47,0,0,0.0,0.0,2026-09-19T16:30:00Z,0,False,18,0,0,0,0,5,0,38582,0,1,0,0.0,0,-5337,0,5337,40,False,0,0,0,0,0,5
Juan Angulo,FWD,Sunderland,0.0,a,,,,0.8,212,34,0,0,0,0,0.0,651,0.00,0.00,0.00,0.00,45,0,0,0.0,0.0,2026-09-20T13:00:00Z,0,False,15,0,0,0,0,5,0,87358,0,3,5,0.0,0,21901,33544,11643,45,False,0,0,0,0,0,5
Michael Keane,DEF,Everton,0.0,a,,,,0.8,206,80,0,0,0,0,0.0,231,0.00,0.00,0.00,0.00,43,0,0,0.0,0.0,2026-09-19T14:00:00Z,0,False,12,0,0,0,0,5,0,83228,0,0,1,0.0,0,-10126,2083,12209,48,True,0,0,0,0,0,5
John Victor Maciel Furtado,GK,Nott'm Forest,0.0,a,,,,0.1,485,55,0,0,0,0,0.0,468,0.00,0.00,0.00,0.00,47,0,0,0.0,0.0,2026-09-19T16:30:00Z,0,False,7,0,0,0,0,5,0,6278,0,1,0,0.0,0,-135,197,332,45,True,0,0,0,0,0,5
Alex Iwobi,MID,Fulham,2.2,a,,,,0.7,228,71,0,2,27,1,63.3,261,0.41,0.60,0.19,1.12,50,0,0,11.0,21.0,2026-09-20T15:30:00Z,70,False,16,0,0,0,0,5,0,70405,1,1,1,26.0,5,-6504,3075,9579,54,True,0,1,7,5,1,5
Adam Wharton,MID,Crystal Palace,2.5,a,,100,100,0.8,207,65,0,0,13,1,26.8,210,0.22,0.29,0.07,1.31,44,0,0,6.0,20.0,2026-09-20T13:00:00Z,90,False,13,0,0,0,0,5,0,82270,1,0,0,13.0,2,-9048,2827,11875,55,False,1,4,7,1,2,5
Joachim Andersen,DEF,Fulham,0.5,a,,100,100,0.1,379,145,0,0,0,0,0.0,253,0.00,0.00,0.00,0.36,50,1,0,1.0,10.0,2026-09-20T15:30:00Z,10,False,16,0,0,0,0,5,0,14092,0,1,1,0.0,1,-246,1831,2077,50,True,0,5,5,0,0,5
Noah Sadiki,MID,Sunderland,2.0,a,,,,0.2,318,113,0,0,9,0,3.3,545,0.01,0.05,0.04,1.02,45,4,0,0.3,0.0,2026-09-20T13:00:00Z,67,False,15,0,0,0,0,5,0,24166,1,3,5,1.0,2,-2498,1171,3669,49,False,0,1,3,2,0,5
Matias Fernandez-Pardo,FWD,Newcastle,1.0,a,,,,0.1,403,59,0,0,7,0,0.8,634,0.00,0.05,0.05,0.99,46,1,0,0.7,1.2,2026-09-19T14:00:00Z,73,False,11,0,0,0,0,5,0,12360,1,1,2,5.0,2,1205,3570,2365,60,True,0,0,2,1,1,5
Giorgi Mamardashvili,GK,Liverpool,0.0,a,,,,0.1,382,42,0,0,0,0,0.0,351,0.00,0.00,0.00,0.00,49,0,0,0.0,0.0,2026-09-20T13:00:00Z,0,False,3,0,0,0,0,5,0,13807,0,1,0,0.0,0,-846,439,1285,49,False,0,0,0,0,0,5
Florian Wirtz,MID,Liverpool,3.0,a,,,,6.3,61,20,1,0,25,1,39.3,366,0.05,0.27,0.22,0.66,49,0,0,6.9,13.2,2026-09-20T13:00:00Z,70,False,3,0,0,0,0,5,0,650329,1,1,0,16.0,6,-173849,5737,179586,73,False,0,1,8,4,3,5
Adam Aznou,DEF,Everton,0.0,u,Has joined Malaga on loan for the rest of the season,0,0,0.1,423,154,0,0,0,0,0.0,235,0.00,0.00,0.00,0.00,43,0,0,0.0,0.0,2026-09-19T14:00:00Z,0,False,12,0,0,0,0,5,0,10301,0,0,1,0.0,0,-1647,0,1647,40,True,0,0,0,0,0,5
Zach Abbott,DEF,Nott'm Forest,0.0,u,Has joined Southampton on loan for the rest of the season,0,0,0.2,367,140,0,0,0,0,0.0,477,0.00,0.00,0.00,0.00,47,0,0,0.0,0.0,2026-09-19T16:30:00Z,0,False,7,0,0,0,0,5,0,16093,0,1,0,0.0,0,-2263,0,2263,40,True,0,0,0,0,0,5
Altay Bayındır,GK,Man Utd,0.0,u,Has joined Celta Vigo on loan for the rest of the season,0,0,0.0,601,69,0,0,0,0,0.0,413,0.00,0.00,0.00,0.00,50,0,0,0.0,0.0,2026-09-20T15:30:00Z,0,False,10,0,0,0,0,5,0,1255,0,1,1,0.0,0,-93,0,93,45,False,0,0,0,0,0,5
Rayan Aït-Nouri,DEF,Man City,0.0,a,,,,0.4,264,97,0,0,0,0,0.0,392,0.00,0.00,0.00,0.00,45,0,0,0.0,0.0,2026-09-20T13:00:00Z,0,False,20,0,0,0,0,5,0,45028,0,3,5,0.0,0,-4869,1361,6230,53,True,0,0,0,0,0,5
Djed Spence,DEF,Spurs,0.0,u,Has joined Internazionale permanently,0,0,0.2,317,118,0,0,0,0,0.0,505,0.00,0.00,0.00,0.00,48,0,0,0.0,0.0,2026-09-19T11:30:00Z,0,False,2,0,0,0,0,5,0,25713,0,3,2,0.0,0,-2653,0,2653,45,True,0,0,0,0,0,5
Maxim De Cuyper,DEF,Brighton,8.0,a,,,,24.3,12,3,0,1,30,1,33.8,115,0.23,0.25,0.02,1.63,42,0,0,5.2,14.6,2026-09-19T14:00:00Z,90,False,1,0,0,0,0,5,0,2649636,1,0,3,4.0,6,287563,410558,122995,49,True,1,3,7,4,4,5
Zavier Gozo,MID,Crystal Palace,0.5,a,,,,0.0,595,250,0,0,0,0,0.0,595,0.00,0.00,0.00,0.00,44,0,0,0.0,0.0,2026-09-20T13:00:00Z,0,False,13,0,0,0,0,5,0,1330,0,0,0,0.0,0,-117,81,198,50,False,0,0,0,0,0,5
Christos Tzolis,MID,Arsenal,3.5,a,,,,13.7,30,11,0,0,9,0,6.2,557,0.07,0.07,0.00,0.77,42,3,0,1.7,5.0,2026-09-19T14:00:00Z,72,False,5,0,0,0,0,5,0,1417272,1,0,3,6.0,2,-263333,39605,302938,64,False,0,1,3,1,1,5
Ben Johnson,DEF,Ipswich Town,0.0,u,Has joined Stoke City on loan for the rest of the season,0,0,0.1,474,169,0,0,0,0,0.0,307,0.00,0.00,0.00,0.00,43,0,0,0.0,0.0,2026-09-19T14:00:00Z,0,False,9,0,0,0,0,5,0,6704,0,0,1,0.0,0,-1177,0,1177,40,False,0,0,0,0,0,5
Harvey Elliott,MID,Liverpool,0.0,u,Has joined Valencia on loan for the rest of the season,0,0,0.0,521,209,0,0,0,0,0.0,383,0.00,0.00,0.00,0.00,49,0,0,0.0,0.0,2026-09-20T13:00:00Z,0,False,3,0,0,0,0,5,0,3642,0,1,0,0.0,0,-576,0,576,54,False,0,0,0,0,0,5
Cole Palmer,MID,Chelsea,6.5,a,,100,100,26.9,9,5,0,0,21,0,25.3,154,0.18,0.31,0.13,2.65,41,3,0,6.5,19.4,2026-09-18T19:00:00Z,90,False,4,0,0,0,0,5,0,2932358,1,0,3,20.0,2,25953,192540,166587,97,False,0,1,6,2,3,5
Alex Murphy,DEF,Newcastle,0.0,u,Has joined FC Kaiserslautern on loan for the rest of the season,0,0,0.1,484,173,0,0,0,0,0.0,451,0.00,0.00,0.00,0.00,46,0,0,0.0,0.0,2026-09-19T14:00:00Z,0,False,11,0,0,0,0,5,0,6248,0,1,2,0.0,0,-592,0,592,40,True,0,0,0,0,0,5
Ayden Heaven,DEF,Man Utd,0.2,a,,,,0.3,301,110,0,0,0,0,0.0,421,0.00,0.00,0.00,0.00,50,0,0,0.0,0.0,2026-09-20T15:30:00Z,0,False,10,0,0,0,0,5,0,29351,0,1,1,0.0,0,-3023,613,3636,44,False,0,0,0,0,0,5
Will Dennis,GK,Bournemouth,0.0,u,Has joined MK Dons permanently,0,0,0.1,387,44,0,0,0,0,0.0,59,0.00,0.00,0.00,0.00,49,0,0,0.0,0.0,2026-09-20T13:00:00Z,0,False,14,0,0,0,0,5,0,13258,0,1,0,0.0,0,-1059,0,1059,40,True,0,0,0,0,0,5
Jair Paula da Cunha Filho,DEF,Nott'm Forest,2.5,d,Hamstring injury - 75% chance of playing,,75,0.2,340,129,0,0,5,0,11.8,474,0.01,0.03,0.02,0.67,47,1,0,2.7,14.2,2026-09-19T16:30:00Z,90,False,7,0,0,0,0,5,0,19913,1,1,0,1.0,1,-4535,225,4760,45,True,1,6,8,3,2,5
Fabian Schär,DEF,Newcastle,0.2,a,,100,100,0.2,324,121,0,0,1,0,10.5,446,0.01,0.01,0.00,1.08,46,1,0,3.6,25.0,2026-09-19T14:00:00Z,24,False,11,0,0,0,0,5,0,22572,0,1,2,0.0,1,-1391,1121,2512,49,True,0,7,7,0,0,5
Callum Olusesi,MID,Spurs,0.0,a,,,,1.1,176,57,0,0,0,0,0.0,524,0.00,0.00,0.00,0.00,48,0,0,0.0,0.0,2026-09-19T11:30:00Z,0,False,2,0,0,0,0,5,0,117471,0,3,2,0.0,0,17246,32226,14980,44,True,0,0,0,0,0,5
Cédric Kipré,DEF,Ipswich Town,0.0,a,,,,1.1,174,68,0,0,0,0,0.0,303,0.00,0.00,0.00,0.00,43,0,0,0.0,0.0,2026-09-19T14:00:00Z,0,False,9,0,0,0,0,5,0,129561,0,0,1,0.0,0,32822,43068,10246,39,False,0,0,0,0,0,5
Lewis Miley,MID,Newcastle,2.0,a,,100,100,0.1,446,171,0,0,19,0,15.6,459,0.04,0.04,0.00,1.59,46,1,0,3.7,21.8,2026-09-19T14:00:00Z,90,False,11,0,0,0,0,5,0,8479,1,1,2,0.0,4,-101,1217,1318,55,True,0,7,16,5,4,5
Joe Gomez,DEF,Liverpool,0.0,a,,0,100,0.0,587,201,0,0,0,0,0.0,359,0.00,0.00,0.00,0.00,49,0,0,0.0,0.0,2026-09-20T13:00:00Z,0,False,3,0,0,0,0,5,0,1679,0,1,0,0.0,0,78,197,119,49,False,0,0,0,0,0,5
Mateo Kovačić,MID,Man City,0.5,a,,,,0.1,448,172,0,0,0,0,0.0,406,0.00,0.00,0.00,0.00,45,0,0,0.0,0.0,2026-09-20T13:00:00Z,0,False,20,0,0,0,0,5,0,8157,0,3,5,0.0,0,-731,241,972,54,True,0,0,0,0,0,5
Michele Di Gregorio,GK,Bournemouth,0.0,a,,,,0.0,520,59,0,0,0,0,0.0,615,0.00,0.00,0.00,0.00,49,0,0,0.0,0.0,2026-09-20T13:00:00Z,0,False,14,0,0,0,0,5,0,3687,0,1,0,0.0,0,-198,343,541,45,True,0,0,0,0,0,5
Joelinton Cássio Apolinário de Lira,MID,Newcastle,0.0,i,Unspecified injury - Unknown return date,0,0,0.0,571,236,0,0,0,0,0.0,458,0.00,0.00,0.00,0.00,46,0,0,0.0,0.0,2026-09-19T14:00:00Z,0,False,11,0,0,0,0,5,0,1916,0,1,2,0.0,0,-136,44,180,54,True,0,0,0,0,0,5
Tijjani Reijnders,MID,Man City,0.0,u,Has joined Al Qadsiah permanently,0,0,0.0,518,208,0,0,0,0,0.0,404,0.00,0.00,0.00,0.00,45,0,0,0.0,0.0,2026-09-20T13:00:00Z,0,False,20,0,0,0,0,5,0,3723,0,3,5,0.0,0,-224,0,224,60,True,0,0,0,0,0,5
Brandon Thomas-Asante,FWD,Coventry City,1.2,a,,,,0.8,209,33,0,0,16,1,0.6,194,0.01,0.13,0.13,1.10,47,0,0,3.5,15.8,2026-09-19T16:30:00Z,90,False,18,0,0,0,0,5,0,81447,1,1,0,19.0,4,-4476,8488,12964,50,False,0,6,16,7,3,5
Norberto Bercique Gomes Betuncal,FWD,Everton,0.0,u,Has joined Fiorentina permanently,0,0,0.7,216,36,0,0,0,0,0.0,248,0.00,0.00,0.00,0.00,43,0,0,0.0,0.0,2026-09-19T14:00:00Z,0,False,12,0,0,0,0,5,0,72058,0,0,1,0.0,0,-25316,0,25316,54,True,0,0,0,0,0,5
Jenson Seelt,DEF,Sunderland,0.0,u,Has joined Swansea City on loan for the rest of the season,0,0,0.0,632,211,0,0,0,0,0.0,537,0.00,0.00,0.00,0.00,45,0,0,0.0,0.0,2026-09-20T13:00:00Z,0,False,15,0,0,0,0,5,0,566,0,3,5,0.0,0,-55,0,55,45,False,0,0,0,0,0,5
Wilson Odobert,MID,Spurs,0.0,i,Knee injury - Unknown return date,0,0,0.0,653,291,0,0,0,0,0.0,517,0.00,0.00,0.00,0.00,48,0,0,0.0,0.0,2026-09-19T11:30:00Z,0,False,2,0,0,0,0,5,0,159,0,3,2,0.0,0,3,23,20,55,True,0,0,0,0,0,5
Alejandro Garnacho Ferreyra,MID,Aston Villa,0.8,a,,,,0.3,283,94,0,0,0,0,0.0,160,0.00,0.00,0.00,0.00,48,0,0,0.0,0.0,2026-09-19T11:30:00Z,0,False,19,0,0,0,0,5,0,35129,0,3,2,0.0,0,-6202,839,7041,58,False,0,0,0,0,0,5
Honest Ahanor,DEF,Crystal Palace,1.5,a,,,,0.0,586,200,0,0,0,0,0.0,633,0.00,0.00,0.00,0.00,44,0,0,0.0,0.0,2026-09-20T13:00:00Z,0,False,13,0,0,0,0,5,0,1692,0,0,0,0.0,0,470,710,240,45,False,0,0,0,0,0,5
Alex Scott,MID,Bournemouth,7.0,a,,,,5.8,68,24,0,0,17,0,40.5,69,0.07,0.19,0.12,1.65,49,1,0,6.2,8.2,2026-09-20T13:00:00Z,90,False,14,0,0,0,0,5,0,624564,1,1,0,13.0,2,-5057,72063,77120,61,True,0,0,8,8,0,5
Manuel Ugarte Ribeiro,MID,Man Utd,0.0,i,Knee injury - Unknown return date,0,0,0.0,638,278,0,0,0,0,0.0,433,0.00,0.00,0.00,0.00,50,0,0,0.0,0.0,2026-09-20T15:30:00Z,0,False,10,0,0,0,0,5,0,386,0,1,1,0.0,0,-21,15,36,50,False,0,0,0,0,0,5
Pape Matar Sarr,MID,Spurs,0.0,u,Has joined Juventus on loan for the rest of the season,0,0,0.1,444,170,0,0,0,0,0.0,518,0.00,0.00,0.00,0.00,48,0,0,0.0,0.0,2026-09-19T11:30:00Z,0,False,2,0,0,0,0,5,0,8302,0,3,2,0.0,0,-2148,0,2148,49,True,0,0,0,0,0,5
Bernd Leno,GK,Fulham,3.8,a,,,,3.1,103,16,0,0,18,0,0.0,250,0.00,0.00,0.00,1.60,50,1,0,3.5,34.6,2026-09-20T15:30:00Z,90,False,16,0,0,0,0,5,5,335875,1,1,1,0.0,3,19961,37373,17412,45,True,0,2,0,8,0,5
Veljko Milosavljevic,DEF,Bournemouth,0.0,i,Thigh injury - Unknown return date,0,0,0.0,616,208,0,0,0,0,0.0,63,0.00,0.00,0.00,0.00,49,0,0,0.0,0.0,2026-09-20T13:00:00Z,0,False,14,0,0,0,0,5,0,843,0,1,0,0.0,0,-21,74,95,49,True,0,0,0,0,0,5
Regan Slater,MID,Hull City,3.2,a,,,,5.5,73,25,0,0,9,0,23.8,290,0.03,0.16,0.13,1.31,46,2,0,3.7,4.2,2026-09-19T14:00:00Z,77,False,17,0,0,0,0,5,0,597244,1,1,2,9.0,2,-886,62686,63572,45,False,0,1,3,2,0,5
Alex Tóth,MID,Bournemouth,0.2,a,,,,0.0,591,247,0,0,3,0,0.1,76,0.00,0.00,0.00,0.25,49,0,0,0.0,0.2,2026-09-20T13:00:00Z,2,False,14,0,0,0,0,5,0,1445,0,1,0,0.0,1,-80,62,142,49,True,0,0,0,0,0,5
Conor Bradley,DEF,Liverpool,0.0,i,Knee injury - Unknown return date,0,0,0.0,608,206,0,0,0,0,0.0,360,0.00,0.00,0.00,0.00,49,0,0,0.0,0.0,2026-09-20T13:00:00Z,0,False,3,0,0,0,0,5,0,1005,0,1,0,0.0,0,-57,57,114,50,False,0,0,0,0,0,5
Pascal Groß,MID,Brighton,8.2,a,,,,20.4,17,7,1,3,47,1,30.3,124,0.25,0.36,0.11,1.63,42,0,1,10.5,58.4,2026-09-19T14:00:00Z,90,False,1,0,0,0,0,5,0,2264407,1,0,3,16.0,14,499051,604409,105358,57,True,0,3,5,1,1,5
Bafodé Diakité,DEF,Bournemouth,0.0,a,,,,0.2,361,137,0,0,0,0,0.0,62,0.00,0.00,0.00,0.00,49,0,0,0.0,0.0,2026-09-20T13:00:00Z,0,False,14,0,0,0,0,5,0,17170,0,1,0,0.0,0,-1312,916,2228,50,True,0,0,0,0,0,5
Cody Drameh,DEF,Hull City,0.0,u,Has joined Genoa permanently,0,0,0.0,502,177,0,0,0,0,0.0,281,0.00,0.00,0.00,0.00,46,0,0,0.0,0.0,2026-09-19T14:00:00Z,0,False,17,0,0,0,0,5,0,4645,0,1,2,0.0,0,-664,0,664,40,False,0,0,0,0,0,5
Antonee Robinson,DEF,Fulham,2.5,a,,,,1.4,157,63,0,0,19,0,30.0,254,0.09,0.09,0.00,1.60,50,1,0,6.0,30.0,2026-09-20T15:30:00Z,90,False,16,0,0,0,0,5,0,147666,1,1,1,0.0,2,290,11569,11279,45,True,0,4,7,4,3,5
Riccardo Calafiori,DEF,Arsenal,7.0,a,,,,50.2,3,1,0,0,-3,0,23.7,8,0.03,0.10,0.07,1.31,42,3,0,5.5,11.2,2026-09-19T14:00:00Z,90,False,5,0,0,0,0,5,0,5451521,1,0,3,20.0,1,183297,266900,83603,58,False,0,2,5,5,3,5
Ola Aina,DEF,Nott'm Forest,2.0,a,,,,2.6,114,45,0,0,0,0,0.0,473,0.00,0.00,0.00,0.00,47,0,0,0.0,0.0,2026-09-19T16:30:00Z,0,False,7,0,0,0,0,5,0,278049,0,1,0,0.0,0,-3199,21418,24617,45,True,0,0,0,0,0,5
Facundo Buonanotte,MID,Brighton,0.0,u,Has joined Elche on loan for the rest of the season,0,0,0.0,648,286,0,0,0,0,0.0,128,0.00,0.00,0.00,0.00,42,0,0,0.0,0.0,2026-09-19T14:00:00Z,0,False,1,0,0,0,0,5,0,206,0,0,3,0.0,0,-17,0,17,50,True,0,0,0,0,0,5
Jayden Danns,FWD,Liverpool,0.0,a,,100,100,0.2,320,50,0,0,0,0,0.0,382,0.00,0.00,0.00,0.00,49,0,0,0.0,0.0,2026-09-20T13:00:00Z,0,False,3,0,0,0,0,5,0,25967,0,1,0,0.0,0,6226,9567,3341,45,False,0,0,0,0,0,5
Ethan Nwaneri,MID,Arsenal,0.0,u,Has joined Borussia Dortmund on loan for the rest of the season,0,0,0.0,626,268,0,0,0,0,0.0,22,0.00,0.00,0.00,0.00,42,0,0,0.0,0.0,2026-09-19T14:00:00Z,0,False,5,0,0,0,0,5,0,680,0,0,3,0.0,0,-116,0,116,54,False,0,0,0,0,0,5
Abdukodir Khusanov,DEF,Man City,2.2,a,,,,1.4,153,62,0,0,0,0,0.0,393,0.00,0.00,0.00,0.00,45,0,0,0.0,0.0,2026-09-20T13:00:00Z,0,False,20,0,0,0,0,5,0,154215,0,3,5,0.0,0,-15213,3443,18656,54,True,0,0,0,0,0,5
Kevin Schade,MID,Brentford,7.5,a,,,,7.2,53,18,2,0,27,1,3.5,94,0.02,0.56,0.54,0.83,41,0,0,4.6,11.4,2026-09-18T19:00:00Z,90,False,6,0,0,0,0,5,0,847173,1,0,3,31.0,9,367021,425579,58558,61,True,0,2,7,4,1,5
Frank Onyeka,MID,Coventry City,1.5,a,,,100,0.1,416,156,0,0,10,1,1.8,104,0.00,0.00,0.00,1.10,47,0,0,1.1,9.2,2026-09-19T16:30:00Z,90,False,18,0,0,0,0,5,0,10664,1,1,0,0.0,3,-1263,346,1609,49,False,0,4,9,3,2,5
Ryan Christie,MID,Bournemouth,0.8,a,,100,100,0.0,526,212,0,0,0,0,2.4,75,0.01,0.51,0.50,1.40,49,1,0,2.4,0.0,2026-09-20T13:00:00Z,74,False,14,0,0,0,0,5,0,3511,1,1,0,27.0,2,-118,541,659,50,True,0,0,5,5,0,5
Mamadou Sarr,DEF,Chelsea,0.0,u,Has joined Real Sociedad on loan for the rest of the season,0,0,0.0,539,187,0,0,0,0,0.0,150,0.00,0.00,0.00,0.00,41,0,0,0.0,0.0,2026-09-18T19:00:00Z,0,False,4,0,0,0,0,5,0,3038,0,0,3,0.0,0,-455,0,455,45,False,0,0,0,0,0,5
Stefan Bajčetić Maquieira,MID,Liverpool,0.0,u,Has joined Celta Vigo permanently,0,0,0.0,655,292,0,0,0,0,0.0,376,0.00,0.00,0.00,0.00,49,0,0,0.0,0.0,2026-09-20T13:00:00Z,0,False,3,0,0,0,0,5,0,119,0,1,0,0.0,0,-9,0,9,50,False,0,0,0,0,0,5
Johan Manzambi,MID,Aston Villa,0.1,a,,50,100,0.1,376,135,1,2,45,1,25.8,53,0.16,0.60,0.44,0.68,48,0,1,14.9,63.2,2026-09-19T11:30:00Z,71,False,19,0,0,0,0,5,0,14639,1,3,2,60.0,13,853,1843,990,59,False,0,2,7,4,1,5
Roméo Lavia,MID,Chelsea,2.8,a,,,,0.2,319,114,0,0,0,0,0.0,161,0.00,0.00,0.00,0.00,41,0,0,0.0,0.0,2026-09-18T19:00:00Z,0,False,4,0,0,0,0,5,0,24300,0,0,3,0.0,0,-1482,2931,4413,50,False,0,0,0,0,0,5
Leo Shahar,DEF,Newcastle,0.0,u,has joined Arouca on loan for the rest of the seaon.,0,0,0.2,341,130,0,0,0,0,0.0,609,0.00,0.00,0.00,0.00,46,0,0,0.0,0.0,2026-09-19T14:00:00Z,0,False,11,0,0,0,0,5,0,20140,0,1,2,0.0,0,-5521,0,5521,40,True,0,0,0,0,0,5
Michael Mills,MID,Newcastle,0.0,,,,,,,,0,0,0,0,0.0,665,0.00,0.00,0.00,0.00,46,0,0,0.0,0.0,2026-09-19T14:00:00Z,0,False,11,0,0,0,0,5,0,0,0,1,2,0.0,0,0,0,0,45,True,0,0,0,0,0,5
Carlos Baleba,MID,Man Utd,0.0,i,Ankle injury - Expected back 19 Sep,0,0,0.1,394,145,0,0,0,0,0.0,131,0.00,0.00,0.00,0.00,50,0,0,0.0,0.0,2026-09-20T15:30:00Z,0,False,10,0,0,0,0,5,0,12600,0,1,1,0.0,0,-1080,636,1716,49,False,0,0,0,0,0,5
Morgan Gibbs-White,MID,Nott'm Forest,6.5,a,,100,100,15.5,25,9,0,0,25,0,81.4,480,0.40,0.40,0.00,0.67,47,1,0,11.0,22.4,2026-09-19T16:30:00Z,90,False,7,0,0,0,0,5,0,1912107,1,1,0,6.0,2,705914,744604,38690,80,True,0,0,2,2,0,5
Romain Esse,MID,Crystal Palace,0.0,u,Has joined Millwall on loan for the rest of the season,0,0,0.0,577,239,0,0,0,0,0.0,216,0.00,0.00,0.00,0.00,44,0,0,0.0,0.0,2026-09-20T13:00:00Z,0,False,13,0,0,0,0,5,0,1807,0,0,0,0.0,0,-405,0,405,50,False,0,0,0,0,0,5
Ryan McAidoo,MID,Man City,0.7,a,,,,0.1,404,148,0,0,0,0,0.0,621,0.00,0.00,0.00,0.00,45,0,0,0.0,0.0,2026-09-20T13:00:00Z,0,False,20,0,0,0,0,5,0,11797,0,3,5,0.0,0,-967,905,1872,45,True,0,0,0,0,0,5
James Justin,DEF,Leeds,4.5,a,,,,1.5,151,61,0,2,31,1,14.9,332,0.12,0.17,0.05,1.06,44,0,0,3.9,19.2,2026-09-20T13:00:00Z,90,False,8,0,0,0,0,5,0,160178,1,0,0,5.0,8,-1614,10354,11968,45,True,0,6,9,2,3,5
Felipe Rodrigues da Silva,DEF,Nott'm Forest,0.0,u,Has joined West Ham on loan for the rest of the season,0,0,0.0,567,193,0,0,0,0,0.0,470,0.00,0.00,0.00,0.00,47,0,0,0.0,0.0,2026-09-19T16:30:00Z,0,False,7,0,0,0,0,5,0,2127,0,1,0,0.0,0,-425,0,425,50,True,0,0,0,0,0,5
Emersonn Correia da Silva,FWD,Ipswich Town,6.0,a,,100,100,3.1,101,15,0,0,9,0,0.6,316,0.01,0.14,0.13,2.07,43,1,0,2.4,2.4,2026-09-19T14:00:00Z,80,False,9,0,0,0,0,5,0,360268,1,0,1,21.0,2,133193,160060,26867,55,False,0,0,1,0,1,5
Mohamed-Ali Cho,MID,Hull City,1.0,a,,,,0.0,593,249,0,0,25,0,25.1,617,0.20,0.47,0.27,0.16,46,0,1,8.1,39.2,2026-09-19T14:00:00Z,27,False,17,0,0,0,0,5,0,1422,0,1,2,17.0,6,172,401,229,50,False,0,0,0,0,0,5
Declan Rice,MID,Arsenal,4.8,a,,,,12.5,34,14,0,0,13,0,18.1,13,0.06,0.08,0.02,1.31,42,3,0,3.0,10.6,2026-09-19T14:00:00Z,90,False,5,0,0,0,0,5,0,1344452,1,0,3,1.0,1,-54820,28685,83505,74,False,1,2,8,4,2,5
Ben Chilwell,DEF,Crystal Palace,4.0,a,,,,0.5,258,95,0,0,0,0,0.0,643,0.00,0.00,0.00,0.00,44,0,0,0.0,0.0,2026-09-20T13:00:00Z,0,False,13,0,0,0,0,5,0,50011,0,0,0,0.0,0,-6188,3269,9457,45,False,0,0,0,0,0,5
Jarrad Branthwaite,DEF,Everton,4.8,a,,,,2.3,121,49,0,0,27,1,0.9,230,0.00,0.00,0.00,1.44,43,0,0,3.4,32.6,2026-09-19T14:00:00Z,90,False,12,0,0,0,0,5,0,255437,1,0,1,0.0,8,36903,50096,13193,55,True,0,14,14,3,0,5
Florentino Ibrain Morris Luís,MID,Ipswich Town,0.2,a,,100,100,0.1,441,169,0,0,1,0,1.0,571,0.00,0.00,0.00,0.48,43,0,0,0.0,0.0,2026-09-19T14:00:00Z,17,False,9,0,0,0,0,5,0,8567,0,0,1,0.0,1,-759,181,940,49,False,0,0,0,0,0,5
Mason Mount,MID,Man Utd,0.0,a,,100,100,0.0,541,221,0,0,3,0,1.1,430,0.01,0.10,0.09,0.00,50,0,0,0.7,0.6,2026-09-20T15:30:00Z,10,False,10,0,0,0,0,5,0,3100,0,1,1,5.0,1,88,361,273,54,False,0,0,1,1,0,5
Leny Yoro,DEF,Man Utd,0.5,a,,,,0.5,260,96,0,0,0,0,0.0,420,0.00,0.00,0.00,0.00,50,0,0,0.0,0.0,2026-09-20T15:30:00Z,0,False,10,0,0,0,0,5,0,50197,0,1,1,0.0,0,-4322,617,4939,49,False,0,0,0,0,0,5
Bart Verbruggen,GK,Brighton,4.2,a,,,,21.4,16,2,0,0,27,1,0.0,109,0.00,0.00,0.00,1.63,42,0,0,2.0,20.0,2026-09-19T14:00:00Z,90,False,1,0,0,0,0,5,2,2292499,1,0,3,0.0,6,-47432,89072,136504,45,True,0,0,0,4,0,5
Pascal Struijk,DEF,Brighton,0.5,a,,100,100,0.2,351,131,0,0,24,1,0.6,328,0.00,0.16,0.16,1.48,42,0,0,2.8,20.8,2026-09-19T14:00:00Z,85,False,1,0,0,0,0,5,0,18865,1,0,3,7.0,5,-1949,571,2520,49,True,1,5,6,6,1,5
Callum Hudson-Odoi,MID,Nott'm Forest,0.2,a,,100,100,0.2,363,130,0,0,0,0,0.0,482,0.00,0.00,0.00,0.00,47,0,0,0.0,0.0,2026-09-19T16:30:00Z,0,False,7,0,0,0,0,5,0,16903,0,1,0,0.0,0,-730,1902,2632,58,True,0,0,0,0,0,5
Matz Sels,GK,Nott'm Forest,3.0,a,,,,1.8,136,20,0,0,10,0,0.0,467,0.00,0.00,0.00,0.67,47,1,0,1.4,13.8,2026-09-19T16:30:00Z,90,False,7,0,0,0,0,5,2,207232,1,1,0,0.0,2,26195,39386,13191,50,True,0,0,0,9,0,5
Malick Fofana,MID,Sunderland,1.0,a,,,,0.0,538,219,0,0,6,0,0.8,646,0.01,0.40,0.39,2.07,45,1,0,5.1,12.4,2026-09-20T13:00:00Z,30,False,15,0,0,0,0,5,0,3082,0,3,5,38.0,1,-160,472,632,55,False,0,0,3,2,1,5
Sindre Walle Egeli,FWD,Ipswich Town,0.2,a,,,,3.7,91,11,0,0,0,0,0.0,321,0.00,0.00,0.00,0.00,43,0,0,0.0,0.0,2026-09-19T14:00:00Z,0,False,9,0,0,0,0,5,0,402496,0,0,1,0.0,0,12737,62123,49386,45,False,0,0,0,0,0,5
Granit Xhaka,MID,Sunderland,4.8,a,,,,3.8,88,31,0,0,25,0,37.3,544,0.38,0.38,0.00,2.82,45,5,0,6.2,24.6,2026-09-20T13:00:00Z,90,False,15,0,0,0,0,5,0,405611,1,3,5,0.0,2,-45393,13122,58515,55,False,0,3,8,2,3,5
Aaron Anselmino,DEF,Chelsea,0.0,a,,100,100,0.0,568,194,0,0,0,0,0.0,561,0.00,0.00,0.00,0.00,41,0,0,0.0,0.0,2026-09-18T19:00:00Z,0,False,4,0,0,0,0,5,0,2152,0,0,3,0.0,0,-28,188,216,45,False,0,0,0,0,0,5
Patrick Dorgu,MID,Man Utd,1.5,a,,,,0.6,243,78,1,0,12,0,11.2,415,0.01,0.14,0.13,0.00,50,0,0,4.1,18.4,2026-09-20T15:30:00Z,6,False,10,0,0,0,0,5,0,58577,0,1,1,11.0,4,-6276,2869,9145,58,False,0,2,2,0,0,5
Exequiel Palacios,MID,Ipswich Town,3.0,a,,,,0.1,472,184,0,0,15,0,6.2,619,0.02,0.02,0.00,2.07,43,1,0,1.6,10.0,2026-09-19T14:00:00Z,80,False,9,0,0,0,0,5,0,7887,1,0,1,0.0,2,3407,4756,1349,50,False,0,2,6,3,1,5
Joao Gomes,MID,Aston Villa,0.0,d,Calf injury - 75% chance of playing,0,75,0.0,511,205,0,0,13,0,13.8,54,0.02,0.02,0.00,1.56,48,2,0,3.6,22.6,2026-09-19T11:30:00Z,90,False,19,0,0,0,0,5,0,4213,1,3,2,0.0,4,137,464,327,55,False,0,5,13,3,5,5
António João Pereira de Albuquerque Tavares da Silva,DEF,Bournemouth,2.5,a,,,,0.4,273,99,0,0,8,0,1.5,566,0.02,0.02,0.00,1.65,49,1,0,3.6,32.8,2026-09-20T13:00:00Z,90,False,14,0,0,0,0,5,0,40509,1,1,0,2.0,3,-3903,2672,6575,50,True,1,13,15,2,2,5
Harry Maguire,DEF,Man Utd,2.0,a,,,,9.5,40,14,0,0,17,0,17.1,418,0.03,0.04,0.01,1.62,50,1,0,4.6,17.2,2026-09-20T15:30:00Z,90,False,10,0,0,0,0,5,0,993742,1,1,1,12.0,2,-142518,13938,156456,49,False,0,4,5,4,1,5
Kevin Danso,DEF,Sunderland,0.8,a,,,,0.2,362,138,0,0,-8,0,11.0,501,0.01,0.08,0.07,2.82,45,5,0,4.8,17.6,2026-09-20T13:00:00Z,90,False,15,0,0,0,0,5,0,17126,1,3,5,19.0,0,-16,1530,1546,50,False,0,8,8,5,0,5
Milan van Ewijk,DEF,Coventry City,1.5,a,,,,9.6,39,13,0,0,0,0,0.0,175,0.00,0.00,0.00,0.00,47,0,0,0.0,0.0,2026-09-19T16:30:00Z,0,False,18,0,0,0,0,5,0,1016866,0,1,0,0.0,0,-100781,13159,113940,40,False,0,0,0,0,0,5
Nehemiah Oriola,MID,Brighton,0.0,a,,,,0.2,311,108,0,0,0,0,0.0,134,0.00,0.00,0.00,0.00,42,0,0,0.0,0.0,2026-09-19T14:00:00Z,0,False,1,0,0,0,0,5,0,26306,0,0,3,0.0,0,-2152,890,3042,45,True,0,0,0,0,0,5
Brian Brobbey,FWD,Sunderland,1.8,a,,,,5.6,70,10,0,3,92,0,16.1,552,0.04,2.39,2.35,2.82,45,5,3,20.4,104.0,2026-09-20T13:00:00Z,90,False,15,0,0,0,0,5,0,577036,1,3,5,84.0,17,-145137,12010,157147,58,False,0,0,0,0,0,5
Emile Smith Rowe,MID,Fulham,0.8,a,,,,0.2,312,109,0,0,0,0,0.0,262,0.00,0.00,0.00,0.00,50,0,0,0.0,0.0,2026-09-20T15:30:00Z,0,False,16,0,0,0,0,5,0,26201,0,1,1,0.0,0,-2909,582,3491,54,True,0,0,0,0,0,5
Hidemasa Morita,MID,Hull City,0.0,i,Calf injury - Expected back 11 Oct,0,0,0.0,579,241,0,0,0,0,0.0,563,0.00,0.00,0.00,0.00,46,0,0,0.0,0.0,2026-09-19T14:00:00Z,0,False,17,0,0,0,0,5,0,1759,0,1,2,0.0,0,-418,23,441,50,False,0,0,0,0,0,5
Allan Andrade Elias,MID,Man City,0.0,a,,,,0.0,610,260,0,0,0,0,0.0,628,0.00,0.00,0.00,0.00,45,0,0,0.0,0.0,2026-09-20T13:00:00Z,0,False,20,0,0,0,0,5,0,959,0,3,5,0.0,0,112,354,242,60,True,0,0,0,0,0,5
Martin Ødegaard,MID,Arsenal,6.8,a,,,,19.8,18,8,0,0,10,0,6.2,15,0.02,0.09,0.07,0.77,42,3,0,1.1,0.0,2026-09-19T14:00:00Z,72,False,5,0,0,0,0,5,0,2167651,1,0,3,5.0,2,194248,326276,132028,68,False,0,1,2,1,0,5
Kenny Tete,DEF,Fulham,0.0,i,Concussion - Expected back 10 Oct,,0,0.2,337,127,0,0,0,0,0.0,256,0.00,0.00,0.00,0.00,50,0,0,0.0,0.0,2026-09-20T15:30:00Z,0,False,16,0,0,0,0,5,0,20252,0,1,1,0.0,0,-1747,326,2073,44,True,0,0,0,0,0,5
Cristian Romero,DEF,Spurs,0.0,u,Has joined Atletico Madrid permanently,0,0,0.1,435,159,0,0,0,0,0.0,500,0.00,0.00,0.00,0.00,48,0,0,0.0,0.0,2026-09-19T11:30:00Z,0,False,2,0,0,0,0,5,0,9526,0,3,2,0.0,0,-610,0,610,50,True,0,0,0,0,0,5
David Button,GK,Ipswich Town,0.0,a,,,,0.6,239,34,0,0,0,0,0.0,302,0.00,0.00,0.00,0.00,43,0,0,0.0,0.0,2026-09-19T14:00:00Z,0,False,9,0,0,0,0,5,0,64291,0,0,1,0.0,0,611,2951,2340,40,False,0,0,0,0,0,5
Chiedozie Ogbene,MID,Ipswich Town,0.0,u,Has joined Lincoln City on loan until January,0,0,0.0,623,267,0,0,0,0,0.0,314,0.00,0.00,0.00,0.00,43,0,0,0.0,0.0,2026-09-19T14:00:00Z,0,False,9,0,0,0,0,5,0,701,0,0,1,0.0,0,-155,0,155,49,False,0,0,0,0,0,5
Dane Scarlett,FWD,Spurs,0.0,u,Has joined Leyton Orient permanently,0,0,1.2,165,25,0,0,0,0,0.0,528,0.00,0.00,0.00,0.00,48,0,0,0.0,0.0,2026-09-19T11:30:00Z,0,False,2,0,0,0,0,5,0,125898,0,3,2,0.0,0,-18539,0,18539,45,True,0,0,0,0,0,5
João Victor de Souza Menezes,DEF,Spurs,0.0,u,Has joined FC Porto on loan for the rest of the season,0,0,0.2,355,134,0,0,0,0,0.0,511,0.00,0.00,0.00,0.00,48,0,0,0.0,0.0,2026-09-19T11:30:00Z,0,False,2,0,0,0,0,5,0,18271,0,3,2,0.0,0,-2391,0,2391,40,True,0,0,0,0,0,5
Tanaka Ao,MID,Leeds,3.0,a,,,,0.3,289,98,0,0,0,1,1.2,345,0.00,0.14,0.14,0.66,44,0,0,0.4,0.0,2026-09-20T13:00:00Z,67,False,8,0,0,0,0,5,0,35115,1,0,0,5.0,2,7073,10406,3333,49,True,1,2,5,2,1,5
Yéremy Pino Santos,MID,Crystal Palace,3.0,a,,,,0.4,274,92,0,0,10,1,8.3,211,0.15,0.31,0.16,1.26,44,0,0,2.8,9.4,2026-09-20T13:00:00Z,81,False,13,0,0,0,0,5,0,38017,1,0,0,10.0,2,-12233,1928,14161,55,False,1,2,5,3,0,5
Bryan Mbeumo,MID,Man Utd,5.8,a,,,,21.9,14,6,0,0,23,0,46.3,427,0.25,0.52,0.27,1.62,50,1,0,9.1,14.6,2026-09-20T15:30:00Z,90,False,10,0,0,0,0,5,0,2322581,1,1,1,30.0,2,-206528,95476,302004,79,False,0,2,4,1,1,5
Dara O'Shea,DEF,Ipswich Town,2.0,a,,,,2.8,106,41,0,0,12,0,10.5,304,0.00,0.00,0.00,2.24,43,1,0,4.1,28.6,2026-09-19T14:00:00Z,90,False,9,0,0,0,0,5,0,302768,1,0,1,2.0,2,-14193,7422,21615,40,False,0,9,9,5,0,5
Jack Butland,GK,Hull City,0.0,i,Arm injury - Unknown return date,0,0,0.1,462,51,0,0,0,0,0.0,274,0.00,0.00,0.00,0.00,46,0,0,0.0,0.0,2026-09-19T14:00:00Z,0,False,17,0,0,0,0,5,0,7533,0,1,2,0.0,0,-460,109,569,45,False,0,0,0,0,0,5
Myles Lewis-Skelly,MID,Arsenal,2.2,a,,,,0.6,234,76,0,0,0,0,0.0,7,0.00,0.00,0.00,0.00,42,0,0,0.0,0.0,2026-09-19T14:00:00Z,0,False,5,0,0,0,0,5,0,64229,0,0,3,0.0,0,-7916,3227,11143,55,False,0,0,0,0,0,5
Diogo Dalot Teixeira,DEF,Man Utd,1.5,a,,,,1.7,142,57,0,0,11,0,15.0,417,0.05,0.11,0.06,1.62,50,1,0,3.1,8.6,2026-09-20T15:30:00Z,90,False,10,0,0,0,0,5,0,180890,1,1,1,7.0,2,-16480,3696,20176,49,False,0,1,2,7,1,5
Jason Steele,GK,Brighton,0.0,a,,,,4.3,79,12,0,0,0,0,0.0,111,0.00,0.00,0.00,0.00,42,0,0,0.0,0.0,2026-09-19T14:00:00Z,0,False,1,0,0,0,0,5,0,463243,0,0,3,0.0,0,-988,20424,21412,40,True,0,0,0,0,0,5
Jamie Bynoe-Gittens,MID,Chelsea,0.0,a,,,,0.0,546,225,0,0,0,0,0.0,158,0.00,0.00,0.00,0.00,41,0,0,0.0,0.0,2026-09-18T19:00:00Z,0,False,4,0,0,0,0,5,0,2922,0,0,3,0.0,0,-209,198,407,59,False,0,0,0,0,0,5
Matt Targett,DEF,Hull City,0.2,d,Ankle injury - 75% chance of playing,,75,1.8,139,55,0,0,0,0,0.0,556,0.00,0.00,0.00,0.00,46,0,0,0.0,0.0,2026-09-19T14:00:00Z,0,False,17,0,0,0,0,5,0,187250,0,1,2,0.0,0,-15803,3674,19477,40,False,0,0,0,0,0,5
Dominic Solanke-Mitchell,FWD,Spurs,1.2,a,,,,0.9,199,32,0,0,9,0,12.6,526,0.00,0.12,0.12,1.01,48,1,0,3.4,5.2,2026-09-19T11:30:00Z,65,False,2,0,0,0,0,5,0,92077,1,3,2,16.0,2,-7033,6047,13080,58,True,0,1,6,3,2,5
Igor Jesus Maciel da Cruz,FWD,Nott'm Forest,2.8,a,,,,2.8,108,16,0,0,4,0,9.2,491,0.01,0.17,0.16,0.04,47,0,0,2.7,3.4,2026-09-19T16:30:00Z,31,False,7,0,0,0,0,5,0,310521,0,1,0,14.0,1,37689,70541,32852,58,True,0,0,3,3,0,5
Sander Berge,MID,Fulham,2.0,a,,,,0.3,295,103,0,0,16,1,15.4,265,0.02,0.07,0.05,1.18,50,0,0,3.2,10.0,2026-09-20T15:30:00Z,76,False,16,0,0,0,0,5,0,31167,1,1,1,7.0,3,-1553,1643,3196,49,True,0,2,2,0,0,5
Chuba Akpom,FWD,Ipswich Town,1.5,a,,,,1.2,163,24,0,0,3,0,0.8,320,0.00,0.17,0.17,0.16,43,0,0,0.6,0.0,2026-09-19T14:00:00Z,9,False,9,0,0,0,0,5,0,132823,0,0,1,5.0,1,597,22206,21609,50,False,0,0,0,0,0,5
Giovanni Leoni,DEF,Liverpool,0.0,i,Knee injury - Unknown return date,0,0,0.0,528,184,0,0,0,0,0.0,363,0.00,0.00,0.00,0.00,49,0,0,0.0,0.0,2026-09-20T13:00:00Z,0,False,3,0,0,0,0,5,0,3493,0,1,0,0.0,0,-211,126,337,40,False,0,0,0,0,0,5
Andrew Robertson,DEF,Spurs,3.2,a,,,,2.6,112,44,1,0,15,0,56.1,502,0.26,0.26,0.00,1.16,48,3,0,9.2,29.8,2026-09-19T11:30:00Z,90,False,2,0,0,0,0,5,0,283003,1,3,2,6.0,4,-2558,20149,22707,44,True,0,1,3,7,2,5
Endo Wataru,MID,Liverpool,0.0,a,,100,100,0.1,477,187,0,0,0,0,0.0,374,0.00,0.00,0.00,0.00,49,0,0,0.0,0.0,2026-09-20T13:00:00Z,0,False,3,0,0,0,0,5,0,6761,0,1,0,0.0,0,-487,349,836,49,False,0,0,0,0,0,5
Neco Williams,DEF,Nott'm Forest,4.2,a,,,,9.3,41,15,0,0,19,0,61.8,469,0.21,0.30,0.09,0.67,47,1,0,9.8,20.6,2026-09-19T16:30:00Z,90,False,7,0,0,0,0,5,0,1063643,1,1,0,16.0,2,105000,154932,49932,50,True,0,1,2,8,1,5
Igor Julio dos Santos de Paulo,DEF,Brighton,0.0,u,Has joined Burnley permanently,0,0,0.0,505,178,0,0,0,0,0.0,118,0.00,0.00,0.00,0.00,42,0,0,0.0,0.0,2026-09-19T14:00:00Z,0,False,1,0,0,0,0,5,0,4271,0,0,3,0.0,0,-883,0,883,45,True,0,0,0,0,0,5
Amine Adli,MID,Bournemouth,0.0,i,Calf injury - Unknown return date,0,0,0.0,592,248,0,0,0,0,0.0,77,0.00,0.00,0.00,0.00,49,0,0,0.0,0.0,2026-09-20T13:00:00Z,0,False,14,0,0,0,0,5,0,1387,0,1,0,0.0,0,-184,25,209,49,True,0,0,0,0,0,5
Josh King,MID,Fulham,5.5,a,,,,1.8,133,41,0,0,10,1,6.8,268,0.03,0.41,0.38,1.25,50,0,0,5.6,3.2,2026-09-20T15:30:00Z,79,False,16,0,0,0,0,5,0,214660,1,1,1,46.0,2,78271,104721,26450,55,True,1,1,5,4,0,5
Stephen Mfuni,DEF,Coventry City,1.1,a,,,,0.1,417,152,0,0,27,1,0.7,656,0.01,0.01,0.00,1.10,47,0,0,2.2,17.6,2026-09-19T16:30:00Z,90,False,18,0,0,0,0,5,0,10713,1,1,0,4.0,6,3967,5501,1534,40,False,0,7,8,3,1,5
Eliot Matazo,MID,Hull City,0.0,i,Knee injury - Unknown return date,0,0,0.0,627,269,0,0,0,0,0.0,291,0.00,0.00,0.00,0.00,46,0,0,0.0,0.0,2026-09-19T14:00:00Z,0,False,17,0,0,0,0,5,0,638,0,1,2,0.0,0,-23,67,90,45,False,0,0,0,0,0,5
Cameron Humphreys,MID,Ipswich Town,0.0,u,Has joined Huddersfield Town on loan for the rest of the season,0,0,0.0,556,232,0,0,0,0,0.0,602,0.00,0.00,0.00,0.00,43,0,0,0.0,0.0,2026-09-19T14:00:00Z,0,False,9,0,0,0,0,5,0,2526,0,0,1,0.0,0,-489,0,489,45,False,0,0,0,0,0,5
Alisson Becker,GK,Liverpool,4.8,a,,,,3.9,87,14,0,2,30,1,0.0,350,0.00,0.00,0.00,0.79,49,0,0,2.2,22.4,2026-09-20T13:00:00Z,90,False,3,0,0,0,0,5,2,422308,1,1,0,0.0,8,-4413,20069,24482,55,False,0,4,0,9,0,5
Brenden Aaronson,MID,Leeds,1.5,a,,,,0.5,250,80,0,0,5,0,0.7,337,0.00,0.00,0.00,0.40,44,0,0,0.2,1.4,2026-09-20T13:00:00Z,22,False,8,0,0,0,0,5,0,54410,0,0,0,0.0,1,-7941,849,8790,54,True,0,0,4,3,1,5
Kiernan Dewsbury-Hall,MID,Everton,4.2,a,,,,6.1,63,22,0,0,10,1,31.2,236,0.34,0.71,0.37,1.28,43,0,0,6.1,1.6,2026-09-19T14:00:00Z,90,False,12,0,0,0,0,5,0,731679,1,0,1,28.0,3,156556,216116,59560,65,True,0,0,7,5,2,5
Joe Willock,MID,Newcastle,3.0,a,,,,0.5,256,84,0,3,38,0,7.3,460,0.04,0.21,0.17,1.46,46,1,1,7.0,40.2,2026-09-19T14:00:00Z,86,False,11,0,0,0,0,5,0,51669,1,1,2,22.0,10,-1121,7299,8420,50,True,0,1,6,4,1,5
Mohammed Kudus,MID,Spurs,0.8,a,,100,100,0.1,373,134,1,0,24,0,17.5,512,0.20,0.27,0.07,0.35,48,2,0,4.9,24.8,2026-09-19T11:30:00Z,45,False,2,0,0,0,0,5,0,14877,0,3,2,7.0,4,-95,2728,2823,65,True,0,0,7,5,2,5
Nathan Patterson,DEF,Everton,0.0,u,Has joined Torino permanently,0,0,0.0,582,198,0,0,0,0,0.0,234,0.00,0.00,0.00,0.00,43,0,0,0.0,0.0,2026-09-19T14:00:00Z,0,False,12,0,0,0,0,5,0,1666,0,0,1,0.0,0,-321,0,321,45,True,0,0,0,0,0,5
Michael Zetterer,GK,Leeds,0.0,a,,,,0.7,214,32,0,0,0,0,0.0,629,0.00,0.00,0.00,0.00,44,0,0,0.0,0.0,2026-09-20T13:00:00Z,0,False,8,0,0,0,0,5,0,86238,0,0,0,0.0,0,13986,18956,4970,40,True,0,0,0,0,0,5
Dean Henderson,GK,Crystal Palace,1.2,i,Foot injury - Expected back 11 Oct,100,0,1.4,152,23,0,0,0,0,0.0,198,0.00,0.00,0.00,0.00,44,0,0,0.0,0.0,2026-09-20T13:00:00Z,0,False,13,0,0,0,0,5,0,148996,0,0,0,0.0,0,-59712,210,59922,50,False,0,0,0,0,0,5
Manuel Ángel Morán Ibáñez,MID,Fulham,0.0,a,,,,0.0,639,279,0,0,0,0,0.0,636,0.00,0.00,0.00,0.00,50,0,0,0.0,0.0,2026-09-20T15:30:00Z,0,False,16,0,0,0,0,5,0,361,0,1,1,0.0,0,10,84,74,50,True,0,0,0,0,0,5
Lamare Bogarde,MID,Aston Villa,0.2,a,,,,0.1,475,186,0,0,0,0,0.0,35,0.00,0.00,0.00,0.00,48,0,0,0.0,0.0,2026-09-19T11:30:00Z,0,False,19,0,0,0,0,5,0,6803,0,3,2,0.0,0,-487,474,961,50,False,0,0,0,0,0,5
Trai Hume,DEF,Sunderland,2.2,a,,,,3.1,99,37,0,0,-2,0,0.4,534,0.01,0.11,0.10,1.48,45,1,0,0.9,0.4,2026-09-20T13:00:00Z,11,False,15,0,0,0,0,5,0,317533,0,3,5,8.0,1,-88631,1810,90441,44,False,0,0,1,0,1,5
Piero Hincapié,DEF,Arsenal,0.5,a,,,,0.9,191,72,0,0,0,0,0.0,9,0.00,0.00,0.00,0.00,42,0,0,0.0,0.0,2026-09-19T14:00:00Z,0,False,5,0,0,0,0,5,0,98376,0,0,3,0.0,0,-13089,2559,15648,53,False,0,0,0,0,0,5
Micky van de Ven,DEF,Spurs,3.8,a,,100,100,4.0,86,33,0,0,7,0,2.3,503,0.01,0.03,0.02,1.16,48,3,0,3.1,24.2,2026-09-19T11:30:00Z,90,False,2,0,0,0,0,5,0,429279,1,3,2,4.0,1,8883,29652,20769,50,True,0,5,6,5,1,5
Tarik Muharemović,DEF,Leeds,5.2,a,,,,4.3,77,31,0,0,22,1,0.9,334,0.01,0.41,0.40,1.06,44,0,0,3.3,14.0,2026-09-20T13:00:00Z,90,False,8,0,0,0,0,5,0,492213,1,0,0,18.0,6,48147,74089,25942,50,True,0,7,8,5,1,5
Alfie McNally,GK,Fulham,0.0,u,Has joined York City on loan for the rest of the season,0,0,0.1,393,46,0,0,0,0,0.0,252,0.00,0.00,0.00,0.00,50,0,0,0.0,0.0,2026-09-20T15:30:00Z,0,False,16,0,0,0,0,5,0,12542,0,1,1,0.0,0,-908,0,908,40,True,0,0,0,0,0,5
Anan Khalaili,DEF,Crystal Palace,3.2,a,,,,0.3,291,105,0,0,23,1,2.5,588,0.02,0.02,0.00,1.31,44,0,0,2.0,15.8,2026-09-20T13:00:00Z,90,False,13,0,0,0,0,5,0,31883,1,0,0,2.0,6,-717,5814,6531,50,False,0,4,6,11,2,5
Enis Destan,FWD,Hull City,0.0,u,Has joined Konyaspor permanently,0,0,0.2,343,54,0,0,0,0,0.0,298,0.00,0.00,0.00,0.00,46,0,0,0.0,0.0,2026-09-19T14:00:00Z,0,False,17,0,0,0,0,5,0,19933,0,1,2,0.0,0,-2761,0,2761,45,False,0,0,0,0,0,5
Joél Drakes-Thomas,MID,Crystal Palace,0.0,a,,,,0.1,456,178,0,0,0,0,0.0,221,0.00,0.00,0.00,0.00,44,0,0,0.0,0.0,2026-09-20T13:00:00Z,0,False,13,0,0,0,0,5,0,7788,0,0,0,0.0,0,-630,360,990,45,False,0,0,0,0,0,5
Dilane Bakwa,MID,Nott'm Forest,0.0,u,Has joined Lille on loan for the rest of the season,0,0,0.0,631,273,0,0,0,0,0.0,485,0.00,0.00,0.00,0.00,47,0,0,0.0,0.0,2026-09-19T16:30:00Z,0,False,7,0,0,0,0,5,0,579,0,1,0,0.0,0,-60,0,60,55,True,0,0,0,0,0,5
Xaver Schlager,MID,Nott'm Forest,2.8,a,,,,0.1,401,147,0,0,16,0,5.8,558,0.10,0.15,0.05,0.67,47,1,0,2.3,13.6,2026-09-19T16:30:00Z,90,False,7,0,0,0,0,5,0,12605,1,1,0,4.0,2,1774,3063,1289,50,True,0,2,7,3,2,5
Adam Smith,DEF,Bournemouth,0.5,a,,,,0.1,389,146,0,0,3,0,0.8,64,0.02,0.02,0.00,1.40,49,1,0,0.0,0.0,2026-09-20T13:00:00Z,74,False,14,0,0,0,0,5,0,13093,1,1,0,0.0,2,-1163,818,1981,45,True,0,0,0,2,0,5
Marco Palestra,DEF,Chelsea,0.0,d,Thigh injury - 50% chance of playing,0,50,0.7,227,88,0,0,0,0,0.0,152,0.00,0.00,0.00,0.00,41,0,0,0.0,0.0,2026-09-18T19:00:00Z,0,False,4,0,0,0,0,5,0,68735,0,0,3,0.0,0,-20665,260,20925,53,False,0,0,0,0,0,5
Federico Chiesa,MID,Liverpool,0.0,i,Back injury - Unknown return date,0,0,0.0,498,197,0,0,0,0,0.0,370,0.00,0.00,0.00,0.00,49,0,0,0.0,0.0,2026-09-20T13:00:00Z,0,False,3,0,0,0,0,5,0,5019,0,1,0,0.0,0,-641,16,657,54,False,0,0,0,0,0,5
Martín Zubimendi Ibáñez,MID,Arsenal,1.0,a,,,,0.6,233,75,0,0,2,0,0.8,19,0.00,0.13,0.13,0.70,42,0,0,1.9,0.0,2026-09-19T14:00:00Z,30,False,5,0,0,0,0,5,0,64585,0,0,3,18.0,1,-7918,1444,9362,53,False,0,1,1,0,0,5
Femi Azeez,MID,Brighton,0.0,i,Hamstring injury - Expected back 10 Oct,75,0,0.0,641,281,0,0,0,0,0.0,652,0.00,0.00,0.00,0.00,42,0,0,0.0,0.0,2026-09-19T14:00:00Z,0,False,1,0,0,0,0,5,0,308,0,0,3,0.0,0,-10,54,64,55,True,0,0,0,0,0,5
Igor Thiago Nascimento Rodrigues,FWD,Brentford,1.2,a,,,,9.0,43,6,0,0,26,1,16.0,106,0.03,0.75,0.72,0.83,41,0,1,7.4,28.2,2026-09-18T19:00:00Z,90,False,6,0,0,0,0,5,0,958105,1,0,3,30.0,5,-189492,32439,221931,78,True,1,0,3,2,1,5
Sávio Moreira de Oliveira,MID,Spurs,1.5,a,,100,100,0.7,219,68,0,0,29,0,59.0,403,0.17,0.46,0.29,1.16,48,3,0,13.6,24.4,2026-09-19T11:30:00Z,90,False,2,0,0,0,0,5,0,74946,1,3,2,53.0,2,-481,12804,13285,65,True,0,2,5,3,0,5
Oliver Dovin,GK,Coventry City,0.0,u,Has joined Leyton Orient on loan for the rest of the season,0,0,1.1,177,26,0,0,0,0,0.0,171,0.00,0.00,0.00,0.00,47,0,0,0.0,0.0,2026-09-19T16:30:00Z,0,False,18,0,0,0,0,5,0,112931,0,1,0,0.0,0,-10379,0,10379,40,False,0,0,0,0,0,5
Kim Ji-soo,DEF,Brentford,0.0,a,,,,0.0,575,196,0,0,0,0,0.0,92,0.00,0.00,0.00,0.00,41,0,0,0.0,0.0,2026-09-18T19:00:00Z,0,False,6,0,0,0,0,5,0,1849,0,0,3,0.0,0,-94,69,163,45,True,0,0,0,0,0,5
Harvey Barnes,MID,Newcastle,4.8,a,,,,4.0,85,30,2,1,34,0,36.8,453,0.11,0.22,0.11,1.59,46,1,0,11.1,47.6,2026-09-19T14:00:00Z,90,False,11,0,0,0,0,5,0,496155,1,1,2,27.0,9,179416,220394,40978,60,True,0,4,9,5,0,5
George Hirst,FWD,Ipswich Town,0.0,u,Has joined Stoke City permanently,0,0,0.1,439,64,0,0,0,0,0.0,317,0.00,0.00,0.00,0.00,43,0,0,0.0,0.0,2026-09-19T14:00:00Z,0,False,9,0,0,0,0,5,0,8627,0,0,1,0.0,0,-1398,0,1398,50,False,0,0,0,0,0,5
Ewen Jaouen,GK,Newcastle,0.0,d,Ankle injury - 50% chance of playing,50,50,0.0,563,64,0,0,0,0,0.0,444,0.00,0.00,0.00,0.00,46,0,0,0.0,0.0,2026-09-19T14:00:00Z,0,False,11,0,0,0,0,5,0,2273,0,1,2,0.0,0,-225,30,255,45,True,0,0,0,0,0,5
Tim Iroegbunam,MID,Hull City,0.2,a,,100,100,0.0,578,240,0,0,6,0,11.3,240,0.01,0.13,0.12,0.25,46,0,0,2.8,6.2,2026-09-19T14:00:00Z,45,False,17,0,0,0,0,5,0,1818,0,1,2,10.0,1,101,374,273,50,False,0,0,7,5,2,5
Mitoma Kaoru,MID,Brighton,0.0,i,Hamstring injury - Expected back 10 Oct,0,0,0.0,536,218,0,0,0,0,0.0,121,0.00,0.00,0.00,0.00,42,0,0,0.0,0.0,2026-09-19T14:00:00Z,0,False,1,0,0,0,0,5,0,3148,0,0,3,0.0,0,-229,63,292,59,True,0,0,0,0,0,5
Jaydee Canvot,DEF,Crystal Palace,0.5,a,,,,0.2,335,125,0,0,26,1,17.2,203,0.12,0.12,0.00,1.31,44,0,0,3.9,19.8,2026-09-20T13:00:00Z,90,False,13,0,0,0,0,5,0,20646,1,0,0,2.0,8,-4457,259,4716,49,False,0,9,10,5,1,5
Sepp van den Berg,DEF,Brentford,0.0,i,Groin injury - Unknown return date,0,0,0.1,476,170,0,0,0,0,0.0,85,0.00,0.00,0.00,0.00,41,0,0,0.0,0.0,2026-09-18T19:00:00Z,0,False,6,0,0,0,0,5,0,6772,0,0,3,0.0,0,-729,37,766,49,True,0,0,0,0,0,5
Dejan Kulusevski,MID,Spurs,0.0,i,Knee injury - Unknown return date,0,0,0.0,611,261,0,0,0,0,0.0,521,0.00,0.00,0.00,0.00,48,0,0,0.0,0.0,2026-09-19T11:30:00Z,0,False,2,0,0,0,0,5,0,892,0,3,2,0.0,0,-30,63,93,65,True,0,0,0,0,0,5
Aaron Hickey,DEF,Brentford,1.0,a,,,,0.1,465,166,0,0,5,0,0.3,90,0.01,0.01,0.00,0.28,41,0,0,1.2,11.2,2026-09-18T19:00:00Z,21,False,6,0,0,0,0,5,0,7505,0,0,3,0.0,1,-261,329,590,45,True,0,4,4,0,0,5
Jorge Cuenca Barreno,DEF,Fulham,0.8,a,,,,0.0,547,188,0,0,0,0,0.0,255,0.00,0.00,0.00,0.00,50,0,0,0.0,0.0,2026-09-20T15:30:00Z,0,False,16,0,0,0,0,5,0,2849,0,1,1,0.0,0,-243,89,332,45,True,0,0,0,0,0,5
Nick Pope,GK,Newcastle,0.0,a,,,,1.0,186,29,0,0,0,0,0.0,442,0.00,0.00,0.00,0.00,46,0,0,0.0,0.0,2026-09-19T14:00:00Z,0,False,11,0,0,0,0,5,0,105050,0,1,2,0.0,0,-5404,1831,7235,49,True,0,0,0,0,0,5
Kaden Braithwaite,DEF,Man City,0.3,a,,,,0.2,353,132,0,0,0,0,0.0,622,0.00,0.00,0.00,0.00,45,0,0,0.0,0.0,2026-09-20T13:00:00Z,0,False,20,0,0,0,0,5,0,18924,0,3,5,0.0,0,-322,2303,2625,40,True,0,0,0,0,0,5
Kai Havertz,FWD,Arsenal,4.2,a,,,,8.2,47,7,0,0,5,0,5.3,26,0.02,0.80,0.78,1.31,42,3,0,3.9,5.2,2026-09-19T14:00:00Z,90,False,5,0,0,0,0,5,0,915557,1,0,3,28.0,2,44371,147342,102971,76,False,0,2,3,1,0,5
Dwight McNeil,MID,Crystal Palace,0.8,a,,,,0.1,397,146,0,0,0,0,0.0,241,0.00,0.00,0.00,0.00,44,0,0,0.0,0.0,2026-09-20T13:00:00Z,0,False,13,0,0,0,0,5,0,12442,0,0,0,0.0,0,-1374,185,1559,54,False,0,0,0,0,0,5
Jack Hinshelwood,MID,Brighton,0.0,i,Ankle injury - Expected back 10 Oct,0,0,0.6,229,72,0,0,0,0,0.0,123,0.00,0.00,0.00,0.00,42,0,0,0.0,0.0,2026-09-19T14:00:00Z,0,False,1,0,0,0,0,5,0,66553,0,0,3,0.0,0,-26541,128,26669,59,True,0,0,0,0,0,5
Rodrigo Muniz Carvalho,FWD,Fulham,0.8,a,,,,0.4,267,46,0,0,-1,0,0.3,271,0.00,0.00,0.00,0.36,50,1,0,0.1,0.2,2026-09-20T15:30:00Z,10,False,16,0,0,0,0,5,0,44522,0,1,1,0.0,0,-2843,3484,6327,54,True,1,1,1,0,0,5
Yasin Ayari,MID,Brighton,3.0,a,,100,100,0.4,275,93,0,0,7,1,12.3,129,0.08,0.19,0.11,1.63,42,0,0,3.5,5.6,2026-09-19T14:00:00Z,90,False,1,0,0,0,0,5,0,39428,1,0,3,17.0,3,-939,3453,4392,54,True,0,2,7,4,1,5
Malo Gusto,DEF,Chelsea,1.0,a,,,,1.0,183,69,0,0,0,0,0.0,144,0.00,0.00,0.00,0.00,41,0,0,0.0,0.0,2026-09-18T19:00:00Z,0,False,4,0,0,0,0,5,0,107892,0,0,3,0.0,0,-9281,4607,13888,50,False,0,0,0,0,0,5
Aladji Bamba,MID,Newcastle,0.5,a,,,,0.1,418,157,0,0,3,0,0.1,559,0.00,0.00,0.00,0.14,46,0,0,0.6,6.2,2026-09-19T14:00:00Z,3,False,11,0,0,0,0,5,0,10531,0,1,2,0.0,1,-781,377,1158,49,True,0,2,4,1,1,5
Armin Pecsi,GK,Liverpool,0.0,u,Has joined TSV Hartberg on loan for the rest of the season,0,0,0.0,572,67,0,0,0,0,0.0,353,0.00,0.00,0.00,0.00,49,0,0,0.0,0.0,2026-09-20T13:00:00Z,0,False,3,0,0,0,0,5,0,1905,0,1,0,0.0,0,-109,0,109,40,False,0,0,0,0,0,5
Liam Millar,MID,Hull City,0.0,u,Has joined Birmingham on loan for the rest of the season,0,0,0.0,527,213,0,0,0,0,0.0,287,0.00,0.00,0.00,0.00,46,0,0,0.0,0.0,2026-09-19T14:00:00Z,0,False,17,0,0,0,0,5,0,3415,0,1,2,0.0,0,-1008,0,1008,50,False,0,0,0,0,0,5
Danny Welbeck,FWD,Chelsea,0.5,a,,100,100,0.9,194,30,0,0,8,0,21.8,136,0.08,0.08,0.00,1.45,41,1,0,3.7,7.2,2026-09-18T19:00:00Z,70,False,4,0,0,0,0,5,0,114052,1,0,3,8.0,2,20936,34909,13973,59,False,0,1,4,2,1,5
Borna Sosa,DEF,Crystal Palace,0.0,u,Has joined FC Cologne on loan for the rest of the season,0,0,0.0,583,199,0,0,0,0,0.0,205,0.00,0.00,0.00,0.00,44,0,0,0.0,0.0,2026-09-20T13:00:00Z,0,False,13,0,0,0,0,5,0,1673,0,0,0,0.0,0,-274,0,274,45,False,0,0,0,0,0,5
Jaden Philogene,MID,Ipswich Town,0.2,a,,100,100,0.1,455,177,0,0,5,0,3.8,318,0.01,0.07,0.06,0.56,43,0,0,0.9,1.4,2026-09-19T14:00:00Z,24,False,9,0,0,0,0,5,0,7806,0,0,1,4.0,1,-322,83,405,54,False,0,0,1,1,0,5
Abdul Fatawu,MID,Ipswich Town,2.2,a,,,,0.2,344,121,0,0,4,0,18.8,315,0.28,0.42,0.14,1.68,43,1,0,4.3,3.2,2026-09-19T14:00:00Z,66,False,9,0,0,0,1,5,0,19671,1,0,1,21.0,-1,-2031,636,2667,54,False,0,2,4,2,0,5
Tom Heaton,GK,Man Utd,0.0,i,Hamstring injury - Unknown return date,0,0,0.1,442,49,0,0,0,0,0.0,414,0.00,0.00,0.00,0.00,50,0,0,0.0,0.0,2026-09-20T15:30:00Z,0,False,10,0,0,0,0,5,0,8762,0,1,1,0.0,0,-118,373,491,40,False,0,0,0,0,0,5
Kostas Tsimikas,DEF,Liverpool,0.5,a,,,,0.1,461,165,0,0,0,0,0.0,364,0.00,0.00,0.00,0.00,49,0,0,0.0,0.0,2026-09-20T13:00:00Z,0,False,3,0,0,0,0,5,0,7658,0,1,0,0.0,0,-362,299,661,49,False,0,0,0,0,0,5
Jean-Philippe Mateta,FWD,Crystal Palace,0.0,i,Hamstring injury - Expected back 11 Oct,0,0,1.4,155,22,0,0,0,0,0.0,223,0.00,0.00,0.00,0.00,44,0,0,0.0,0.0,2026-09-20T13:00:00Z,0,False,13,0,0,0,0,5,0,148086,0,0,0,0.0,0,-29302,232,29534,63,False,0,0,0,0,0,5
Yankuba Minteh,MID,Brighton,0.0,i,Leg injury - Expected back 28 Nov,0,0,0.0,531,215,0,0,0,0,0.0,122,0.00,0.00,0.00,0.00,42,0,0,0.0,0.0,2026-09-19T14:00:00Z,0,False,1,0,0,0,0,5,0,3397,0,0,3,0.0,0,-448,28,476,59,True,0,0,0,0,0,5
Bradley Barcola,MID,Liverpool,2.0,a,,,,1.9,130,40,0,0,8,1,3.3,627,0.03,0.08,0.05,0.66,49,0,0,2.7,2.2,2026-09-20T13:00:00Z,71,False,3,0,0,0,0,5,0,203917,1,1,0,21.0,3,-20897,24870,45767,80,False,0,0,3,3,0,5
Gustavo Nunes Fernandes Gomes,MID,Brentford,1.1,a,,,,0.0,559,233,0,0,0,0,0.0,657,0.00,0.00,0.00,0.00,41,0,0,0.0,0.0,2026-09-18T19:00:00Z,0,False,6,0,0,0,0,5,0,2569,0,0,3,0.0,0,1349,1742,393,45,True,0,0,0,0,0,5
Charalampos Kostoulas,FWD,Brighton,4.5,a,,,,0.9,195,31,1,2,40,1,11.3,138,0.01,0.19,0.18,0.89,42,0,1,9.8,48.2,2026-09-19T14:00:00Z,75,False,1,0,0,0,0,5,0,105077,1,0,3,38.0,10,42079,57158,15079,55,True,1,0,4,3,1,5
Mikel Merino Zazón,MID,Arsenal,0.8,a,,,,0.4,270,91,0,0,4,0,0.8,17,0.13,0.13,0.00,0.70,42,0,0,0.6,3.4,2026-09-19T14:00:00Z,30,False,5,0,0,0,0,5,0,42609,0,0,3,2.0,1,-4969,1345,6314,58,False,0,1,4,3,0,5
Diego Gómez Amarilla,MID,Brighton,4.0,a,,,,4.3,78,26,1,0,19,1,22.6,127,0.02,0.02,0.00,1.48,42,0,0,5.6,29.0,2026-09-19T14:00:00Z,85,False,1,0,0,0,0,5,0,439801,1,0,3,4.0,8,-68669,13377,82046,50,True,0,1,13,7,5,5
Ryan Yates,MID,Nott'm Forest,0.0,a,,100,100,1.2,162,51,0,0,0,0,0.0,489,0.00,0.00,0.00,0.00,47,0,0,0.0,0.0,2026-09-19T16:30:00Z,0,False,7,0,0,0,0,5,0,132416,0,1,0,0.0,0,-12157,2939,15096,45,True,0,0,0,0,0,5
Shea Charles,MID,Fulham,2.2,a,,,,0.1,459,181,0,0,16,0,3.4,580,0.02,0.02,0.00,1.60,50,1,0,4.3,40.0,2026-09-20T15:30:00Z,90,False,16,0,0,0,0,5,0,7677,1,1,1,0.0,4,49,742,693,50,True,0,11,13,0,2,5
Lucas Gourna-Douath,MID,Hull City,0.8,a,,,,0.0,554,230,0,0,5,0,11.0,589,0.01,0.04,0.03,0.13,46,0,0,1.6,3.2,2026-09-19T14:00:00Z,12,False,17,0,0,0,0,5,0,2600,0,1,2,2.0,1,-143,149,292,50,False,0,0,1,0,1,5
Matt Crooks,MID,Hull City,0.8,a,,100,100,0.5,253,83,0,0,6,0,14.5,289,0.12,0.12,0.00,1.19,46,2,0,2.2,7.8,2026-09-19T14:00:00Z,45,False,17,0,0,0,0,5,0,51411,1,1,2,0.0,0,-2230,4076,6306,45,False,1,0,2,0,2,5
Thierno Barry,FWD,Everton,3.5,a,,,,7.5,51,8,0,0,28,1,12.3,249,0.01,0.53,0.52,1.44,43,0,1,7.4,34.4,2026-09-19T14:00:00Z,90,False,12,0,0,0,0,5,0,908127,1,0,1,27.0,6,177881,262211,84330,56,True,0,2,5,3,0,5
Harry Amass,DEF,Man Utd,0.0,a,,,,0.2,334,124,0,0,0,0,0.0,424,0.00,0.00,0.00,0.00,50,0,0,0.0,0.0,2026-09-20T15:30:00Z,0,False,10,0,0,0,0,5,0,21588,0,1,1,0.0,0,-321,1392,1713,40,False,0,0,0,0,0,5
Mason Miley,MID,Newcastle,1.1,a,,,,0.0,522,210,0,0,0,0,0.0,659,0.00,0.00,0.00,0.00,46,0,0,0.0,0.0,2026-09-19T14:00:00Z,0,False,11,0,0,0,0,5,0,4509,0,1,2,0.0,0,2836,3438,602,45,True,0,0,0,0,0,5
Mark Gillespie,GK,Newcastle,0.0,a,,,,0.0,523,60,0,0,0,0,0.0,443,0.00,0.00,0.00,0.00,46,0,0,0.0,0.0,2026-09-19T14:00:00Z,0,False,11,0,0,0,0,5,0,3606,0,1,2,0.0,0,-33,183,216,45,True,0,0,0,0,0,5
Jannik Schuster,DEF,Brentford,1.8,a,,,,0.1,370,142,1,3,43,1,10.8,93,0.52,0.52,0.00,0.83,41,0,0,6.8,53.0,2026-09-18T19:00:00Z,90,False,6,0,0,0,0,5,0,15098,1,0,3,4.0,14,-726,349,1075,45,True,0,15,16,3,1,5
Tino Livramento,DEF,Newcastle,1.0,a,,100,100,0.1,419,153,0,0,0,0,0.0,450,0.00,0.00,0.00,0.00,46,0,0,0.0,0.0,2026-09-19T14:00:00Z,0,False,11,0,0,0,0,5,0,12541,0,1,2,0.0,0,4786,6097,1311,49,True,0,0,0,0,0,5
Jay Dasilva,DEF,Coventry City,1.2,a,,,,0.7,222,85,0,3,40,1,15.7,176,0.04,0.36,0.32,1.10,47,0,1,8.1,47.0,2026-09-19T16:30:00Z,90,False,18,0,0,0,0,5,0,73323,1,1,0,18.0,15,-4010,903,4913,40,False,0,4,4,4,0,5
Matt O'Riley,MID,Brighton,0.2,a,,,,0.1,424,160,0,0,2,0,0.0,126,0.00,0.28,0.28,0.14,42,0,0,2.5,6.0,2026-09-19T14:00:00Z,4,False,1,0,0,0,0,5,0,10353,0,0,3,19.0,1,-662,577,1239,54,True,0,2,2,0,0,5
Martin Dubravka,GK,Spurs,0.0,a,,,,17.6,23,4,0,0,0,0,0.0,497,0.00,0.00,0.00,0.00,48,0,0,0.0,0.0,2026-09-19T11:30:00Z,0,False,2,0,0,0,0,5,0,1908194,0,3,2,0.0,0,-25006,59833,84839,40,True,0,0,0,0,0,5
Elliot Anderson,MID,Man City,3.2,a,,100,100,4.2,80,27,0,0,15,0,4.7,481,0.02,0.04,0.02,3.57,45,3,0,1.9,13.4,2026-09-20T13:00:00Z,90,False,20,0,0,0,0,5,0,452582,1,3,5,1.0,2,-8817,29694,38511,63,True,0,4,9,3,2,5
Arnaud Kalimuendo,FWD,Nott'm Forest,0.2,a,,,,0.1,494,70,0,0,0,0,0.0,493,0.00,0.00,0.00,0.00,47,0,0,0.0,0.0,2026-09-19T16:30:00Z,0,False,7,0,0,0,0,5,0,5589,0,1,0,0.0,0,-342,483,825,54,True,0,0,0,0,0,5
Wes Burns,MID,Ipswich Town,0.0,u,Has joined Leicester City permanently,0,0,0.0,647,285,0,0,0,0,0.0,311,0.00,0.00,0.00,0.00,43,0,0,0.0,0.0,2026-09-19T14:00:00Z,0,False,9,0,0,0,0,5,0,223,0,0,1,0.0,0,-21,0,21,50,False,0,0,0,0,0,5
James Garner,MID,Everton,2.0,a,,100,100,0.2,326,115,0,0,14,1,19.2,239,0.04,0.20,0.16,1.44,43,0,0,3.3,10.0,2026-09-19T14:00:00Z,90,False,12,0,0,0,0,5,0,25087,1,0,1,4.0,3,9028,12252,3224,60,True,0,4,9,5,0,5
Lisandro Martínez,DEF,Man Utd,1.5,a,,100,100,1.3,160,64,0,0,6,0,13.3,419,0.02,0.17,0.15,1.62,50,1,0,4.8,12.4,2026-09-20T15:30:00Z,90,False,10,1,0,0,0,5,0,138877,1,1,1,22.0,0,823,10516,9693,50,False,0,4,4,1,0,5
Abdoul Ouattara,DEF,Ipswich Town,1.0,a,,,,0.9,198,76,0,0,17,0,11.4,592,0.01,0.03,0.02,2.24,43,1,0,4.0,20.0,2026-09-19T14:00:00Z,90,False,9,0,0,0,0,5,0,94948,1,0,1,9.0,2,-2909,2569,5478,40,False,0,5,8,10,3,5
Evan Ferguson,FWD,Brighton,0.0,i,Ankle injury - Expected back 10 Oct,0,0,0.0,535,72,0,0,0,0,0.0,139,0.00,0.00,0.00,0.00,42,0,0,0.0,0.0,2026-09-19T14:00:00Z,0,False,1,0,0,0,0,5,0,3174,0,0,3,0.0,0,-162,242,404,50,True,0,0,0,0,0,5
Freddie Woodman,GK,Liverpool,0.0,a,,,,1.0,179,27,0,0,0,0,0.0,352,0.00,0.00,0.00,0.00,49,0,0,0.0,0.0,2026-09-20T13:00:00Z,0,False,3,0,0,0,0,5,0,112455,0,1,0,0.0,0,-1961,2495,4456,40,False,0,0,0,0,0,5
Noah Okafor,MID,Leeds,3.8,a,,,,0.4,265,88,0,0,17,1,1.5,336,0.01,0.03,0.02,0.68,44,0,0,1.2,7.8,2026-09-20T13:00:00Z,75,False,8,0,0,0,0,5,0,50221,1,0,0,3.0,3,14111,19172,5061,58,True,0,0,5,3,2,5
Anthony Patterson,GK,Sunderland,0.0,u,Has joined Wrexham permanently,0,0,0.1,392,45,0,0,0,0,0.0,530,0.00,0.00,0.00,0.00,45,0,0,0.0,0.0,2026-09-20T13:00:00Z,0,False,15,0,0,0,0,5,0,12868,0,3,5,0.0,0,-743,0,743,40,False,0,0,0,0,0,5
Omar Marmoush,FWD,Spurs,1.5,a,,,,2.2,126,19,0,0,8,0,6.4,401,0.04,0.06,0.02,1.16,48,3,0,1.8,5.6,2026-09-19T11:30:00Z,90,False,2,0,0,0,0,5,0,240325,1,3,2,6.0,2,-10121,35220,45341,70,True,0,0,4,3,1,5
Tatsuhiro Sakamoto,MID,Coventry City,0.2,a,,,,0.1,473,185,0,0,0,0,0.0,185,0.00,0.00,0.00,0.00,47,0,0,0.0,0.0,2026-09-19T16:30:00Z,0,False,18,0,0,0,0,5,0,6925,0,1,0,0.0,0,-850,142,992,48,False,0,0,0,0,0,5
Younes Ibrahim,MID,Brighton,1.1,a,,,,0.0,588,244,0,0,0,0,0.0,658,0.00,0.00,0.00,0.00,42,0,0,0.0,0.0,2026-09-19T14:00:00Z,0,False,1,0,0,0,0,5,0,1545,0,0,3,0.0,0,895,1163,268,45,True,0,0,0,0,0,5
Ethan Pinnock,DEF,Coventry City,1.5,a,,,,0.1,468,167,0,0,24,1,0.3,91,0.00,0.00,0.00,1.10,47,0,0,5.1,50.8,2026-09-19T16:30:00Z,90,False,18,0,0,0,0,5,0,7218,1,1,0,0.0,8,-312,402,714,45,False,0,19,19,1,0,5
Harrison Reed,MID,Fulham,0.0,a,,,,1.2,164,52,0,0,0,0,0.0,270,0.00,0.00,0.00,0.00,50,0,0,0.0,0.0,2026-09-20T15:30:00Z,0,False,16,0,0,0,0,5,0,130240,0,1,1,0.0,0,-430,16215,16645,44,True,0,0,0,0,0,5
James Tarkowski,DEF,Everton,7.2,a,,,,14.3,28,9,1,3,43,1,10.7,229,0.01,0.02,0.01,1.44,43,0,0,4.8,36.0,2026-09-19T14:00:00Z,90,False,12,0,0,0,0,5,0,1610335,1,0,1,1.0,14,243664,292865,49201,61,True,0,11,12,5,1,5
Promise David,FWD,Brighton,0.2,a,,,,0.2,331,53,0,0,0,0,0.0,594,0.00,0.00,0.00,0.00,42,0,0,0.0,0.0,2026-09-19T14:00:00Z,0,False,1,0,0,0,0,5,0,21728,0,0,3,0.0,0,-3096,2100,5196,60,True,0,0,0,0,0,5
Kjell Scherpen,GK,Ipswich Town,1.8,a,,,,0.6,238,33,0,0,0,0,0.0,564,0.00,0.00,0.00,0.00,43,0,0,0.0,0.0,2026-09-19T14:00:00Z,0,False,9,0,0,0,0,5,0,63895,0,0,1,0.0,0,-1335,2903,4238,45,False,0,0,0,0,0,5
Luka Vušković,DEF,Brighton,6.0,a,,,,3.1,102,39,0,0,27,1,1.6,504,0.00,0.00,0.00,1.63,42,0,0,2.4,20.6,2026-09-19T14:00:00Z,90,False,1,0,0,0,0,5,0,332297,1,0,3,2.0,8,-7252,27688,34940,50,True,0,10,12,4,2,5
Tyler Fletcher,MID,Man Utd,0.0,a,,,,0.3,284,95,0,0,0,0,0.0,438,0.00,0.00,0.00,0.00,50,0,0,0.0,0.0,2026-09-20T15:30:00Z,0,False,10,0,0,0,0,5,0,36458,0,1,1,0.0,0,250,3537,3287,44,False,0,0,0,0,0,5
Chris Rigg,MID,Sunderland,0.5,a,,,,0.0,499,198,0,0,0,0,0.0,548,0.00,0.00,0.00,0.00,45,0,0,0.0,0.0,2026-09-20T13:00:00Z,0,False,15,0,0,0,0,5,0,4992,0,3,5,0.0,0,-439,65,504,49,False,0,0,0,0,0,5
Kristoffer Ajer,DEF,Brentford,3.5,a,,,,4.1,82,32,0,1,29,1,11.3,87,0.05,0.05,0.00,0.83,41,0,0,3.5,19.4,2026-09-18T19:00:00Z,90,False,6,0,0,0,0,5,0,417707,1,0,3,4.0,7,-65023,8947,73970,45,True,0,9,9,3,0,5
Michael Kayode,DEF,Brentford,4.2,a,,,,7.7,50,19,0,0,20,1,1.0,88,0.07,0.07,0.00,0.55,41,0,0,0.4,2.6,2026-09-18T19:00:00Z,68,False,6,0,0,0,0,5,0,819720,1,0,3,0.0,6,-116375,18236,134611,46,True,0,1,2,2,1,5
Nathan Collins,DEF,Brentford,0.0,i,Calf injury - Unknown return date,0,0,1.1,172,67,0,0,0,0,0.0,84,0.00,0.00,0.00,0.00,41,0,0,0.0,0.0,2026-09-18T19:00:00Z,0,False,6,0,0,0,0,5,0,111916,0,0,3,0.0,0,-39288,104,39392,54,True,0,0,0,0,0,5
Taiwo Awoniyi,FWD,Coventry City,0.8,s,Suspended until 19 Oct,,0,0.5,259,45,0,0,0,0,0.0,492,0.00,0.00,0.00,0.00,47,0,0,0.0,0.0,2026-09-19T16:30:00Z,0,False,18,0,0,0,0,5,0,46922,0,1,0,0.0,0,-21461,586,22047,55,False,0,0,0,0,0,5
Josh Eccles,MID,Coventry City,0.0,i,Unspecified injury - Expected back 12 Oct,0,0,0.0,607,258,0,0,0,0,0.0,187,0.00,0.00,0.00,0.00,47,0,0,0.0,0.0,2026-09-19T16:30:00Z,0,False,18,0,0,0,0,5,0,1002,0,1,0,0.0,0,-314,17,331,49,False,0,0,0,0,0,5
Mathys Tel,MID,Spurs,2.0,a,,,,0.2,328,117,0,0,0,0,0.0,514,0.00,0.00,0.00,0.00,48,0,0,0.0,0.0,2026-09-19T11:30:00Z,0,False,2,0,0,0,0,5,0,21179,0,3,2,0.0,0,-5320,897,6217,58,True,0,0,0,0,0,5
Merlin Röhl,MID,Everton,1.5,i,Unspecified injury - Expected back 11 Oct,,0,0.0,504,201,0,0,0,0,0.0,246,0.00,0.00,0.00,0.00,43,0,0,0.0,0.0,2026-09-19T14:00:00Z,0,False,12,0,0,0,0,5,0,4100,0,0,1,0.0,0,-971,285,1256,49,True,0,0,0,0,0,5
Guglielmo Vicario,GK,Spurs,0.0,u,Has joined Juventus on loan for the rest of the season,0,0,0.1,375,41,0,0,0,0,0.0,494,0.00,0.00,0.00,0.00,48,0,0,0.0,0.0,2026-09-19T11:30:00Z,0,False,2,0,0,0,0,5,0,14414,0,3,2,0.0,0,-1689,0,1689,45,True,0,0,0,0,0,5
James Maddison,MID,Spurs,0.5,a,,100,100,0.4,268,90,0,0,9,0,2.4,515,0.02,0.08,0.06,0.15,48,2,0,2.4,10.6,2026-09-19T11:30:00Z,24,False,2,0,0,0,0,5,0,43979,0,3,2,11.0,1,-2925,1741,4666,63,True,0,0,6,2,4,5
Darnell Furlong,DEF,Ipswich Town,0.2,a,,,,0.6,241,92,0,0,0,0,0.0,308,0.00,0.00,0.00,0.00,43,0,0,0.0,0.0,2026-09-19T14:00:00Z,0,False,9,0,0,0,0,5,0,80113,0,0,1,0.0,0,7228,11325,4097,39,False,0,0,0,0,0,5
Wilfried Gnonto,MID,Leeds,0.0,u,Has joined ACF Fiorentina on loan for the rest of the season,0,0,0.0,619,264,0,0,0,0,0.0,341,0.00,0.00,0.00,0.00,44,0,0,0.0,0.0,2026-09-20T13:00:00Z,0,False,8,0,0,0,0,5,0,790,0,0,0,0.0,0,-179,0,179,50,True,0,0,0,0,0,5
Valentín Barco,MID,Chelsea,0.2,a,,,,0.1,388,143,0,0,21,0,4.3,568,0.02,0.05,0.03,2.22,41,2,0,2.1,11.2,2026-09-18T19:00:00Z,86,False,4,0,0,0,0,5,0,13260,1,0,3,5.0,2,-902,477,1379,54,False,0,2,9,4,3,5
Mohamed Belloumi,MID,Hull City,6.8,a,,,,4.1,81,28,1,0,22,0,29.1,286,0.31,0.66,0.35,1.31,46,2,0,10.3,33.0,2026-09-19T14:00:00Z,82,False,17,0,0,0,0,5,0,497698,1,1,2,41.0,4,329008,362918,33910,51,False,1,0,11,5,6,5
Bobby Thomas,DEF,Coventry City,3.8,a,,,,8.7,45,17,0,1,37,1,0.6,173,0.04,0.10,0.06,1.10,47,0,0,3.6,27.2,2026-09-19T16:30:00Z,90,False,18,0,0,0,0,5,0,932075,1,1,0,8.0,9,-45227,30974,76201,40,False,0,12,13,3,1,5
Richarlison de Andrade,FWD,Spurs,0.0,u,not included in squad.,0,0,0.7,215,35,0,0,0,0,0.0,527,0.00,0.00,0.00,0.00,48,0,0,0.0,0.0,2026-09-19T11:30:00Z,0,False,2,0,0,0,0,5,0,74547,0,3,2,0.0,0,-22415,0,22415,59,True,0,0,0,0,0,5
William Osula,FWD,Newcastle,0.0,i,Foot injury - Unknown return date,0,0,0.3,281,48,0,0,0,0,0.0,465,0.00,0.00,0.00,0.00,46,0,0,0.0,0.0,2026-09-19T14:00:00Z,0,False,11,0,0,0,0,5,0,35111,0,1,2,0.0,0,-6475,188,6663,59,True,0,0,0,0,0,5
Ben Davies,DEF,Spurs,0.0,a,,,,0.8,203,78,0,0,0,0,0.0,508,0.00,0.00,0.00,0.00,48,0,0,0.0,0.0,2026-09-19T11:30:00Z,0,False,2,0,0,0,0,5,0,88779,0,3,2,0.0,0,-5694,2044,7738,40,True,0,0,0,0,0,5
Nico O'Reilly,DEF,Man City,1.2,a,,100,100,11.8,35,12,0,0,3,0,0.8,387,0.00,0.78,0.78,0.39,45,0,0,2.3,5.4,2026-09-20T13:00:00Z,5,False,20,0,0,0,0,5,0,1243931,0,3,5,17.0,1,-178243,12818,191061,64,True,0,1,2,1,1,5
Luca Netz,DEF,Nott'm Forest,0.5,a,,,,0.0,534,186,0,0,5,0,16.6,478,0.02,0.02,0.00,0.00,47,0,0,2.3,4.0,2026-09-19T16:30:00Z,7,False,7,0,0,0,0,5,0,3276,0,1,0,2.0,1,-97,246,343,44,True,0,0,0,0,0,5
James Wright,GK,Aston Villa,0.0,,,,,,,,0,0,0,0,0.0,667,0.00,0.00,0.00,0.00,48,0,0,0.0,0.0,2026-09-19T11:30:00Z,0,False,19,0,0,0,0,5,0,0,0,3,2,0.0,0,0,0,0,40,False,0,0,0,0,0,5
Ali Al-Hamadi,FWD,Ipswich Town,0.0,u,Has joined Sheffield Wednesday on loan for the rest of the season,0,0,0.1,489,68,0,0,0,0,0.0,322,0.00,0.00,0.00,0.00,43,0,0,0.0,0.0,2026-09-19T14:00:00Z,0,False,9,0,0,0,0,5,0,5776,0,0,1,0.0,0,-988,0,988,50,False,0,0,0,0,0,5
Darío Osorio,MID,Crystal Palace,0.5,a,,,,0.0,614,263,0,0,0,0,0.0,647,0.00,0.00,0.00,0.00,44,0,0,0.0,0.0,2026-09-20T13:00:00Z,0,False,13,0,0,0,0,5,0,833,0,0,0,0.0,0,-91,80,171,55,False,0,0,0,0,0,5
Jeremy Jacquet,DEF,Liverpool,4.5,a,,100,100,3.2,96,36,0,0,26,1,1.7,362,0.02,0.02,0.00,0.79,49,0,0,2.2,20.0,2026-09-20T13:00:00Z,90,False,3,0,0,0,0,5,0,355709,1,1,0,0.0,6,50743,69754,19011,50,False,0,5,8,6,3,5
Lucas Digne,DEF,Aston Villa,0.0,u,Has joined Paris Saint-Germain permanently,0,0,0.1,495,175,0,0,0,0,0.0,30,0.00,0.00,0.00,0.00,48,0,0,0.0,0.0,2026-09-19T11:30:00Z,0,False,19,0,0,0,0,5,0,5450,0,3,2,0.0,0,-431,0,431,45,False,0,0,0,0,0,5
Oscar Bobb,MID,Fulham,2.5,a,,,,0.3,298,104,0,0,6,1,3.7,264,0.09,0.31,0.22,1.12,50,0,0,1.6,4.0,2026-09-20T15:30:00Z,70,False,16,0,0,0,0,5,0,30671,1,1,1,8.0,3,-1134,2742,3876,55,True,0,1,6,3,2,5
Lukás Hornícek,GK,Newcastle,2.8,a,,,,1.5,150,22,0,0,14,0,0.0,567,0.00,0.00,0.00,1.59,46,1,0,1.7,17.0,2026-09-19T14:00:00Z,90,False,11,0,0,0,0,5,3,163512,1,1,2,0.0,3,8198,22769,14571,50,True,0,3,0,12,0,5
Aurèle Amenda,DEF,Coventry City,1.0,d,Calf injury - 25% chance of playing,,25,0.7,220,84,0,0,0,0,0.0,182,0.00,0.00,0.00,0.00,47,0,0,0.0,0.0,2026-09-19T16:30:00Z,0,False,18,0,0,0,0,5,0,71956,0,1,0,0.0,0,-7286,1397,8683,40,False,0,0,0,0,0,5
Alfie Cresswell,MID,Leeds,0.0,a,,,,0.1,371,133,0,0,0,0,0.0,604,0.00,0.00,0.00,0.00,44,0,0,0.0,0.0,2026-09-20T13:00:00Z,0,False,8,0,0,0,0,5,0,14890,0,0,0,0.0,0,-571,1362,1933,45,True,0,0,0,0,0,5
Tyler Bindon,DEF,Nott'm Forest,0.0,u,Has joined Charlton Athletic on loan for the rest of the season,0,0,0.1,400,150,0,0,0,0,0.0,479,0.00,0.00,0.00,0.00,47,0,0,0.0,0.0,2026-09-19T16:30:00Z,0,False,7,0,0,0,0,5,0,12104,0,1,0,0.0,0,-1397,0,1397,40,True,0,0,0,0,0,5
Matthijs de Ligt,DEF,Man Utd,0.0,i,Back injury - Unknown return date,0,0,0.0,561,191,0,0,0,0,0.0,416,0.00,0.00,0.00,0.00,50,0,0,0.0,0.0,2026-09-20T15:30:00Z,0,False,10,0,0,0,0,5,0,2417,0,1,1,0.0,0,-119,79,198,50,False,0,0,0,0,0,5
James McAtee,MID,Nott'm Forest,2.5,a,,,,0.1,409,151,0,0,17,0,27.0,486,0.04,0.25,0.21,0.67,47,1,0,5.9,13.6,2026-09-19T16:30:00Z,82,False,7,0,0,0,0,5,0,11916,1,1,0,18.0,2,1989,3622,1633,55,True,0,1,4,2,1,5
Raphael Borges Rodrigues,MID,Coventry City,0.0,u,Has joined Burton Albion on loan for the rest of the season,0,0,0.1,434,165,0,0,0,0,0.0,191,0.00,0.00,0.00,0.00,47,0,0,0.0,0.0,2026-09-19T16:30:00Z,0,False,18,0,0,0,0,5,0,9331,0,1,0,0.0,0,-1935,0,1935,45,False,0,0,0,0,0,5
Hákon Rafn Valdimarsson,GK,Brentford,0.0,a,,,,0.1,422,48,0,0,0,0,0.0,83,0.00,0.00,0.00,0.00,41,0,0,0.0,0.0,2026-09-18T19:00:00Z,0,False,6,0,0,0,0,5,0,10440,0,0,3,0.0,0,-567,317,884,45,True,0,0,0,0,0,5
Melvin Bard,DEF,Leeds,0.5,a,,,,0.0,617,209,0,0,0,0,0.0,641,0.00,0.00,0.00,0.00,44,0,0,0.0,0.0,2026-09-20T13:00:00Z,0,False,8,0,0,0,0,5,0,877,0,0,0,0.0,0,220,363,143,45,True,0,0,0,0,0,5
David Brooks,MID,Bournemouth,0.5,a,,100,100,0.1,490,194,0,0,4,0,21.7,74,0.06,0.06,0.00,0.25,49,0,0,2.7,5.0,2026-09-20T13:00:00Z,15,False,14,0,0,0,0,5,0,5709,0,1,0,0.0,1,-394,503,897,50,True,0,0,2,2,0,5
James Hill,DEF,Bournemouth,2.0,a,,,,0.8,210,81,0,0,15,0,5.1,60,0.02,0.02,0.00,1.65,49,1,0,4.9,43.6,2026-09-20T13:00:00Z,90,False,14,0,0,0,0,5,0,80776,1,1,0,0.0,4,-8309,3321,11630,55,True,0,11,15,3,4,5
Bendito Mantato,MID,Man Utd,0.0,a,,,,0.2,356,128,0,0,0,0,0.0,437,0.00,0.00,0.00,0.00,50,0,0,0.0,0.0,2026-09-20T15:30:00Z,0,False,10,0,0,0,0,5,0,18231,0,1,1,0.0,0,-1079,624,1703,45,False,0,0,0,0,0,5
Gonzalo García,FWD,Fulham,3.0,a,,,,3.6,93,12,0,0,3,1,14.8,569,0.33,1.02,0.69,1.25,50,0,0,2.3,0.0,2026-09-20T15:30:00Z,79,False,16,0,0,0,0,5,0,386933,1,1,1,12.0,2,-31297,42871,74168,60,True,0,1,2,1,0,5
Kobbie Mainoo,MID,Man Utd,4.5,a,,,,1.6,144,45,0,0,18,0,17.4,432,0.10,0.16,0.06,1.62,50,1,0,3.8,11.2,2026-09-20T15:30:00Z,79,False,10,0,0,0,0,5,0,177650,1,1,1,9.0,4,20730,33995,13265,55,False,0,1,12,10,1,5
Jan Paul van Hecke,DEF,Spurs,4.5,a,,,,6.7,59,24,0,0,17,0,30.4,112,0.30,0.65,0.35,1.16,48,3,1,10.9,62.0,2026-09-19T11:30:00Z,90,False,2,0,0,0,0,5,0,721559,1,3,2,17.0,6,-3149,40803,43952,49,True,1,6,9,4,3,5
Vitaly Janelt,MID,Brentford,6.2,a,,,,2.5,116,35,0,0,13,1,5.8,98,0.04,0.07,0.03,0.83,41,0,0,2.6,18.0,2026-09-18T19:00:00Z,90,False,6,0,0,0,0,5,0,273119,1,0,3,2.0,3,13473,47235,33762,50,True,0,2,9,4,3,5
Oscar Mingueza,DEF,Crystal Palace,0.5,a,,,,0.1,482,172,0,0,0,0,0.0,207,0.00,0.00,0.00,0.00,44,0,0,0.0,0.0,2026-09-20T13:00:00Z,0,False,13,0,0,0,0,5,0,6288,0,0,0,0.0,0,-708,250,958,44,False,0,0,0,0,0,5
Enes Ünal,FWD,Bournemouth,0.0,u,Has joined Getafe permanently,0,0,0.0,584,75,0,0,0,0,0.0,80,0.00,0.00,0.00,0.00,49,0,0,0.0,0.0,2026-09-20T13:00:00Z,0,False,14,0,0,0,0,5,0,1665,0,1,0,0.0,0,-121,0,121,55,True,0,0,0,0,0,5
Liam Delap,FWD,Nott'm Forest,2.0,a,,,,2.5,115,18,0,0,9,0,25.1,167,0.21,0.34,0.13,0.67,47,1,0,5.1,5.0,2026-09-19T16:30:00Z,90,False,7,0,0,0,0,5,0,344489,1,1,0,21.0,1,200788,222393,21605,55,True,1,2,8,5,1,5
Amar Dedic,DEF,Newcastle,2.4,i,Unspecified injury - Unknown return date,75,0,2.3,118,47,0,0,0,0,0.0,593,0.00,0.00,0.00,0.00,46,0,0,0.0,0.0,2026-09-19T14:00:00Z,0,False,11,0,0,0,0,5,0,219257,0,1,2,0.0,0,-92524,11096,103620,45,True,0,0,0,0,0,5
Ellis Simms,FWD,Coventry City,0.8,a,,,,0.7,221,37,0,0,3,0,0.3,195,0.00,0.00,0.00,0.24,47,0,0,0.1,0.2,2026-09-19T16:30:00Z,16,False,18,0,0,0,0,5,0,72122,0,1,0,0.0,1,-10520,2905,13425,50,False,0,0,0,0,0,5
Mats Wieffer,DEF,Brighton,0.0,i,Knee injury - Unknown return date,0,0,0.2,336,126,0,0,0,0,0.0,130,0.00,0.00,0.00,0.00,42,0,0,0.0,0.0,2026-09-19T14:00:00Z,0,False,1,0,0,0,0,5,0,20558,0,0,3,0.0,0,-6902,57,6959,49,True,0,0,0,0,0,5
Jack Taylor,MID,Ipswich Town,0.0,i,Knee injury - Unknown return date,0,0,0.0,540,220,0,0,0,0,0.0,312,0.00,0.00,0.00,0.00,43,0,0,0.0,0.0,2026-09-19T14:00:00Z,0,False,9,0,0,0,0,5,0,3061,0,0,1,0.0,0,-250,99,349,45,False,0,0,0,0,0,5
Leon Goretzka,MID,Aston Villa,0.0,i,Knee injury - Expected back 10 Oct,0,0,0.0,542,222,0,0,0,0,0.0,618,0.00,0.00,0.00,0.00,48,0,0,0.0,0.0,2026-09-19T11:30:00Z,0,False,19,0,0,0,0,5,0,2971,0,3,2,0.0,0,-1317,47,1364,59,False,0,0,0,0,0,5
Viktor Gyökeres,FWD,Arsenal,0.2,a,,,,3.2,98,14,0,0,5,0,14.6,25,0.23,0.23,0.00,0.54,42,0,0,1.4,0.0,2026-09-19T14:00:00Z,17,False,5,0,0,0,0,5,0,342393,0,0,3,0.0,1,-51870,5156,57026,72,False,0,0,0,0,0,5
Iliman Ndiaye,MID,Man City,4.2,a,,,,7.5,52,17,1,0,31,0,28.6,237,0.14,0.24,0.10,3.15,45,3,0,4.6,7.6,2026-09-20T13:00:00Z,74,False,20,0,0,0,0,5,0,784775,1,3,5,10.0,5,-147652,43488,191140,59,True,0,1,4,3,0,5
Geovany Quenda,MID,Chelsea,0.2,a,,100,100,0.0,530,214,0,0,3,0,1.8,164,0.01,0.04,0.03,1.20,41,2,0,0.8,0.4,2026-09-18T19:00:00Z,19,False,4,0,0,0,0,5,0,3422,0,0,3,6.0,1,-378,155,533,53,False,0,0,0,0,0,5
Darko Gyabi,MID,Hull City,0.0,i,Thigh injury - Unknown return date,0,0,0.0,574,237,0,0,0,0,0.0,297,0.00,0.00,0.00,0.00,46,0,0,0.0,0.0,2026-09-19T14:00:00Z,0,False,17,0,0,0,0,5,0,1875,0,1,2,0.0,0,-156,61,217,45,False,0,0,0,0,0,5
Matheus França de Oliveira,MID,Crystal Palace,0.0,u,Has joined Alverca on loan for the rest of the season,0,0,0.0,597,251,0,0,0,0,0.0,217,0.00,0.00,0.00,0.00,44,0,0,0.0,0.0,2026-09-20T13:00:00Z,0,False,13,0,0,0,0,5,0,1249,0,0,0,0.0,0,-675,0,675,49,False,0,0,0,0,0,5
Gabriel Fernando de Jesus,FWD,Arsenal,0.0,u,Has joined FC Barcelona permanently,0,0,0.2,364,56,0,0,0,0,0.0,27,0.00,0.00,0.00,0.00,42,0,0,0.0,0.0,2026-09-19T14:00:00Z,0,False,5,0,0,0,0,5,0,16588,0,0,3,0.0,0,-2292,0,2292,59,False,0,0,0,0,0,5
Ellery Balcombe,GK,Brentford,0.0,,,,,,,,0,0,0,0,0.0,661,0.00,0.00,0.00,0.00,41,0,0,0.0,0.0,2026-09-18T19:00:00Z,0,False,6,0,0,0,0,5,0,0,0,0,3,0.0,0,0,0,0,40,True,0,0,0,0,0,5
Nicolás Domínguez,MID,Nott'm Forest,0.2,a,,,,0.1,483,190,0,0,0,0,0.0,487,0.00,0.00,0.00,0.00,47,0,0,0.0,0.0,2026-09-19T16:30:00Z,0,False,7,0,0,0,0,5,0,6327,0,1,0,0.0,0,-459,254,713,49,True,0,0,0,0,0,5
Ainsley Maitland-Niles,DEF,Everton,6.5,a,,,,0.9,192,73,0,2,39,1,26.0,649,0.11,0.11,0.00,1.28,43,0,0,5.0,23.8,2026-09-19T14:00:00Z,90,False,12,0,0,0,0,5,0,111542,1,0,1,0.0,8,48006,54068,6062,45,True,0,5,8,3,3,5
Jordan Pickford,GK,Everton,4.2,a,,,,9.2,42,7,0,1,34,1,0.0,226,0.00,0.00,0.00,1.44,43,0,0,3.5,35.0,2026-09-19T14:00:00Z,90,False,12,0,0,0,0,5,4,1016911,1,0,1,0.0,8,36703,77729,41026,55,True,0,1,0,7,0,5
Antonín Kinský,GK,Spurs,4.0,a,,,,18.2,22,3,0,0,5,0,0.0,496,0.00,0.00,0.00,1.16,48,3,0,2.7,27.2,2026-09-19T11:30:00Z,90,False,2,0,0,0,0,5,3,1963942,1,3,2,0.0,2,-1315,95710,97025,45,True,0,0,0,5,0,5
Christos Mouzakitis,MID,Hull City,0.0,a,,,,0.0,620,265,0,0,0,0,0.0,645,0.00,0.00,0.00,0.00,46,0,0,0.0,0.0,2026-09-19T14:00:00Z,0,False,17,0,0,0,0,5,0,784,0,1,2,0.0,0,100,212,112,50,False,0,0,0,0,0,5
Lucas Estella Perri,GK,Leeds,0.0,u,Has joined Torino on loan for the rest of the season,0,0,0.3,282,38,0,0,0,0,0.0,326,0.00,0.00,0.00,0.00,44,0,0,0.0,0.0,2026-09-20T13:00:00Z,0,False,8,0,0,0,0,5,0,35299,0,0,0,0.0,0,-3459,0,3459,45,True,0,0,0,0,0,5
Reece James,DEF,Chelsea,0.8,d,Unspecified injury - 75% chance of playing,,75,6.9,56,22,0,0,0,0,0.0,142,0.00,0.00,0.00,0.00,41,0,0,0.0,0.0,2026-09-18T19:00:00Z,0,False,4,0,0,0,0,5,0,704792,0,0,3,0.0,0,-120634,18198,138832,54,False,0,0,0,0,0,5
Xavi Simons,MID,Spurs,0.0,i,Knee injury - Unknown return date,0,0,0.0,598,252,0,0,0,0,0.0,513,0.00,0.00,0.00,0.00,48,0,0,0.0,0.0,2026-09-19T11:30:00Z,0,False,2,0,0,0,0,5,0,1301,0,3,2,0.0,0,-71,51,122,59,True,0,0,0,0,0,5
Bruno Guimarães Rodriguez Moura,MID,Arsenal,2.0,a,,100,100,1.8,137,43,0,0,12,0,1.8,452,0.01,0.01,0.00,0.61,42,3,0,1.2,4.2,2026-09-19T14:00:00Z,59,False,5,0,0,0,0,5,0,192568,1,0,3,6.0,1,6316,16199,9883,67,False,0,2,6,4,0,5
Lucas Herrington,DEF,Hull City,1.0,a,,,,0.6,240,91,0,0,11,0,22.4,585,0.03,0.05,0.02,1.44,46,2,0,5.7,23.6,2026-09-19T14:00:00Z,90,False,17,0,0,0,0,5,0,63742,1,1,2,11.0,1,-136,3458,3594,40,False,0,7,8,5,1,5
Matty Cash,DEF,Aston Villa,1.4,a,,75,100,5.1,75,30,0,0,-7,0,3.1,32,0.00,0.00,0.00,0.92,48,2,0,0.7,4.0,2026-09-19T11:30:00Z,45,False,19,0,0,0,0,5,0,542880,0,3,2,0.0,-1,-105428,5264,110692,44,False,1,3,3,0,0,5
Jesurun Rak-Sakyi,MID,Crystal Palace,0.0,u,has joined  Kasimpasa on loan for the rest of the seaon.,0,0,0.0,637,277,0,0,0,0,0.0,219,0.00,0.00,0.00,0.00,44,0,0,0.0,0.0,2026-09-20T13:00:00Z,0,False,13,0,0,0,0,5,0,390,0,0,0,0.0,0,-101,0,101,49,False,0,0,0,0,0,5
Chris Richards,DEF,Crystal Palace,1.5,a,,,,0.6,235,89,0,0,29,1,0.5,202,0.01,0.01,0.00,1.31,44,0,0,2.3,22.6,2026-09-20T13:00:00Z,90,False,13,0,0,0,0,5,0,63648,1,0,0,0.0,8,-7644,1854,9498,50,False,0,8,10,3,2,5
Olivier Boscagli,DEF,Brighton,3.2,a,,,,0.3,304,113,0,0,24,1,5.2,114,0.02,0.03,0.01,1.63,42,0,0,2.0,13.0,2026-09-19T14:00:00Z,90,False,1,0,0,0,0,5,0,28873,1,0,3,2.0,6,-1117,1382,2499,45,True,0,5,7,2,2,5
Ismaïla Sarr,MID,Crystal Palace,0.0,a,,0,100,0.6,231,73,0,0,3,0,0.5,208,0.01,0.01,0.00,0.06,44,0,0,0.1,0.0,2026-09-20T13:00:00Z,8,False,13,0,0,0,0,5,0,67923,0,0,0,0.0,1,-10945,1443,12388,62,False,0,0,0,0,0,5
Mark Travers,GK,Everton,0.0,a,,,,0.0,513,58,0,0,0,0,0.0,227,0.00,0.00,0.00,0.00,43,0,0,0.0,0.0,2026-09-19T14:00:00Z,0,False,12,0,0,0,0,5,0,4152,0,0,1,0.0,0,114,576,462,50,True,0,0,0,0,0,5
Malick Yalcouyé,MID,Brighton,4.8,a,,,,4.0,83,29,0,0,9,0,10.3,605,0.18,0.22,0.04,0.14,42,0,0,1.9,2.2,2026-09-19T14:00:00Z,5,False,1,0,0,0,0,5,0,450411,0,0,3,6.0,1,87628,130693,43065,45,True,0,0,1,0,1,5
Taylor Harwood-Bellis,DEF,Aston Villa,0.0,a,,,,0.0,581,197,0,0,0,0,0.0,630,0.00,0.00,0.00,0.00,48,0,0,0.0,0.0,2026-09-19T11:30:00Z,0,False,19,0,0,0,0,5,0,1743,0,3,2,0.0,0,28,379,351,45,False,0,0,0,0,0,5
Kyran Thompson,MID,Newcastle,0.0,,,,,,,,0,0,0,0,0.0,666,0.00,0.00,0.00,0.00,46,0,0,0.0,0.0,2026-09-19T14:00:00Z,0,False,11,0,0,0,0,5,0,0,0,1,2,0.0,0,0,0,0,45,True,0,0,0,0,0,5
Timothy Castagne,DEF,Fulham,4.8,a,,,,0.8,200,77,0,0,3,0,5.2,258,0.01,0.01,0.00,1.60,50,1,0,2.8,20.6,2026-09-20T15:30:00Z,90,False,16,0,0,0,0,5,0,92417,1,1,1,2.0,1,6515,14129,7614,45,True,1,9,9,4,0,5
Murillo Costa dos Santos,DEF,Nott'm Forest,4.8,a,,100,100,2.2,124,50,0,0,16,0,24.3,472,0.08,0.15,0.07,0.67,47,1,0,6.3,30.0,2026-09-19T16:30:00Z,90,False,7,0,0,0,0,5,0,260474,1,1,0,9.0,4,50117,61530,11413,55,True,0,10,11,2,1,5
Walter Benítez,GK,Crystal Palace,0.5,a,,,,0.1,402,47,0,0,26,1,0.0,199,0.00,0.00,0.00,1.31,44,0,0,1.9,18.6,2026-09-20T13:00:00Z,90,False,13,0,0,0,0,5,2,12323,1,0,0,0.0,6,618,1413,795,45,False,0,1,0,4,0,5
Shumaira Mheuka,FWD,Chelsea,0.0,a,,,,0.5,254,42,0,0,0,0,0.0,169,0.00,0.00,0.00,0.00,41,0,0,0.0,0.0,2026-09-18T19:00:00Z,0,False,4,0,0,0,0,5,0,54118,0,0,3,0.0,0,3579,9469,5890,45,False,0,0,0,0,0,5
Tom Cairney,MID,Fulham,0.0,i,Knee injury - Expected back 10 Oct,0,0,0.0,642,282,0,0,0,0,0.0,266,0.00,0.00,0.00,0.00,50,0,0,0.0,0.0,2026-09-20T15:30:00Z,0,False,16,0,0,0,0,5,0,305,0,1,1,0.0,0,-46,15,61,49,True,0,0,0,0,0,5
Reiss Nelson,MID,Arsenal,0.0,u,has departed the club as a free agent.,0,0,0.0,635,276,0,0,0,0,0.0,24,0.00,0.00,0.00,0.00,42,0,0,0.0,0.0,2026-09-19T14:00:00Z,0,False,5,0,0,0,0,5,0,500,0,0,3,0.0,0,-66,0,66,55,False,0,0,0,0,0,5
Karl Darlow,GK,Man Utd,0.0,a,,100,100,0.0,507,57,0,0,0,0,0.0,325,0.00,0.00,0.00,0.00,50,0,0,0.0,0.0,2026-09-20T15:30:00Z,0,False,10,0,0,0,0,5,0,4302,0,1,1,0.0,0,-148,169,317,45,False,0,0,0,0,0,5
Vitor de Oliveira Nunes dos Reis,DEF,Man City,0.2,a,,,,0.0,529,185,0,0,0,0,0.0,396,0.00,0.00,0.00,0.00,45,0,0,0.0,0.0,2026-09-20T13:00:00Z,0,False,20,0,0,0,0,5,0,3479,0,3,5,0.0,0,-82,156,238,45,True,0,0,0,0,0,5
Ousmane Diomande,DEF,Nott'm Forest,1.2,a,,,,0.5,245,93,0,0,4,0,0.6,581,0.01,0.06,0.05,0.63,47,1,0,1.6,7.8,2026-09-19T16:30:00Z,72,False,7,0,0,0,0,5,0,59651,1,1,0,8.0,2,619,4010,3391,54,True,0,5,5,7,0,5
Wesley Fofana,DEF,Chelsea,1.0,a,,100,100,0.2,354,133,0,0,11,0,0.8,145,0.00,0.00,0.00,1.45,41,1,0,2.4,22.8,2026-09-18T19:00:00Z,70,False,4,0,0,0,0,5,0,18869,1,0,3,0.0,4,-112,3337,3449,50,False,0,13,15,4,2,5
Kevin Santos Lopes de Macedo,MID,Fulham,0.8,a,,,,0.0,506,202,0,0,6,0,0.1,263,0.00,0.04,0.04,0.49,50,1,0,2.2,5.2,2026-09-20T15:30:00Z,19,False,16,0,0,0,0,5,0,4353,0,1,1,17.0,1,-75,596,671,53,True,0,1,2,1,0,5
Elliot Stroud,MID,Hull City,1.8,a,,,,0.1,440,168,0,0,0,0,0.0,576,0.00,0.00,0.00,0.00,46,0,0,0.0,0.0,2026-09-19T14:00:00Z,0,False,17,0,0,0,0,5,0,8823,0,1,2,0.0,0,-208,701,909,50,False,0,0,0,0,0,5
Ian Maatsen,DEF,Aston Villa,2.2,d,Ankle injury - 25% chance of playing,,25,0.6,237,90,0,0,0,0,0.0,36,0.00,0.00,0.00,0.00,48,0,0,0.0,0.0,2026-09-19T11:30:00Z,0,False,19,0,0,0,0,5,0,58351,0,3,2,0.0,0,-30695,548,31243,45,False,0,0,0,0,0,5
Ibrahim Osman,MID,Brighton,0.8,a,,,,0.0,580,242,0,0,0,0,0.0,600,0.00,0.00,0.00,0.00,42,0,0,0.0,0.0,2026-09-19T14:00:00Z,0,False,1,0,0,0,0,5,0,1757,0,0,3,0.0,0,-93,148,241,50,True,0,0,0,0,0,5
Axel Disasi,DEF,Crystal Palace,0.2,s,Suspended until 25 Oct,,0,0.1,447,162,0,0,0,0,0.0,153,0.00,0.00,0.00,0.00,44,0,0,0.0,0.0,2026-09-20T13:00:00Z,0,False,13,0,0,0,0,5,0,7522,0,0,0,0.0,0,-5081,157,5238,45,False,0,0,0,0,0,5
Archie Gray,MID,Spurs,1.8,a,,,,0.2,346,123,0,0,14,0,3.1,522,0.01,0.15,0.14,1.12,48,3,0,3.1,10.8,2026-09-19T11:30:00Z,71,False,2,0,0,0,0,5,0,19727,0,3,2,17.0,2,-637,1629,2266,49,True,0,1,5,2,2,5
Ashley Phillips,DEF,Spurs,0.0,u,Has joined Middlesbrough permanently,0,0,0.0,594,202,0,0,0,0,0.0,507,0.00,0.00,0.00,0.00,48,0,0,0.0,0.0,2026-09-19T11:30:00Z,0,False,2,0,0,0,0,5,0,1372,0,3,2,0.0,0,-106,0,106,45,True,0,0,0,0,0,5
Marcus Tavernier,MID,Bournemouth,7.2,a,,,,6.2,62,21,0,0,14,0,19.1,68,0.11,0.11,0.00,1.40,49,1,0,3.4,10.8,2026-09-20T13:00:00Z,74,False,14,0,0,0,0,5,0,709800,1,1,0,4.0,2,257318,318303,60985,61,True,0,0,6,3,3,5
Jack Harrison,MID,Leeds,0.0,u,Has joined New England Revolution permanently,0,0,0.0,657,294,0,0,0,0,0.0,342,0.00,0.00,0.00,0.00,44,0,0,0.0,0.0,2026-09-20T13:00:00Z,0,False,8,0,0,0,0,5,0,60,0,0,0,0.0,0,-10,0,10,50,True,0,0,0,0,0,5
Yehor Yarmoliuk,MID,Brentford,1.5,a,,,,0.7,223,69,0,0,19,1,21.0,102,0.06,0.09,0.03,0.55,41,0,0,5.1,23.4,2026-09-18T19:00:00Z,68,False,6,0,0,0,0,5,0,72210,1,0,3,7.0,3,-7524,1926,9450,48,True,0,3,10,5,2,5
Jens Hjertø-Dahl,MID,Hull City,0.2,a,,,,0.1,487,192,0,0,0,0,0.0,574,0.00,0.00,0.00,0.00,46,0,0,0.0,0.0,2026-09-19T14:00:00Z,0,False,17,0,0,0,0,5,0,6046,0,1,2,0.0,0,-537,289,826,49,False,0,0,0,0,0,5
Yann Gboho,MID,Coventry City,2.0,a,,,,0.0,651,289,0,0,0,0,0.0,655,0.00,0.00,0.00,0.00,47,0,0,0.0,0.0,2026-09-19T16:30:00Z,0,False,18,0,0,0,0,5,0,195,0,1,0,0.0,0,91,133,42,55,False,0,0,0,0,0,5
Ryan Sessegnon,DEF,Fulham,0.8,d,Groin injury - 75% chance of playing,,75,0.3,299,108,0,0,0,0,0.0,269,0.00,0.00,0.00,0.00,50,0,0,0.0,0.0,2026-09-20T15:30:00Z,0,False,16,0,0,0,0,5,0,29229,0,1,1,0.0,0,-5062,228,5290,44,True,0,0,0,0,0,5
Azor Matusiwa,MID,Ipswich Town,0.0,a,,100,100,0.0,640,280,0,0,0,0,0.0,310,0.00,0.00,0.00,0.00,43,0,0,0.0,0.0,2026-09-19T14:00:00Z,0,False,9,0,0,0,0,5,0,330,0,0,1,0.0,0,15,51,36,49,False,0,0,0,0,0,5
Tammy Abraham,FWD,Aston Villa,0.8,a,,100,100,0.2,349,55,0,0,3,0,2.4,56,0.00,0.00,0.00,0.43,48,1,0,0.2,0.0,2026-09-19T11:30:00Z,2,False,19,0,0,0,0,5,0,19806,0,3,2,0.0,1,1415,4340,2925,55,False,0,0,0,0,0,5
Fábio Ferreira Vieira,MID,Arsenal,0.0,u,Has joined Hamburger SV permanently,0,0,0.0,628,270,0,0,0,0,0.0,23,0.00,0.00,0.00,0.00,42,0,0,0.0,0.0,2026-09-19T14:00:00Z,0,False,5,0,0,0,0,5,0,633,0,0,3,0.0,0,-88,0,88,55,False,0,0,0,0,0,5
Andrés García,DEF,Aston Villa,0.0,a,,,,1.6,147,59,0,0,0,0,0.0,38,0.00,0.00,0.00,0.00,48,0,0,0.0,0.0,2026-09-19T11:30:00Z,0,False,19,0,0,0,0,5,0,171537,0,3,2,0.0,0,-7021,7152,14173,40,False,0,0,0,0,0,5
Benjamin White,DEF,Arsenal,5.2,a,,100,100,5.6,71,28,0,0,0,0,0.0,10,0.00,0.00,0.00,0.00,42,0,0,0.0,0.0,2026-09-19T14:00:00Z,0,False,5,0,0,0,0,5,0,573621,0,0,3,0.0,0,-218227,21167,239394,55,False,0,0,0,0,0,5
Victor Munoz,MID,Liverpool,3.5,a,,,,1.0,182,59,0,0,7,0,11.0,377,0.06,0.06,0.00,0.14,49,0,0,1.7,5.8,2026-09-20T13:00:00Z,18,False,3,0,0,0,0,5,0,105157,0,1,0,0.0,1,-24989,5622,30611,65,False,0,1,3,1,1,5
Jaouen Hadjam,DEF,Brighton,0.0,a,,,,0.0,509,179,0,0,0,0,0.0,614,0.00,0.00,0.00,0.00,42,0,0,0.0,0.0,2026-09-19T14:00:00Z,0,False,1,0,0,0,0,5,0,4264,0,0,3,0.0,0,-93,513,606,45,True,0,0,0,0,0,5
Virgil van Dijk,DEF,Liverpool,4.2,a,,,,16.4,24,7,0,0,26,1,1.8,356,0.01,0.01,0.00,0.79,49,0,0,2.8,25.8,2026-09-20T13:00:00Z,90,False,3,0,0,0,0,5,0,1767010,1,1,0,0.0,8,-57021,34977,91998,65,False,0,13,13,2,0,5
Ben Wilson,GK,Coventry City,0.0,a,,,,0.4,277,37,0,0,0,0,0.0,172,0.00,0.00,0.00,0.00,47,0,0,0.0,0.0,2026-09-19T16:30:00Z,0,False,18,0,0,0,0,5,0,39278,0,1,0,0.0,0,-1300,436,1736,44,False,0,0,0,0,0,5
Tyler Fredricson,DEF,Man Utd,0.0,u,Has joined Lausanne-Sport permanently,0,0,0.0,596,203,0,0,0,0,0.0,425,0.00,0.00,0.00,0.00,50,0,0,0.0,0.0,2026-09-20T15:30:00Z,0,False,10,0,0,0,0,5,0,1329,0,1,1,0.0,0,-107,0,107,40,False,0,0,0,0,0,5
Josh Dasilva,MID,Brentford,0.0,i,Hamstring injury - Expected back 10 Oct,0,0,0.0,590,246,0,0,0,0,0.0,103,0.00,0.00,0.00,0.00,41,0,0,0.0,0.0,2026-09-18T19:00:00Z,0,False,6,0,0,0,0,5,0,1428,0,0,3,0.0,0,-282,11,293,49,True,0,0,0,0,0,5
Đorđe Petrović,GK,Bournemouth,1.8,a,,,,3.0,104,17,0,0,12,0,0.0,57,0.00,0.00,0.00,1.65,49,1,0,1.8,18.2,2026-09-20T13:00:00Z,90,False,14,0,0,0,0,5,2,325591,1,1,0,0.0,2,-19421,7119,26540,45,True,0,0,0,12,0,5
Dayann Méthalie,DEF,Sunderland,0.0,a,,100,100,0.0,618,210,0,0,-8,0,2.0,612,0.01,0.04,0.03,2.82,45,5,0,1.2,8.0,2026-09-20T13:00:00Z,90,False,15,0,0,0,0,5,0,834,1,3,5,2.0,-1,49,145,96,45,False,1,2,3,4,1,5
Issa Diop,DEF,Ipswich Town,2.0,a,,,,13.3,31,11,0,0,13,0,10.5,259,0.01,0.07,0.06,2.24,43,1,0,4.7,31.4,2026-09-19T14:00:00Z,90,False,9,0,0,0,0,5,0,1423347,1,0,1,5.0,4,-93272,19674,112946,40,False,0,10,10,4,0,5
Victor Lindelöf,DEF,Aston Villa,1.8,a,,,,0.3,286,104,0,0,1,0,10.0,37,0.00,0.00,0.00,1.56,48,2,0,2.9,18.8,2026-09-19T11:30:00Z,90,False,19,0,0,0,0,5,0,33907,1,3,2,0.0,1,-415,3502,3917,45,False,0,6,6,2,0,5
Keane Lewis-Potter,MID,Brentford,4.8,a,,,,1.8,135,42,0,0,15,1,15.1,86,0.01,0.16,0.15,0.70,41,0,0,5.8,19.0,2026-09-18T19:00:00Z,80,False,6,0,0,0,0,5,0,187862,1,0,3,24.0,3,-36251,6251,42502,55,True,0,5,9,3,1,5
Lucas Bergvall,MID,Spurs,0.5,a,,,,0.1,369,132,0,0,3,0,0.9,520,0.01,0.01,0.00,0.07,48,0,0,0.6,3.0,2026-09-19T11:30:00Z,6,False,2,0,0,0,0,5,0,15731,0,3,2,2.0,1,-913,344,1257,54,True,0,0,1,0,1,5
Tom King,GK,Everton,0.0,a,,,,0.0,503,56,0,0,0,0,0.0,228,0.00,0.00,0.00,0.00,43,0,0,0.0,0.0,2026-09-19T14:00:00Z,0,False,12,0,0,0,0,5,0,4710,0,0,1,0.0,0,-53,243,296,45,True,0,0,0,0,0,5
Jayden Bogle,DEF,Leeds,9.2,a,,,,5.5,72,29,0,0,14,1,2.0,330,0.00,0.07,0.07,0.66,44,0,0,1.3,0.0,2026-09-20T13:00:00Z,66,False,8,0,0,0,0,5,0,695534,1,0,0,11.0,5,366973,393603,26630,46,True,1,1,1,2,0,5
Thomas Meunier,DEF,Sunderland,2.8,a,,100,100,0.3,309,116,1,0,5,0,12.8,541,0.45,0.45,0.00,1.34,45,4,0,3.8,22.8,2026-09-20T13:00:00Z,78,False,15,0,0,0,0,5,0,28358,1,3,5,2.0,3,-1159,971,2130,45,False,0,2,4,3,2,5
Diego Coppola,DEF,Brighton,0.0,a,,,,0.0,570,195,0,0,0,0,0.0,117,0.00,0.00,0.00,0.00,42,0,0,0.0,0.0,2026-09-19T14:00:00Z,0,False,1,0,0,0,0,5,0,2071,0,0,3,0.0,0,-33,180,213,45,True,0,0,0,0,0,5
Toby Collyer,MID,Man Utd,0.0,u,Has joined West Brom permanently,0,0,0.0,605,257,0,0,0,0,0.0,436,0.00,0.00,0.00,0.00,50,0,0,0.0,0.0,2026-09-20T15:30:00Z,0,False,10,0,0,0,0,5,0,1099,0,1,1,0.0,0,-135,0,135,50,False,0,0,0,0,0,5
Alex Palmer,GK,Ipswich Town,0.0,a,,,,4.0,84,13,0,0,0,0,0.0,301,0.00,0.00,0.00,0.00,43,0,0,0.0,0.0,2026-09-19T14:00:00Z,0,False,9,0,0,0,0,5,0,432976,0,0,1,0.0,0,-10957,9183,20140,40,False,0,0,0,0,0,5
Jack Grealish,MID,Everton,0.8,a,,100,100,0.4,262,86,0,0,22,1,57.6,238,0.30,0.30,0.00,1.06,43,0,0,7.7,11.2,2026-09-19T14:00:00Z,78,False,12,0,0,0,0,5,0,48806,1,0,1,8.0,3,4275,10313,6038,65,True,0,0,7,7,0,5
Milos Kerkez,DEF,Liverpool,1.8,a,,,,2.3,119,48,0,0,22,1,2.3,358,0.01,0.06,0.05,0.79,49,0,0,1.4,9.8,2026-09-20T13:00:00Z,90,False,3,0,0,0,0,5,0,246708,1,1,0,2.0,6,-40437,3035,43472,54,False,0,6,7,2,1,5
Marcos Senesi Barón,DEF,Spurs,0.8,a,,,,3.8,89,34,0,0,0,0,0.0,498,0.00,0.00,0.00,0.00,48,0,0,0.0,0.0,2026-09-19T11:30:00Z,0,False,2,0,0,0,0,5,0,403044,0,3,2,0.0,0,-70189,2509,72698,58,True,0,0,0,0,0,5
Rayan Cherki,MID,Man City,6.5,a,,,,28.1,8,4,0,1,35,0,43.6,399,0.13,0.26,0.13,3.18,45,3,1,11.3,42.8,2026-09-20T13:00:00Z,84,False,20,0,0,0,0,5,0,3041594,1,3,5,27.0,8,-126234,163004,289238,78,True,0,2,5,3,0,5
Chido Obi,FWD,Man Utd,0.0,u,Has joined Willem II on loan for the rest of the season,,0,1.1,178,27,0,0,0,0,0.0,441,0.00,0.00,0.00,0.00,50,0,0,0.0,0.0,2026-09-20T15:30:00Z,0,False,10,0,0,0,0,5,0,111907,0,1,1,0.0,0,-16201,5061,21262,45,False,0,0,0,0,0,5
John McGinn,MID,Aston Villa,2.8,a,,,,2.2,123,38,1,0,19,1,33.5,45,0.04,0.04,0.00,0.78,48,0,0,5.7,23.0,2026-09-19T11:30:00Z,83,False,19,0,0,0,0,5,0,240695,1,3,2,0.0,6,-5772,18814,24586,54,False,0,2,6,4,0,5
Daniel Muñoz Mejía,DEF,Nott'm Forest,0.8,a,,,,6.1,65,27,0,0,5,0,3.8,201,0.02,0.14,0.12,0.67,47,1,0,2.3,4.0,2026-09-19T16:30:00Z,82,False,7,0,0,0,0,5,0,706118,1,1,0,15.0,2,48095,100431,52336,54,True,0,2,3,3,1,5
Fábio Freitas Gouveia Carvalho,MID,Brentford,0.0,a,,100,100,0.0,566,235,0,0,23,0,0.3,100,0.00,0.43,0.43,0.13,41,0,1,6.7,33.2,2026-09-18T19:00:00Z,3,False,6,0,0,0,0,5,0,2231,0,0,3,33.0,6,-77,265,342,50,True,0,0,0,0,0,5
Alex Cairns,GK,Leeds,0.0,a,,,,0.2,325,39,0,0,0,0,0.0,625,0.00,0.00,0.00,0.00,44,0,0,0.0,0.0,2026-09-20T13:00:00Z,0,False,8,0,0,0,0,5,0,23234,0,0,0,0.0,0,2006,3467,1461,40,True,0,0,0,0,0,5
Bukayo Saka,MID,Arsenal,7.5,a,,,,13.0,32,12,0,0,14,0,46.8,12,0.55,0.89,0.34,1.00,42,3,0,9.9,15.8,2026-09-19T14:00:00Z,80,False,5,0,0,0,0,5,0,1461185,1,0,3,36.0,2,156317,221246,64929,95,False,0,0,2,1,1,5
Quinten Timber,MID,Crystal Palace,3.0,a,,,,0.0,532,216,0,0,13,1,24.0,644,0.03,0.15,0.12,1.31,44,0,0,3.8,8.4,2026-09-20T13:00:00Z,90,False,13,0,0,0,0,5,0,3505,1,0,0,6.0,3,782,1410,628,50,False,0,2,5,1,2,5
Curtis Jones,MID,Liverpool,0.0,u,Has joined Internazionale permanently,0,0,0.0,562,234,0,0,0,0,0.0,373,0.00,0.00,0.00,0.00,49,0,0,0.0,0.0,2026-09-20T13:00:00Z,0,False,3,0,0,0,0,5,0,2382,0,1,0,0.0,0,-157,0,157,55,False,0,0,0,0,0,5
Óscar Zambrano,MID,Hull City,0.0,a,,100,100,0.1,426,162,0,0,0,0,0.0,294,0.00,0.00,0.00,0.00,46,0,0,0.0,0.0,2026-09-19T14:00:00Z,0,False,17,0,0,0,0,5,0,10217,0,1,2,0.0,0,63,1214,1151,45,False,0,0,0,0,0,5
Brennan Johnson,MID,Everton,1.5,a,,,,0.1,384,141,0,0,6,1,0.6,209,0.00,0.82,0.82,1.06,43,0,0,1.0,0.0,2026-09-19T14:00:00Z,65,False,12,0,0,0,0,5,0,13882,1,0,1,10.0,3,847,2308,1461,59,True,0,1,8,4,3,5
Luc De Fougerolles,DEF,Fulham,0.0,u,has joined  Real Salt Lake on loan for the rest of the seaon.,0,0,0.1,454,163,0,0,0,0,0.0,610,0.00,0.00,0.00,0.00,50,0,0,0.0,0.0,2026-09-20T15:30:00Z,0,False,16,0,0,0,0,5,0,7831,0,1,1,0.0,0,-1168,0,1168,40,True,0,0,0,0,0,5
Dillon Phillips,GK,Hull City,0.0,a,,,,1.4,154,24,0,0,0,0,0.0,273,0.00,0.00,0.00,0.00,46,0,0,0.0,0.0,2026-09-19T14:00:00Z,0,False,17,0,0,0,0,5,0,154014,0,1,2,0.0,0,-1640,5096,6736,40,False,0,0,0,0,0,5
Ilyas Ansah,FWD,Hull City,0.0,i,Back injury - Unknown return date,0,0,0.0,537,73,0,0,0,0,0.0,632,0.00,0.00,0.00,0.00,46,0,0,0.0,0.0,2026-09-19T14:00:00Z,0,False,17,0,0,0,0,5,0,3032,0,1,2,0.0,0,-1167,151,1318,50,False,0,0,0,0,0,5
David Akintola,MID,Hull City,0.0,u,Has joined Omonoia FC permanently,0,0,0.0,549,226,0,0,0,0,0.0,296,0.00,0.00,0.00,0.00,46,0,0,0.0,0.0,2026-09-19T14:00:00Z,0,False,17,0,0,0,0,5,0,2690,0,1,2,0.0,0,-1213,0,1213,50,False,0,0,0,0,0,5
Jacob Greaves,DEF,Ipswich Town,0.8,a,,,,1.1,171,66,0,0,0,0,0.0,306,0.00,0.00,0.00,0.00,43,0,0,0.0,0.0,2026-09-19T14:00:00Z,0,False,9,0,0,0,0,5,0,121588,0,0,1,0.0,0,-6269,1426,7695,40,False,0,0,0,0,0,5
Samuel Iling-Junior,MID,Aston Villa,0.0,u,Has joined Bolton Wanderers on loan for the rest of the season,0,0,0.0,652,290,0,0,0,0,0.0,49,0.00,0.00,0.00,0.00,48,0,0,0.0,0.0,2026-09-19T11:30:00Z,0,False,19,0,0,0,0,5,0,169,0,3,2,0.0,0,-20,0,20,50,False,0,0,0,0,0,5
Kaye Furo,FWD,Brentford,0.0,i,Unspecified injury - Unknown return date,,0,1.0,184,28,0,0,0,0,0.0,107,0.00,0.00,0.00,0.00,41,0,0,0.0,0.0,2026-09-18T19:00:00Z,0,False,6,0,0,0,0,5,0,104422,0,0,3,0.0,0,-13858,6535,20393,45,True,0,0,0,0,0,5
Mateo Joseph Fernández-Regatillo,FWD,Leeds,0.0,i,Knee injury - Unknown return date,0,0,0.1,493,69,0,0,0,0,0.0,349,0.00,0.00,0.00,0.00,44,0,0,0.0,0.0,2026-09-20T13:00:00Z,0,False,8,0,0,0,0,5,0,5721,0,0,0,0.0,0,-70,739,809,45,True,0,0,0,0,0,5
Noussair Mazraoui,DEF,Man Utd,0.8,a,,,,0.5,249,94,0,0,0,0,0.0,422,0.00,0.00,0.00,0.00,50,0,0,0.0,0.0,2026-09-20T15:30:00Z,0,False,10,0,0,0,0,5,0,55791,0,1,1,0.0,0,-5332,2584,7916,44,False,0,0,0,0,0,5
Saša Lukić,MID,Ipswich Town,2.2,a,,,,0.1,414,154,0,0,14,0,16.8,267,0.25,0.25,0.00,1.76,43,1,0,2.6,9.6,2026-09-19T14:00:00Z,72,False,9,0,0,0,0,5,0,10737,1,0,1,0.0,2,-916,469,1385,50,False,0,2,6,3,1,5
Harry Wilson,MID,Leeds,1.2,a,,,,2.3,122,37,0,0,0,0,0.0,260,0.00,0.00,0.00,0.00,44,0,0,0.0,0.0,2026-09-20T13:00:00Z,0,False,8,0,0,0,0,5,0,220557,0,0,0,0.0,0,-75090,3457,78547,62,True,0,0,0,0,0,5
Trey Nyoni,MID,Liverpool,0.5,a,,,,0.0,510,204,0,0,3,0,0.6,375,0.00,0.00,0.00,0.14,49,0,0,1.0,9.6,2026-09-20T13:00:00Z,19,False,3,0,0,0,0,5,0,4129,0,1,0,0.0,1,-350,188,538,49,False,0,5,5,0,0,5
Andrey Nascimento dos Santos,MID,Man Utd,1.0,a,,,,0.6,232,74,0,0,0,0,0.0,162,0.00,0.00,0.00,0.00,50,0,0,0.0,0.0,2026-09-20T15:30:00Z,0,False,10,0,0,0,0,5,0,64624,0,1,1,0.0,0,-9593,2868,12461,48,False,0,0,0,0,0,5
Habib Diarra,MID,Sunderland,0.0,i,Hamstring injury - Unknown return date,0,0,0.0,551,228,0,0,0,0,0.0,543,0.00,0.00,0.00,0.00,45,0,0,0.0,0.0,2026-09-20T13:00:00Z,0,False,15,0,0,0,0,5,0,2684,0,3,5,0.0,0,-660,12,672,54,False,0,0,0,0,0,5
Daizen Maeda,MID,Ipswich Town,1.8,a,,,,0.2,316,112,0,0,5,0,0.3,562,0.01,0.01,0.00,0.48,43,0,0,0.7,2.2,2026-09-19T14:00:00Z,16,False,9,0,0,0,0,5,0,25203,0,0,1,4.0,1,-4147,224,4371,54,False,0,0,1,0,1,5
Hayden Hackney,MID,Everton,2.2,a,,100,100,0.2,338,119,0,0,3,0,0.1,247,0.00,0.00,0.00,0.16,43,0,0,0.0,0.2,2026-09-19T14:00:00Z,1,False,12,0,0,0,0,5,0,20687,0,0,1,0.0,1,-1236,726,1962,55,True,0,0,0,0,0,5
Marcus Bettinelli,GK,Man City,0.0,a,,,,0.0,548,62,0,0,0,0,0.0,386,0.00,0.00,0.00,0.00,45,0,0,0.0,0.0,2026-09-20T13:00:00Z,0,False,20,0,0,0,0,5,0,2873,0,3,5,0.0,0,-106,80,186,45,True,0,0,0,0,0,5
Caoimhín Kelleher,GK,Brentford,3.5,a,,,,6.1,66,9,0,0,27,1,0.0,82,0.00,0.00,0.00,0.83,41,0,0,1.6,16.4,2026-09-18T19:00:00Z,90,False,6,0,0,0,0,5,2,649762,1,0,3,0.0,6,-53924,9126,63050,50,True,0,2,0,8,0,5
Eberechi Eze,MID,Arsenal,0.8,a,,,,1.1,175,56,0,0,5,0,2.1,14,0.02,0.02,0.00,0.54,42,0,0,0.7,1.2,2026-09-19T14:00:00Z,17,False,5,0,0,0,0,5,0,113499,0,0,3,4.0,1,-15015,3026,18041,63,False,0,0,0,0,0,5
Michael Svoboda,DEF,Brighton,0.0,a,,,,0.1,492,174,0,0,5,0,0.0,120,0.00,0.00,0.00,0.14,42,0,0,0.2,2.4,2026-09-19T14:00:00Z,4,False,1,0,0,0,0,5,0,5657,0,0,3,0.0,1,-310,647,957,50,True,0,0,1,1,1,5
Carlos Alcaraz Durán,MID,Everton,0.2,a,,,,0.1,452,175,0,0,0,0,0.0,243,0.00,0.00,0.00,0.00,43,0,0,0.0,0.0,2026-09-19T14:00:00Z,0,False,12,0,0,0,0,5,0,7950,0,0,1,0.0,0,-492,539,1031,49,True,0,0,0,0,0,5
Cody Gakpo,MID,Liverpool,5.4,a,,75,100,12.6,33,13,0,0,13,1,43.0,367,0.49,0.69,0.20,0.79,49,0,0,6.6,15.8,2026-09-20T13:00:00Z,90,False,3,0,0,0,0,5,0,1383393,1,1,0,7.0,3,19543,175676,156133,72,False,0,2,5,1,2,5
Nordi Mukiele,DEF,Sunderland,3.2,a,,100,100,2.0,129,52,0,0,5,0,30.5,533,0.23,0.28,0.05,2.82,45,5,0,7.2,30.2,2026-09-20T13:00:00Z,90,False,15,0,0,0,0,5,0,207085,1,3,5,11.0,0,-23536,5413,28949,54,False,0,5,9,3,4,5
Tyrone Mings,DEF,Aston Villa,1.8,a,,,,0.4,272,98,0,0,10,0,0.6,33,0.00,0.00,0.00,1.56,48,2,0,2.8,27.4,2026-09-19T11:30:00Z,90,False,19,0,0,0,0,5,0,41769,1,3,2,0.0,3,-1624,3533,5157,45,False,0,12,13,3,1,5
Jun'ai Byfield,DEF,Spurs,0.0,a,,,,0.1,479,171,0,0,0,0,0.0,509,0.00,0.00,0.00,0.00,48,0,0,0.0,0.0,2026-09-19T11:30:00Z,0,False,2,0,0,0,0,5,0,6772,0,3,2,0.0,0,-17,556,573,40,True,0,0,0,0,0,5
Paddy McNair,DEF,Hull City,0.2,a,,100,100,0.1,396,148,0,0,0,0,0.0,285,0.00,0.00,0.00,0.00,46,0,0,0.0,0.0,2026-09-19T14:00:00Z,0,False,17,0,0,0,0,5,0,12664,0,1,2,0.0,0,-192,725,917,40,False,0,0,0,0,0,5
Enzo Fernández,MID,Man City,1.5,a,,,,3.5,95,33,0,0,33,0,21.2,155,0.26,0.30,0.04,3.57,45,3,1,7.0,39.8,2026-09-20T13:00:00Z,90,False,20,0,0,0,0,5,0,380480,1,3,5,9.0,7,23625,56551,32926,69,True,0,1,5,4,0,5
Tosin Adarabioyo,DEF,Spurs,0.2,a,,,,0.2,365,139,0,0,0,0,0.0,147,0.00,0.00,0.00,0.00,48,0,0,0.0,0.0,2026-09-19T11:30:00Z,0,False,2,0,0,0,0,5,0,16621,0,3,2,0.0,0,-600,437,1037,44,True,0,0,0,0,0,5
Omar Alderete,DEF,Sunderland,0.2,a,,100,100,0.2,313,117,0,0,0,0,0.0,535,0.00,0.00,0.00,0.00,45,0,0,0.0,0.0,2026-09-20T13:00:00Z,0,False,15,0,0,0,0,5,0,25847,0,3,5,0.0,0,-3936,280,4216,49,False,0,0,0,0,0,5
Omari Hutchinson,MID,Nott'm Forest,0.0,u,Has joined AC Milan on loan for the rest of the season,0,0,0.1,450,174,0,0,0,0,0.0,484,0.00,0.00,0.00,0.00,47,0,0,0.0,0.0,2026-09-19T16:30:00Z,0,False,7,0,0,0,0,5,0,7897,0,1,0,0.0,0,-1093,0,1093,54,True,0,0,0,0,0,5
Sean Neave,FWD,Newcastle,0.0,u,Has joined Wolves on loan for the rest of the season,0,0,0.5,244,39,0,0,0,0,0.0,466,0.00,0.00,0.00,0.00,46,0,0,0.0,0.0,2026-09-19T14:00:00Z,0,False,11,0,0,0,0,5,0,58232,0,1,2,0.0,0,-9244,0,9244,45,True,0,0,0,0,0,5
Pep Chavarría,DEF,Chelsea,1.0,a,,,,0.1,368,141,0,0,7,0,27.2,583,0.04,0.08,0.04,2.65,41,3,0,4.9,17.6,2026-09-18T19:00:00Z,90,False,4,0,0,0,0,5,0,16124,1,0,3,4.0,1,-1145,529,1674,49,False,0,6,9,3,3,5
Matheus Santos Carneiro da Cunha,MID,Man Utd,4.0,a,,,,5.8,67,23,0,3,32,0,35.2,428,0.39,0.44,0.05,1.62,50,1,1,10.4,42.4,2026-09-20T15:30:00Z,90,False,10,0,0,0,0,5,0,620030,1,1,1,26.0,10,-75494,11557,87051,79,False,0,1,3,2,0,5
Anthony Elanga,MID,Newcastle,4.5,i,Unspecified injury - Unknown return date,,0,6.8,57,19,0,0,0,0,0.0,454,0.00,0.00,0.00,0.00,46,0,0,0.0,0.0,2026-09-19T14:00:00Z,0,False,11,0,0,0,0,5,0,616024,0,1,2,0.0,0,-564623,53653,618276,62,True,0,0,0,0,0,5
Bruno Borges Fernandes,MID,Man Utd,7.2,a,,,,40.4,5,1,0,0,15,0,58.8,426,0.19,0.47,0.28,1.62,50,1,0,8.6,14.0,2026-09-20T15:30:00Z,90,False,10,0,0,0,0,5,0,4318751,1,1,1,13.0,2,-282231,68228,350459,120,False,0,0,6,5,1,5
Erling Haaland,FWD,Man City,8.2,a,,,,73.1,1,1,0,0,25,0,2.0,411,0.02,1.11,1.09,3.57,45,3,1,8.8,28.6,2026-09-20T13:00:00Z,90,False,20,0,0,0,0,5,0,7989349,1,3,5,57.0,6,172491,196912,24421,156,True,0,2,2,0,0,5
Konstantinos Tzolakis,GK,Hull City,7.0,a,,,,11.3,37,5,0,0,16,0,0.0,572,0.00,0.00,0.00,1.44,46,2,0,4.8,48.2,2026-09-19T14:00:00Z,90,False,17,0,0,1,0,5,3,1243266,1,1,2,0.0,6,108104,162718,54614,46,False,1,0,0,11,1,5
Ezri Konsa Ngoyo,DEF,Arsenal,2.8,a,,,,18.7,20,5,0,0,2,0,12.3,31,0.01,0.24,0.23,1.31,42,3,0,3.3,10.6,2026-09-19T14:00:00Z,90,False,5,0,0,0,0,5,0,2062931,1,0,3,10.0,1,277564,343094,65530,45,False,0,4,4,3,0,5
Dan Bentley,GK,Coventry City,0.0,a,,,,0.6,242,35,0,0,0,0,0.0,623,0.00,0.00,0.00,0.00,47,0,0,0.0,0.0,2026-09-19T16:30:00Z,0,False,18,0,0,0,0,5,0,66230,0,1,0,0.0,0,10344,13315,2971,40,False,0,0,0,0,0,5
Sebastiaan Bornauw,DEF,Leeds,0.0,u,Has joined Hamburg SV on loan for the rest of the season,0,0,0.0,646,214,0,0,0,0,0.0,333,0.00,0.00,0.00,0.00,44,0,0,0.0,0.0,2026-09-20T13:00:00Z,0,False,8,0,0,0,0,5,0,219,0,0,0,0.0,0,-22,0,22,45,True,0,0,0,0,0,5
Hugo Ekitiké,FWD,Liverpool,0.0,i,Achilles injury - Unknown return date,0,0,0.1,407,60,0,0,0,0,0.0,380,0.00,0.00,0.00,0.00,49,0,0,0.0,0.0,2026-09-20T13:00:00Z,0,False,3,0,0,0,0,5,0,11579,0,1,0,0.0,0,-790,393,1183,74,False,0,0,0,0,0,5
Tom Watson,MID,Brighton,0.0,u,Has joined Leicester City on loan for the rest of the season,0,0,0.0,656,293,0,0,0,0,0.0,133,0.00,0.00,0.00,0.00,42,0,0,0.0,0.0,2026-09-19T14:00:00Z,0,False,1,0,0,0,0,5,0,112,0,0,3,0.0,0,-10,0,10,50,True,0,0,0,0,0,5
El Hadji Malick Diouf,DEF,Brentford,0.3,a,,,,0.1,433,158,0,0,3,0,0.3,620,0.00,0.00,0.00,0.13,41,0,0,0.3,2.2,2026-09-18T19:00:00Z,9,False,6,0,0,0,0,5,0,9701,0,0,3,0.0,1,-593,1079,1672,45,True,0,1,1,0,0,5
Abu Kamara,MID,Hull City,0.0,u,Has joined Portsmouth permanently,0,0,0.0,649,287,0,0,0,0,0.0,293,0.00,0.00,0.00,0.00,46,0,0,0.0,0.0,2026-09-19T14:00:00Z,0,False,17,0,0,0,0,5,0,193,0,1,2,0.0,0,-22,0,22,50,False,0,0,0,0,0,5
Pau Torres,DEF,Aston Villa,0.8,d,Hamstring injury - 75% chance of playing,,75,0.3,280,103,0,0,0,0,0.0,34,0.00,0.00,0.00,0.00,48,0,0,0.0,0.0,2026-09-19T11:30:00Z,0,False,19,0,0,0,0,5,0,34289,0,3,2,0.0,0,-9138,237,9375,45,False,0,0,0,0,0,5
Bradley Burrowes,MID,Aston Villa,0.0,a,,,,0.6,236,77,0,0,0,0,0.0,50,0.00,0.00,0.00,0.00,48,0,0,0.0,0.0,2026-09-19T11:30:00Z,0,False,19,0,0,0,0,5,0,63804,0,3,2,0.0,0,-5269,1961,7230,45,False,0,0,0,0,0,5
Sam Szmodics,MID,Ipswich Town,0.0,u,Has joined Derby County on loan for the rest of the season,0,0,0.0,643,283,0,0,0,0,0.0,319,0.00,0.00,0.00,0.00,43,0,0,0.0,0.0,2026-09-19T14:00:00Z,0,False,9,0,0,0,0,5,0,295,0,0,1,0.0,0,-60,0,60,50,False,0,0,0,0,0,5
Alexander Isak,FWD,Liverpool,6.2,a,,,,21.8,15,4,0,3,31,1,13.4,379,0.02,0.77,0.75,0.66,49,0,1,7.7,32.6,2026-09-20T13:00:00Z,80,False,3,0,0,0,0,5,0,2350302,1,1,0,31.0,8,-103033,139899,242932,91,False,1,1,1,0,0,5
Jurriën Timber,DEF,Arsenal,0.1,a,,25,100,0.3,302,111,0,0,-6,0,2.3,5,0.02,0.02,0.00,0.61,42,3,0,0.7,4.2,2026-09-19T14:00:00Z,59,False,5,0,0,0,0,5,0,32012,1,0,3,0.0,0,16270,20088,3818,65,False,0,0,2,2,2,5
Sean Longstaff,MID,Leeds,0.5,a,,,,0.1,436,166,0,0,0,0,0.0,339,0.00,0.00,0.00,0.00,44,0,0,0.0,0.0,2026-09-20T13:00:00Z,0,False,8,0,0,0,0,5,0,9382,0,0,0,0.0,0,-977,466,1443,49,True,0,0,0,0,0,5
Christian Walton,GK,Ipswich Town,0.0,a,,,,0.4,271,36,0,0,10,0,0.0,300,0.01,0.01,0.00,2.24,43,1,0,1.2,12.0,2026-09-19T14:00:00Z,90,False,9,0,0,0,0,5,1,41812,1,0,1,0.0,2,-1343,763,2106,44,False,0,2,0,17,0,5
Jack Fletcher,MID,Man Utd,0.0,a,,,,0.0,603,255,0,0,0,0,0.0,434,0.00,0.00,0.00,0.00,50,0,0,0.0,0.0,2026-09-20T15:30:00Z,0,False,10,0,0,0,0,5,0,1151,0,1,1,0.0,0,-71,54,125,49,False,0,0,0,0,0,5
Sven Botman,DEF,Newcastle,2.8,a,,,,0.7,218,83,0,0,12,0,0.8,447,0.00,0.05,0.05,1.59,46,1,0,5.3,35.2,2026-09-19T14:00:00Z,90,False,11,0,0,0,0,5,0,76821,1,1,2,17.0,4,1958,8365,6407,50,True,0,17,18,1,1,5
Mateus Fernandes,MID,Spurs,1.5,a,,,,0.8,201,63,0,0,2,0,5.7,525,0.02,0.09,0.07,0.82,48,1,0,1.1,0.0,2026-09-19T11:30:00Z,45,False,2,0,0,0,0,5,0,89133,1,3,2,9.0,1,-11274,2671,13945,58,True,0,2,7,4,1,5
Rico Henry,DEF,Brentford,0.2,a,,,,0.2,339,128,0,0,0,0,0.0,89,0.00,0.00,0.00,0.00,41,0,0,0.0,0.0,2026-09-18T19:00:00Z,0,False,6,0,0,0,0,5,0,20442,0,0,3,0.0,0,-1238,410,1648,44,True,0,0,0,0,0,5
Ryan Giles,DEF,Hull City,6.0,a,,,,2.8,107,42,0,0,-1,0,38.8,282,0.08,0.08,0.00,1.44,46,2,0,5.1,12.2,2026-09-19T14:00:00Z,90,False,17,0,0,0,0,5,0,326502,1,1,2,0.0,0,118366,141201,22835,40,False,1,4,5,2,1,5
Joško Gvardiol,DEF,Man City,8.2,a,,,,25.5,10,2,1,0,22,0,11.4,391,0.63,0.63,0.00,3.57,45,3,0,4.7,34.0,2026-09-20T13:00:00Z,90,False,20,0,0,0,0,5,0,2895075,1,3,5,2.0,4,548451,589540,41089,57,True,0,7,7,6,0,5
Joel Latibeaudiere,DEF,Coventry City,0.0,a,,,,0.0,514,180,0,0,3,0,0.0,179,0.00,0.00,0.00,0.02,47,0,0,0.7,7.0,2026-09-19T16:30:00Z,1,False,18,0,0,0,0,5,0,3922,0,1,0,0.0,1,-170,155,325,40,False,0,2,2,0,0,5
Jahnoah Markelo,FWD,Coventry City,0.0,u,Has joined Shabab Al-Ahli Dubai permanently,0,0,0.0,624,76,0,0,0,0,0.0,196,0.00,0.00,0.00,0.00,47,0,0,0.0,0.0,2026-09-19T16:30:00Z,0,False,18,0,0,0,0,5,0,704,0,1,0,0.0,0,-105,0,105,50,False,0,0,0,0,0,5
Nilson Angulo,MID,Sunderland,3.0,a,,,,0.1,391,144,1,0,13,0,11.7,551,0.01,0.46,0.45,0.75,45,4,0,4.6,21.4,2026-09-20T13:00:00Z,59,False,15,0,0,0,0,5,0,12830,1,3,5,13.0,4,-1429,718,2147,50,False,0,3,4,1,0,5
Reinildo Mandava,DEF,Sunderland,1.8,s,Suspended until 10 Oct,,0,0.3,300,109,0,0,0,0,0.0,536,0.00,0.00,0.00,0.00,45,0,0,0.0,0.0,2026-09-20T13:00:00Z,0,False,15,0,0,0,0,5,0,28357,0,3,5,0.0,0,-9631,136,9767,45,False,0,0,0,0,0,5
Rodrigo Bentancur,MID,Spurs,2.8,a,,,,0.2,350,126,0,0,15,0,6.3,516,0.04,0.04,0.00,1.10,48,3,0,2.7,19.0,2026-09-19T11:30:00Z,83,False,2,0,0,0,0,5,0,19246,1,3,2,2.0,4,497,2106,1609,55,True,0,3,17,8,6,5
Jacob Ramsey,MID,Newcastle,1.8,i,Thigh injury - Unknown return date,,0,0.3,293,101,0,0,0,0,0.0,456,0.00,0.00,0.00,0.00,46,0,0,0.0,0.0,2026-09-19T14:00:00Z,0,False,11,0,0,0,0,5,0,30346,0,1,2,0.0,0,-8206,1789,9995,49,True,0,0,0,0,0,5
Jordan Henderson,MID,Chelsea,0.0,d,Wrist injury - 50% chance of playing,0,50,0.0,552,229,0,0,16,0,10.4,101,0.08,0.08,0.00,2.65,41,3,0,2.7,16.6,2026-09-18T19:00:00Z,90,False,4,0,0,0,0,5,0,2692,1,0,3,0.0,2,-383,45,428,49,False,0,2,10,7,1,5
Jake O'Brien,DEF,Everton,0.2,a,,,,0.3,296,106,0,0,3,0,0.0,232,0.00,0.00,0.00,0.16,43,0,0,0.2,2.0,2026-09-19T14:00:00Z,1,False,12,0,0,0,0,5,0,31104,0,0,1,0.0,1,-1516,1257,2773,49,True,0,1,1,1,0,5
Marco Bizot,GK,Aston Villa,0.2,d,Back injury - 75% chance of playing,,75,0.1,386,43,0,0,0,0,0.0,29,0.00,0.00,0.00,0.00,48,0,0,0.0,0.0,2026-09-19T11:30:00Z,0,False,19,0,0,0,0,5,0,13259,0,3,2,0.0,0,-1076,416,1492,45,False,0,0,0,0,0,5
João Pedro Junqueira de Jesus,FWD,Chelsea,8.2,d,Unspecified injury - 75% chance of playing,,75,70.5,2,2,0,0,0,0,0.0,165,0.00,0.00,0.00,0.00,41,0,0,0.0,0.0,2026-09-18T19:00:00Z,0,False,4,0,0,0,0,5,0,7300631,0,0,3,0.0,0,-487412,261391,748803,78,False,0,0,0,0,0,5
Zadok Yohanna,MID,Brighton,0.0,i,Unspecified injury - Expected back 10 Oct,0,0,0.0,512,206,0,0,0,0,0.0,135,0.00,0.00,0.00,0.00,42,0,0,0.0,0.0,2026-09-19T14:00:00Z,0,False,1,0,0,0,0,5,0,3954,0,0,3,0.0,0,-1161,35,1196,49,True,0,0,0,0,0,5
Jefferson Lerma Solís,MID,Crystal Palace,0.2,a,,,,0.1,449,173,0,0,3,0,0.5,213,0.00,0.26,0.26,0.77,44,0,0,2.7,15.4,2026-09-20T13:00:00Z,45,False,13,0,0,0,0,5,0,7985,0,0,0,11.0,0,-677,179,856,49,False,1,6,11,3,2,5
Leon Bailey,MID,Aston Villa,0.0,u,Has joined Olympiakos permanently,0,0,0.1,486,191,0,0,0,0,0.0,44,0.00,0.00,0.00,0.00,48,0,0,0.0,0.0,2026-09-19T11:30:00Z,0,False,19,0,0,0,0,5,0,6080,0,3,2,0.0,0,-1648,0,1648,54,False,0,0,0,0,0,5
Daniel Jebbison,FWD,Bournemouth,0.5,a,,,,0.1,408,61,0,0,3,0,0.8,608,0.00,0.00,0.00,0.25,49,0,0,0.5,0.2,2026-09-20T13:00:00Z,15,False,14,0,0,0,0,5,0,11675,0,1,0,4.0,1,-62,1986,2048,50,True,0,0,0,0,0,5
David Raya Martín,GK,Arsenal,7.2,a,,,,41.1,4,1,0,0,6,0,0.0,1,0.00,0.00,0.00,1.31,42,3,0,2.1,20.6,2026-09-19T14:00:00Z,90,False,5,0,0,0,0,5,2,4487209,1,0,3,0.0,1,212570,279598,67028,60,False,0,0,0,14,1,5
Joe Rodon,DEF,Leeds,0.0,i,Hamstring injury - Expected back 21 Nov,0,0,0.9,193,74,0,0,0,0,0.0,329,0.00,0.00,0.00,0.00,44,0,0,0.0,0.0,2026-09-20T13:00:00Z,0,False,8,0,0,0,0,5,0,89396,0,0,0,0.0,0,-34904,56,34960,44,True,0,0,0,0,0,5
Mahdi Nicoll-Jazuli,MID,Chelsea,0.0,,,,,,,,0,0,5,0,1.7,662,0.00,0.00,0.00,0.43,41,1,0,0.6,4.6,2026-09-18T19:00:00Z,3,False,4,0,0,0,0,5,0,0,0,0,3,0.0,1,0,0,0,45,False,0,0,2,0,2,5
Emmanuel Emegha,FWD,Chelsea,0.0,i,Hamstring injury - Expected back 18 Sep,0,0,0.1,398,58,0,0,0,0,0.0,170,0.00,0.00,0.00,0.00,41,0,0,0.0,0.0,2026-09-18T19:00:00Z,0,False,4,0,0,0,0,5,0,12321,0,0,3,0.0,0,-2659,122,2781,50,False,0,0,0,0,0,5
Amad Diallo,MID,Man Utd,0.0,i,Unspecified injury - Unknown return date,0,0,0.3,285,96,0,0,0,0,0.0,431,0.00,0.00,0.00,0.00,50,0,0,0.0,0.0,2026-09-20T15:30:00Z,0,False,10,0,0,0,0,5,0,33185,0,1,1,0.0,0,-5804,75,5879,57,False,0,0,0,0,0,5
Bazoumana Touré,MID,Newcastle,1.8,a,,,,0.1,380,138,0,0,2,0,0.0,461,0.00,0.00,0.00,0.60,46,0,0,0.1,1.0,2026-09-19T14:00:00Z,16,False,11,0,0,0,0,5,0,14309,0,1,2,0.0,1,325,1837,1512,58,True,0,1,2,1,0,5
Thimothée Lo-Tutala,GK,Hull City,0.0,u,Has joined Colchester United on loan for the rest of the season,0,0,0.0,557,63,0,0,0,0,0.0,276,0.00,0.00,0.00,0.00,46,0,0,0.0,0.0,2026-09-19T14:00:00Z,0,False,17,0,0,0,0,5,0,2510,0,1,2,0.0,0,-135,0,135,40,False,0,0,0,0,0,5
Nicolas Jackson,FWD,Aston Villa,1.0,a,,,,1.2,167,26,0,1,31,0,11.4,166,0.02,0.46,0.44,1.13,48,1,1,10.1,37.4,2026-09-19T11:30:00Z,87,False,19,0,0,0,0,5,0,125508,1,3,2,52.0,6,-17305,18834,36139,65,False,1,1,4,3,0,5
Triston Rowe,DEF,Aston Villa,0.0,a,,,,0.2,359,136,0,0,0,0,0.0,606,0.00,0.00,0.00,0.00,48,0,0,0.0,0.0,2026-09-19T11:30:00Z,0,False,19,0,0,0,0,5,0,18299,0,3,2,0.0,0,223,1822,1599,40,False,0,0,0,0,0,5
Gustavo Hamer,MID,Coventry City,0.8,a,,,,0.1,428,163,0,0,0,0,0.0,584,0.00,0.00,0.00,0.00,47,0,0,0.0,0.0,2026-09-19T16:30:00Z,0,False,18,0,0,0,0,5,0,10051,0,1,0,0.0,0,-947,64,1011,54,False,0,0,0,0,0,5
Boubacar Kamara,MID,Aston Villa,2.2,a,,100,100,0.3,290,99,1,0,26,1,13.2,47,0.01,0.13,0.12,0.78,48,0,0,3.8,21.0,2026-09-19T11:30:00Z,83,False,19,0,0,0,0,5,0,32641,1,3,2,4.0,6,-2746,1988,4734,50,False,0,1,6,3,2,5
Noni Madueke,MID,Arsenal,0.5,a,,,,0.2,327,116,0,0,0,0,0.0,16,0.00,0.00,0.00,0.00,42,0,0,0.0,0.0,2026-09-19T14:00:00Z,0,False,5,0,0,0,0,5,0,22229,0,0,3,0.0,0,-2443,1193,3636,62,False,0,0,0,0,0,5
Oli McBurnie,FWD,Hull City,3.0,a,,,,2.0,128,20,0,0,5,0,12.6,295,0.02,0.38,0.36,1.44,46,2,0,3.6,3.0,2026-09-19T14:00:00Z,90,False,17,0,0,0,0,5,0,213941,1,1,2,20.0,1,6823,35498,28675,55,False,1,3,6,3,0,5
César Palacios,MID,Fulham,2.8,a,,,,0.2,357,129,0,0,5,0,10.3,570,0.00,0.00,0.00,0.49,50,1,0,1.6,5.8,2026-09-20T15:30:00Z,19,False,16,0,0,0,0,5,0,18361,0,1,1,0.0,1,-456,1918,2374,54,True,0,1,4,2,1,5
Emiliano Martínez Romero,GK,Chelsea,1.8,a,,,,4.9,76,11,0,0,7,0,10.0,28,0.00,0.00,0.00,2.65,41,3,0,3.6,26.0,2026-09-18T19:00:00Z,90,False,4,0,0,0,0,5,3,524629,1,0,3,0.0,2,-32803,20981,53784,50,False,0,0,0,6,0,5
Brooke Norton-Cuffy,DEF,Hull City,0.5,a,,,,0.3,306,114,0,0,0,0,0.0,638,0.00,0.00,0.00,0.00,46,0,0,0.0,0.0,2026-09-19T14:00:00Z,0,False,17,0,0,0,0,5,0,29384,0,1,2,0.0,0,1437,5014,3577,40,False,0,0,0,0,0,5
Max Alleyne,DEF,Man City,0.0,u,Has joined Burnley on loan for the rest of the season,0,0,0.0,636,212,0,0,0,0,0.0,394,0.00,0.00,0.00,0.00,45,0,0,0.0,0.0,2026-09-20T13:00:00Z,0,False,20,0,0,0,0,5,0,500,0,3,5,0.0,0,-39,0,39,50,True,0,0,0,0,0,5
Amario Cozier-Duberry,MID,Brighton,0.0,u,Has joined Middlesbrough on loan for the rest of the season,0,0,0.0,658,295,0,0,0,0,0.0,624,0.00,0.00,0.00,0.00,42,0,0,0.0,0.0,2026-09-19T14:00:00Z,0,False,1,0,0,0,0,5,0,51,0,0,3,0.0,0,-12,0,12,50,True,0,0,0,0,0,5
Daniel James,MID,Leeds,0.5,a,,,,0.1,425,161,0,0,3,0,0.2,343,0.00,0.00,0.00,0.40,44,0,0,0.5,1.2,2026-09-20T13:00:00Z,23,False,8,0,0,0,0,5,0,10249,0,0,0,4.0,1,-709,721,1430,49,True,0,1,1,0,0,5
Ryan Gravenberch,MID,Liverpool,2.0,a,,,,1.2,168,53,0,0,3,0,1.5,371,0.01,0.01,0.00,0.14,49,0,0,0.1,0.0,2026-09-20T13:00:00Z,9,False,3,0,0,0,0,5,0,124836,0,1,0,0.0,1,-19324,3604,22928,59,False,0,0,1,1,0,5
Divine Mukasa,MID,Man City,0.0,u,has joined West Ham on loan for the rest of the seaon.,0,0,0.1,430,164,0,0,0,0,0.0,409,0.00,0.00,0.00,0.00,45,0,0,0.0,0.0,2026-09-20T13:00:00Z,0,False,20,0,0,0,0,5,0,9744,0,3,5,0.0,0,-1698,0,1698,45,True,0,0,0,0,0,5
Jacob Murphy,MID,Newcastle,0.5,a,,,,0.1,378,137,0,0,12,0,19.7,457,0.07,0.10,0.03,1.59,46,1,0,3.3,9.4,2026-09-19T14:00:00Z,90,False,11,0,0,0,0,5,0,14522,1,1,2,4.0,1,349,2209,1860,59,True,1,3,8,3,2,5
Aaron Wan-Bissaka,DEF,Aston Villa,1.7,a,,,,0.2,322,119,0,0,6,0,1.4,611,0.01,0.01,0.00,0.64,48,0,0,1.2,10.4,2026-09-19T11:30:00Z,45,False,19,0,0,0,0,5,0,23660,1,3,2,0.0,1,2283,4595,2312,45,False,0,4,6,0,2,5
Cheick Doucouré,MID,Crystal Palace,0.0,a,,,,0.0,497,196,0,0,0,0,0.0,218,0.00,0.00,0.00,0.00,44,0,0,0.0,0.0,2026-09-20T13:00:00Z,0,False,13,0,0,0,0,5,0,5232,0,0,0,0.0,0,-576,272,848,49,False,0,0,0,0,0,5
Brandon Austin,GK,Spurs,0.0,a,,,,1.0,180,28,0,0,0,0,0.0,495,0.00,0.00,0.00,0.00,48,0,0,0.0,0.0,2026-09-19T11:30:00Z,0,False,2,0,0,0,0,5,0,112272,0,3,2,0.0,0,1559,6139,4580,40,True,0,0,0,0,0,5
Jørgen Strand Larsen,FWD,Crystal Palace,3.0,a,,,,0.6,230,38,0,0,10,1,15.1,222,0.17,0.21,0.04,1.26,44,0,0,4.1,13.2,2026-09-20T13:00:00Z,81,False,13,0,0,0,0,5,0,69381,1,0,0,13.0,2,4053,15191,11138,60,False,0,3,3,0,0,5
Harrison Armstrong,MID,Everton,3.5,d,Unspecified injury - 75% chance of playing,,75,0.4,266,89,0,0,13,1,26.3,244,0.37,0.49,0.12,1.44,43,0,0,3.5,5.0,2026-09-19T14:00:00Z,90,False,12,0,0,0,0,5,0,43182,1,0,1,4.0,2,-2908,5950,8858,50,True,1,1,5,2,2,5
Marcus Rashford,MID,Man Utd,2.0,a,,,,1.6,146,46,0,0,15,0,53.7,429,0.14,0.54,0.40,1.62,50,1,0,12.8,16.6,2026-09-20T15:30:00Z,76,False,10,0,0,0,0,5,0,171653,1,1,1,58.0,2,-4515,18390,22905,70,False,0,2,2,0,0,5
João Pedro Loureiro da Costa,DEF,Brighton,0.8,a,,,,0.0,519,183,0,0,2,0,3.0,119,0.14,0.14,0.00,0.74,42,0,0,0.4,1.2,2026-09-19T14:00:00Z,14,False,1,0,0,0,0,5,0,3724,0,0,3,0.0,1,-90,216,306,45,True,0,1,1,0,0,5
Luke O'Nien,DEF,Sunderland,0.2,a,,,,2.4,117,46,0,0,0,0,0.0,539,0.00,0.00,0.00,0.00,45,0,0,0.0,0.0,2026-09-20T13:00:00Z,0,False,15,0,0,0,0,5,0,258432,0,3,5,0.0,0,-23037,2157,25194,40,False,0,0,0,0,0,5
Sorba Thomas,MID,Hull City,1.0,a,,,,0.0,555,231,0,0,2,0,15.3,642,0.04,0.23,0.19,1.28,46,2,0,2.0,0.0,2026-09-19T14:00:00Z,62,False,17,0,0,0,0,5,0,2637,1,1,2,8.0,2,761,1275,514,55,False,0,0,3,2,1,5
Lewis Dunk,DEF,Brighton,5.5,a,,,,1.5,149,60,0,0,0,0,0.0,116,0.00,0.00,0.00,0.00,42,0,0,0.0,0.0,2026-09-19T14:00:00Z,0,False,1,0,0,0,0,5,0,165566,0,0,3,0.0,0,16492,28113,11621,45,True,0,0,0,0,0,5
Julio Enciso,MID,Ipswich Town,3.2,a,,100,100,0.8,202,64,0,0,11,0,12.9,591,0.05,0.39,0.34,1.76,43,1,0,4.2,4.4,2026-09-19T14:00:00Z,73,False,9,0,0,0,0,5,0,89625,1,0,1,25.0,2,-6004,9464,15468,55,False,0,0,5,5,0,5
Lewis Hall,DEF,Newcastle,4.5,a,,,,14.7,27,8,0,3,38,0,29.2,449,0.11,0.30,0.19,1.59,46,1,1,11.9,65.6,2026-09-19T14:00:00Z,90,False,11,0,0,0,0,5,0,1629142,1,1,2,24.0,13,107688,220393,112705,52,True,0,9,10,7,1,5
Stefanos Tzimas,FWD,Brighton,0.0,i,Knee injury - Unknown return date,0,0,0.0,625,77,0,0,0,0,0.0,137,0.00,0.00,0.00,0.00,42,0,0,0.0,0.0,2026-09-19T14:00:00Z,0,False,1,0,0,0,0,5,0,710,0,0,3,0.0,0,-21,63,84,54,True,0,0,0,0,0,5
Conor Gallagher,MID,Spurs,0.8,a,,,,0.2,345,122,0,0,24,0,2.3,519,0.00,0.35,0.35,0.07,48,0,1,7.4,38.4,2026-09-19T11:30:00Z,6,False,2,0,0,0,0,5,0,19752,0,3,2,33.0,6,-1786,812,2598,53,True,0,0,4,1,3,5
Anton Stach,MID,Leeds,5.5,a,,,,2.7,110,34,0,0,13,1,17.1,335,0.08,0.13,0.05,1.06,44,0,0,3.8,16.6,2026-09-20T13:00:00Z,90,False,8,0,0,0,0,5,0,291868,1,0,0,4.0,5,-8309,24102,32411,60,True,0,6,13,5,2,5
Francisco Evanilson de Lima Barbosa,FWD,Bournemouth,4.0,a,,,,3.2,97,13,0,0,12,0,3.4,79,0.01,0.17,0.16,1.65,49,1,0,6.4,11.0,2026-09-20T13:00:00Z,90,False,14,0,0,0,0,5,0,350510,1,1,0,50.0,2,-2578,44404,46982,60,True,0,1,5,2,2,5
Eddie Nketiah,FWD,Crystal Palace,1.8,a,,,100,0.5,246,40,0,0,2,0,0.6,224,0.02,0.02,0.00,0.06,44,0,0,0.0,0.0,2026-09-20T13:00:00Z,8,False,13,0,0,0,0,5,0,55856,0,0,0,0.0,1,-21953,1026,22979,55,False,0,0,1,1,0,5
Daniel Ballard,DEF,Sunderland,3.0,a,,,,2.7,109,43,0,0,-12,0,0.3,532,0.00,0.14,0.14,2.82,45,5,0,4.0,28.4,2026-09-20T13:00:00Z,90,False,15,0,0,0,0,5,0,279291,1,3,5,11.0,2,-46490,6303,52793,49,False,0,10,14,3,4,5
Justin Devenny,MID,Crystal Palace,0.0,u,Has joined Stoke City permanently,0,0,0.0,633,274,0,0,0,0,0.0,215,0.00,0.00,0.00,0.00,44,0,0,0.0,0.0,2026-09-20T13:00:00Z,0,False,13,0,0,0,0,5,0,537,0,0,0,0.0,0,-124,0,124,50,False,0,0,0,0,0,5
Fraser Forster,GK,Bournemouth,0.0,a,,,,3.6,94,15,0,0,0,0,0.0,58,0.00,0.00,0.00,0.00,49,0,0,0.0,0.0,2026-09-20T13:00:00Z,0,False,14,0,0,0,0,5,0,391157,0,1,0,0.0,0,6886,22505,15619,40,True,0,0,0,0,0,5
Kalvin Phillips,MID,Man City,0.0,u,Has joined Sheffield United on loan for the rest of the season,0,0,0.0,634,275,0,0,0,0,0.0,408,0.00,0.00,0.00,0.00,45,0,0,0.0,0.0,2026-09-20T13:00:00Z,0,False,20,0,0,0,0,5,0,517,0,3,5,0.0,0,-39,0,39,50,True,0,0,0,0,0,5
Mikkel Damsgaard,MID,Brentford,3.2,a,,,,0.4,263,87,0,0,15,1,23.2,96,0.28,0.32,0.04,0.70,41,0,0,4.1,13.2,2026-09-18T19:00:00Z,86,False,6,0,0,0,0,5,0,45391,1,0,3,5.0,3,-6452,1526,7978,54,True,0,2,10,4,4,5
Junior Kroupi,MID,Bournemouth,0.0,i,Foot injury - Expected back 7 Nov,0,0,0.2,347,124,0,0,0,0,0.0,78,0.00,0.00,0.00,0.00,49,0,0,0.0,0.0,2026-09-20T13:00:00Z,0,False,14,0,0,0,0,5,0,19554,0,1,0,0.0,0,-1688,141,1829,74,True,0,0,0,0,0,5
Tyler Adams,MID,Bournemouth,2.0,a,,100,100,0.3,305,105,0,0,13,0,12.9,73,0.04,0.04,0.00,1.40,49,1,0,2.8,15.4,2026-09-20T13:00:00Z,87,False,14,0,0,0,0,5,0,29052,1,1,0,0.0,4,-871,2995,3866,50,True,0,5,13,6,2,5
Malick Thiaw,DEF,Newcastle,2.5,a,,,,2.2,125,51,0,0,13,0,1.4,445,0.01,0.01,0.00,1.59,46,1,0,3.5,31.4,2026-09-19T14:00:00Z,90,False,11,0,0,0,0,5,0,240813,1,1,2,2.0,4,4121,28969,24848,50,True,0,13,13,3,0,5
Rayan Vitor Simplício Rocha,MID,Bournemouth,2.0,a,,,,1.6,143,44,0,0,17,0,16.9,67,0.35,0.35,0.00,1.40,49,1,0,3.3,8.4,2026-09-20T13:00:00Z,87,False,14,0,0,0,0,5,0,173374,1,1,0,8.0,2,-30627,4733,35360,64,True,0,1,4,1,2,5
Illan Meslier,GK,Arsenal,0.0,a,,,,0.0,543,61,0,0,0,0,0.0,3,0.00,0.00,0.00,0.00,42,0,0,0.0,0.0,2026-09-19T14:00:00Z,0,False,5,0,0,0,0,5,0,3038,0,0,3,0.0,0,-115,86,201,49,False,0,0,0,0,0,5
Hugo Larsson,MID,Fulham,1.0,a,,,,0.0,621,266,0,0,3,0,0.1,635,0.00,0.00,0.00,0.42,50,1,0,0.3,3.2,2026-09-20T15:30:00Z,13,False,16,0,0,0,0,5,0,760,0,1,1,0.0,1,66,191,125,50,True,0,2,4,2,0,5
Claudio Echeverri,MID,Man City,0.0,u,Has joined Benfica on loan for the rest of the season,0,0,0.0,609,259,0,0,0,0,0.0,407,0.00,0.00,0.00,0.00,45,0,0,0.0,0.0,2026-09-20T13:00:00Z,0,False,20,0,0,0,0,5,0,955,0,3,5,0.0,0,-136,0,136,49,True,0,0,0,0,0,5
Evann Guessand,MID,Crystal Palace,0.5,a,,,,0.0,508,203,0,0,0,0,0.0,42,0.00,0.00,0.00,0.00,44,0,0,0.0,0.0,2026-09-20T13:00:00Z,0,False,13,0,0,0,0,5,0,4188,0,0,0,0.0,0,-483,319,802,54,False,0,0,0,0,0,5
Harvey Davies,GK,Liverpool,0.0,a,,,,0.2,360,40,0,0,0,0,0.0,355,0.00,0.00,0.00,0.00,49,0,0,0.0,0.0,2026-09-20T13:00:00Z,0,False,3,0,0,0,0,5,0,17657,0,1,0,0.0,0,96,896,800,40,False,0,0,0,0,0,5
Semi Ajayi,DEF,Hull City,6.5,a,,100,100,14.0,29,10,0,0,5,0,1.2,279,0.01,0.02,0.01,1.44,46,2,0,2.1,9.4,2026-09-19T14:00:00Z,90,False,17,0,0,0,0,5,0,1547412,1,1,2,10.0,1,162949,250066,87117,42,False,0,2,4,5,2,5
Alexis Mac Allister,MID,Liverpool,1.5,a,,,,1.3,159,49,0,0,19,1,6.5,372,0.05,0.05,0.00,0.79,49,0,0,2.5,14.0,2026-09-20T13:00:00Z,90,False,3,0,0,0,0,5,0,141772,1,1,0,4.0,5,-7900,11435,19335,54,False,0,4,13,7,2,5
Daichi Kamada,MID,Crystal Palace,4.5,a,,,,0.5,247,79,0,0,12,1,4.0,214,0.03,0.45,0.42,1.31,44,0,0,3.3,1.8,2026-09-20T13:00:00Z,90,False,13,0,0,0,0,5,0,59125,1,0,0,27.0,3,14554,22401,7847,50,False,0,0,10,9,1,5
David Affengruber,DEF,Fulham,4.0,a,,,,0.0,558,189,0,0,17,0,11.3,650,0.02,0.02,0.00,1.60,50,1,0,4.4,32.4,2026-09-20T15:30:00Z,90,False,16,0,0,0,0,5,0,2846,1,1,1,0.0,4,1907,2400,493,45,True,0,9,11,4,2,5
Antoni Milambo,MID,Brentford,0.0,i,Knee injury - Unknown return date,0,0,0.0,650,288,0,0,0,0,0.0,99,0.00,0.00,0.00,0.00,41,0,0,0.0,0.0,2026-09-18T19:00:00Z,0,False,6,0,0,0,0,5,0,193,0,0,3,0.0,0,-13,20,33,50,True,0,0,0,0,0,5
Rodrigo 'Rodri' Hernandez Cascante,MID,Man City,0.0,u,Has joined Barcelona permanently,0,0,0.0,602,254,0,0,0,0,0.0,402,0.00,0.00,0.00,0.00,45,0,0,0.0,0.0,2026-09-20T13:00:00Z,0,False,20,0,0,0,0,5,0,1158,0,3,5,0.0,0,-52,0,52,65,True,0,0,0,0,0,5
Alysson Edward Franco da Rocha dos Santos,MID,Aston Villa,2.0,a,,,,0.1,488,193,0,0,0,0,0.0,52,0.00,0.00,0.00,0.00,48,0,0,0.0,0.0,2026-09-19T11:30:00Z,0,False,19,0,0,0,0,5,0,6101,0,3,2,0.0,0,983,1608,625,50,False,0,0,0,0,0,5
Dango Ouattara,MID,Brentford,1.5,a,,,,0.5,251,81,0,0,2,0,0.0,95,0.00,0.00,0.00,0.13,41,0,0,0.0,0.2,2026-09-18T19:00:00Z,9,False,6,0,0,0,0,5,0,52273,0,0,3,0.0,1,-13619,1029,14648,63,True,0,0,0,0,0,5
Zion Suzuki,GK,Aston Villa,3.5,a,,,,1.8,134,19,0,0,17,0,0.0,597,0.00,0.00,0.00,1.56,48,2,0,3.6,36.2,2026-09-19T11:30:00Z,90,False,19,0,0,0,0,5,5,196011,1,3,2,0.0,2,-2224,16586,18810,50,False,0,3,0,12,0,5
Haji Wright,FWD,Coventry City,0.0,i,Thigh injury - Unknown return date,0,0,0.1,451,65,0,0,0,0,0.0,193,0.00,0.00,0.00,0.00,47,0,0,0.0,0.0,2026-09-19T16:30:00Z,0,False,18,0,0,0,0,5,0,7895,0,1,0,0.0,0,-1150,97,1247,54,False,0,0,0,0,0,5
Anis Mehmeti,MID,Ipswich Town,0.0,a,,,,0.0,525,211,0,0,0,0,0.0,324,0.00,0.00,0.00,0.00,43,0,0,0.0,0.0,2026-09-19T14:00:00Z,0,False,9,0,0,0,0,5,0,3505,0,0,1,0.0,0,-262,80,342,49,False,0,0,0,0,0,5
Mamadou Sangaré,MID,Brentford,5.5,a,,,,11.3,36,15,0,0,0,0,0.0,565,0.00,0.00,0.00,0.28,41,0,0,0.2,2.2,2026-09-18T19:00:00Z,21,False,6,0,0,0,0,5,0,1186508,0,0,3,0.0,0,-184737,29169,213906,57,True,1,1,3,1,1,5
Callum Wilson,FWD,Brentford,0.8,a,,,,0.3,287,49,0,0,0,0,0.0,108,0.00,0.00,0.00,0.00,41,0,0,0.0,0.0,2026-09-18T19:00:00Z,0,False,6,0,0,0,0,5,0,33179,0,0,3,0.0,0,-4371,1671,6042,55,True,0,0,0,0,0,5
Miodrag Pivas,DEF,Newcastle,0.0,,,,,,,,0,0,0,0,0.0,663,0.00,0.00,0.00,0.00,46,0,0,0.0,0.0,2026-09-19T14:00:00Z,0,False,11,0,0,0,0,5,0,0,0,1,2,0.0,0,0,0,0,40,True,0,0,0,0,0,5
Jorrel Hato,DEF,Chelsea,2.0,a,,,,0.9,197,75,0,0,0,0,0.0,148,0.00,0.00,0.00,0.00,41,0,0,0.0,0.0,2026-09-18T19:00:00Z,0,False,4,0,0,0,0,5,0,93559,0,0,3,0.0,0,-16858,4867,21725,45,False,0,0,0,0,0,5
Kai Andrews,MID,Coventry City,0.0,u,Has joined Oxford United on loan for the rest of the season,0,0,0.3,294,102,0,0,0,0,0.0,192,0.00,0.00,0.00,0.00,47,0,0,0.0,0.0,2026-09-19T16:30:00Z,0,False,18,0,0,0,0,5,0,31304,0,1,0,0.0,0,-5803,0,5803,45,False,0,0,0,0,0,5
Gerónimo Rulli,GK,Man City,0.0,a,,,,0.0,565,65,0,0,0,0,0.0,587,0.00,0.00,0.00,0.00,45,0,0,0.0,0.0,2026-09-20T13:00:00Z,0,False,20,0,0,0,0,5,0,2254,0,3,5,0.0,0,-29,162,191,50,True,0,0,0,0,0,5
Ibrahim Sangaré,MID,Nott'm Forest,0.8,a,,100,100,0.5,261,85,0,0,3,0,0.3,488,0.00,0.00,0.00,0.00,47,0,0,0.2,1.4,2026-09-19T16:30:00Z,7,False,7,0,0,0,0,5,0,48314,0,1,0,0.0,1,-5438,1567,7005,49,True,0,0,0,0,0,5
Kaine Kesler-Hayden,DEF,Coventry City,0.0,i,Hamstring injury - Unknown return date,0,0,0.0,516,181,0,0,0,0,0.0,177,0.00,0.00,0.00,0.00,47,0,0,0.0,0.0,2026-09-19T16:30:00Z,0,False,18,0,0,0,0,5,0,3839,0,1,0,0.0,0,-317,186,503,40,False,0,0,0,0,0,5
Matty Jacob,DEF,Hull City,0.0,u,Has joined Newport County on loan until January,0,0,0.0,615,207,0,0,0,0,0.0,283,0.00,0.00,0.00,0.00,46,0,0,0.0,0.0,2026-09-19T14:00:00Z,0,False,17,0,0,0,0,5,0,831,0,1,2,0.0,0,-94,0,94,40,False,0,0,0,0,0,5
Omar Richards,DEF,Nott'm Forest,0.0,a,,,,0.2,323,120,0,0,0,0,0.0,476,0.00,0.00,0.00,0.00,47,0,0,0.0,0.0,2026-09-19T16:30:00Z,0,False,7,0,0,0,0,5,0,22848,0,1,0,0.0,0,-649,1022,1671,40,True,0,0,0,0,0,5
Tyrique George,MID,Everton,4.5,a,,,,1.0,187,60,0,0,4,0,0.8,242,0.01,0.04,0.03,0.38,43,0,0,0.5,0.4,2026-09-19T14:00:00Z,11,False,12,0,0,0,0,5,0,111866,0,0,1,4.0,1,39603,50560,10957,55,True,0,0,2,2,0,5
George Shepherd,MID,Coventry City,0.0,a,,,,0.2,310,107,0,0,0,0,0.0,189,0.00,0.00,0.00,0.00,47,0,0,0.0,0.0,2026-09-19T16:30:00Z,0,False,18,0,0,0,0,5,0,30329,0,1,0,0.0,0,-251,2708,2959,44,False,0,0,0,0,0,5
Robin Roefs,GK,Sunderland,2.8,a,,,,2.6,113,18,0,0,-8,0,0.0,529,0.01,0.01,0.00,2.82,45,5,0,1.4,14.4,2026-09-20T13:00:00Z,90,False,15,0,0,0,0,5,1,271819,1,3,5,0.0,0,-33760,2559,36319,49,False,0,2,0,4,0,5
Melker Ellborg,GK,Sunderland,0.0,a,,,,0.1,445,50,0,0,0,0,0.0,531,0.00,0.00,0.00,0.00,45,0,0,0.0,0.0,2026-09-20T13:00:00Z,0,False,15,0,0,0,0,5,0,8450,0,3,5,0.0,0,-360,190,550,45,False,0,0,0,0,0,5
Matt Grimes,MID,Coventry City,2.0,a,,,,0.1,385,142,0,0,17,1,15.3,184,0.06,0.08,0.02,1.10,47,0,0,2.9,12.6,2026-09-19T16:30:00Z,90,False,18,0,0,0,0,5,0,13370,1,1,0,1.0,3,-1624,594,2218,49,False,0,4,10,3,3,5
Kosta Nedeljkovic,DEF,Aston Villa,0.0,u,Has joined Rangers on loan for the rest of the season,0,0,0.1,374,144,0,0,0,0,0.0,39,0.00,0.00,0.00,0.00,48,0,0,0.0,0.0,2026-09-19T11:30:00Z,0,False,19,0,0,0,0,5,0,14409,0,3,2,0.0,0,-1273,0,1273,40,False,0,0,0,0,0,5
Marcelino Núñez,MID,Ipswich Town,1.5,a,,,,0.1,405,149,0,0,0,0,0.0,309,0.00,0.00,0.00,0.00,43,0,0,0.0,0.0,2026-09-19T14:00:00Z,0,False,9,0,0,0,0,5,0,11613,0,0,1,0.0,0,-1430,337,1767,49,False,0,0,0,0,0,5
Miguel Brau,DEF,Coventry City,0.0,u,Has joined Academico de Viseu on loan for the rest of the season,0,0,0.0,560,190,0,0,0,0,0.0,181,0.00,0.00,0.00,0.00,47,0,0,0.0,0.0,2026-09-19T16:30:00Z,0,False,18,0,0,0,0,5,0,2378,0,1,0,0.0,0,-280,0,280,40,False,0,0,0,0,0,5
Sandro Tonali,MID,Spurs,3.0,a,,,100,2.0,127,39,0,0,18,0,17.6,455,0.21,0.27,0.06,1.10,48,3,0,4.4,16.8,2026-09-19T11:30:00Z,83,False,2,0,0,0,0,5,0,210274,1,3,2,10.0,2,-56370,4540,60910,54,True,0,1,11,4,6,5
Chadi Riad Dnanou,DEF,Crystal Palace,0.0,i,Knee injury - Unknown return date,0,0,0.0,564,192,0,0,0,0,0.0,206,0.00,0.00,0.00,0.00,44,0,0,0.0,0.0,2026-09-20T13:00:00Z,0,False,13,0,0,0,0,5,0,2215,0,0,0,0.0,0,-330,53,383,44,False,0,0,0,0,0,5
Shea Lacey,MID,Man Utd,0.2,a,,,,0.1,491,195,0,0,0,0,0.0,435,0.00,0.00,0.00,0.00,50,0,0,0.0,0.0,2026-09-20T15:30:00Z,0,False,10,0,0,0,0,5,0,5831,0,1,1,0.0,0,-32,531,563,49,False,0,0,0,0,0,5
Nikola Milenković,DEF,Nott'm Forest,3.0,i,Hamstring injury - Expected back 11 Oct,,0,1.2,166,65,0,0,0,0,0.0,471,0.00,0.00,0.00,0.00,47,0,0,0.0,0.0,2026-09-19T16:30:00Z,0,False,7,0,0,0,0,5,0,119506,0,1,0,0.0,0,-50208,256,50464,55,True,0,0,0,0,0,5
Rico Lewis,DEF,Man City,0.2,a,,,,0.2,333,123,0,0,0,0,0.0,395,0.00,0.00,0.00,0.00,45,0,0,0.0,0.0,2026-09-20T13:00:00Z,0,False,20,0,0,0,0,5,0,21617,0,3,5,0.0,0,-1584,1147,2731,44,True,0,0,0,0,0,5
Jeremy Monga,MID,Man City,0.0,u,Has joined Swansea City on loan for the rest of the season,0,0,0.0,613,262,0,0,0,0,0.0,410,0.00,0.00,0.00,0.00,45,0,0,0.0,0.0,2026-09-20T13:00:00Z,0,False,20,0,0,0,0,5,0,874,0,3,5,0.0,0,-122,0,122,49,True,0,0,0,0,0,5
Maxence Lacroix,DEF,Chelsea,2.5,a,,,,7.0,54,20,0,0,-1,0,1.3,200,0.01,0.14,0.13,2.65,41,3,0,3.5,29.4,2026-09-18T19:00:00Z,90,False,4,0,0,0,0,5,0,749577,1,0,3,4.0,3,-111183,9497,120680,60,False,0,11,12,3,1,5
Gabriel dos Santos Magalhães,DEF,Arsenal,6.0,a,,,,23.1,13,4,0,0,6,0,13.1,4,0.14,0.14,0.00,1.31,42,3,0,3.9,25.8,2026-09-19T14:00:00Z,90,False,5,0,0,0,0,5,0,2494884,1,0,3,0.0,1,-70779,48033,118812,80,False,0,6,9,4,3,5
Robert Lynch Sánchez,GK,Chelsea,0.0,u,Has joined Como on loan for the rest of the season,0,0,0.8,211,31,0,0,0,0,0.0,140,0.00,0.00,0.00,0.00,41,0,0,0.0,0.0,2026-09-18T19:00:00Z,0,False,4,0,0,0,0,5,0,79688,0,0,3,0.0,0,-15548,0,15548,49,False,0,0,0,0,0,5
William Saliba,DEF,Arsenal,0.0,i,Back injury - Unknown return date,0,0,0.2,332,122,0,0,0,0,0.0,6,0.00,0.00,0.00,0.00,42,0,0,0.0,0.0,2026-09-19T14:00:00Z,0,False,5,0,0,0,0,5,0,21924,0,0,3,0.0,0,-1605,399,2004,59,False,0,0,0,0,0,5
Marc Guiu Paz,FWD,Chelsea,0.0,u,Has joined RB Leipzig permanently,0,0,0.2,330,52,0,0,0,0,0.0,168,0.00,0.00,0.00,0.00,41,0,0,0.0,0.0,2026-09-18T19:00:00Z,0,False,4,0,0,0,0,5,0,21634,0,0,3,0.0,0,-4081,0,4081,50,False,0,0,0,0,0,5
Will Hughes,MID,Crystal Palace,0.5,a,,,,7.8,49,16,0,0,0,0,0.0,212,0.00,0.00,0.00,0.00,44,0,0,0.0,0.0,2026-09-20T13:00:00Z,0,False,13,0,0,0,0,5,0,838201,0,0,0,0.0,0,-71924,29011,100935,44,False,0,0,0,0,0,5
Victor Torp,MID,Coventry City,0.8,a,,,,0.1,411,152,0,0,0,0,0.0,188,0.00,0.00,0.00,0.00,47,0,0,0.0,0.0,2026-09-19T16:30:00Z,0,False,18,0,0,0,0,5,0,10920,0,1,0,0.0,0,-1090,52,1142,54,False,0,0,0,0,0,5
Phil Foden,MID,Man City,2.2,s,Suspended until 17 Oct,,0,2.3,120,36,0,0,0,0,0.0,398,0.00,0.00,0.00,0.00,45,0,0,0.0,0.0,2026-09-20T13:00:00Z,0,False,20,0,0,0,0,5,0,209654,0,3,5,0.0,0,-204579,2056,206635,69,True,0,0,0,0,0,5
Mikey Moore,MID,Spurs,0.0,u,Has joined FC Köln on loan for the rest of the season,0,0,0.1,478,188,0,0,0,0,0.0,523,0.00,0.00,0.00,0.00,48,0,0,0.0,0.0,2026-09-19T11:30:00Z,0,False,2,0,0,0,0,5,0,6388,0,3,2,0.0,0,-1980,0,1980,50,True,0,0,0,0,0,5
John Egan,DEF,Hull City,6.2,a,,,,7.0,55,21,0,0,2,0,0.2,277,0.00,0.01,0.01,1.31,46,2,0,2.7,14.0,2026-09-19T14:00:00Z,77,False,17,0,0,0,0,5,0,776181,1,1,2,13.0,1,76284,120781,44497,41,False,0,2,4,1,2,5
Ibrahim Mbaye,MID,Aston Villa,0.5,a,,,,0.1,466,182,0,0,2,0,0.0,631,0.00,0.00,0.00,0.78,48,2,0,0.0,0.0,2026-09-19T11:30:00Z,6,False,19,0,0,0,0,5,0,7570,0,3,2,0.0,1,1194,2665,1471,60,False,0,0,0,0,0,5
Remi Matthews,GK,Crystal Palace,0.0,a,,,,1.7,141,21,0,0,0,0,0.0,555,0.00,0.00,0.00,0.00,44,0,0,0.0,0.0,2026-09-20T13:00:00Z,0,False,13,0,0,0,0,5,0,185661,0,0,0,0.0,0,-2332,3461,5793,40,False,0,0,0,0,0,5
Ben Gannon-Doak,MID,Bournemouth,0.8,a,,,,0.1,481,189,0,0,3,0,0.8,72,0.02,0.02,0.00,0.25,49,0,0,0.3,0.2,2026-09-20T13:00:00Z,2,False,14,0,0,0,0,5,0,6412,0,1,0,2.0,1,-515,338,853,49,True,0,0,0,0,0,5
Ollie Watkins,FWD,Aston Villa,0.0,u,Has joined Al Hilal permanently,0,0,2.7,111,17,0,0,0,0,0.0,55,0.00,0.00,0.00,0.00,48,0,0,0.0,0.0,2026-09-19T11:30:00Z,0,False,19,0,0,0,0,5,0,284909,0,3,2,0.0,0,-35250,0,35250,78,False,0,0,0,0,0,5
Joshua Zirkzee,FWD,Man Utd,0.2,a,,,,0.4,269,47,0,0,4,0,10.1,440,0.00,0.00,0.00,0.00,50,0,0,1.3,3.2,2026-09-20T15:30:00Z,13,False,10,0,0,0,0,5,0,43505,0,1,1,0.0,1,-3447,2606,6053,54,False,0,1,1,0,0,5
Moisés Caicedo Corozo,MID,Chelsea,0.0,d,Calf injury - 50% chance of playing,0,50,1.1,169,54,0,0,0,0,0.0,159,0.00,0.00,0.00,0.00,41,0,0,0.0,0.0,2026-09-18T19:00:00Z,0,False,4,0,0,0,0,5,0,120861,0,0,3,0.0,0,-31135,584,31719,53,False,0,0,0,0,0,5
Juanlu Sánchez,DEF,Bournemouth,0.0,a,,,,0.2,358,135,0,0,0,0,0.0,573,0.00,0.00,0.00,0.00,49,0,0,0.0,0.0,2026-09-20T13:00:00Z,0,False,14,0,0,0,0,5,0,18099,0,1,0,0.0,0,-982,314,1296,44,True,0,0,0,0,0,5
Luke Shaw,DEF,Man Utd,1.4,d,Unspecified injury - 75% chance of playing,75,75,9.0,44,16,0,0,7,0,6.0,423,0.07,0.08,0.01,1.62,50,1,0,1.7,6.6,2026-09-20T15:30:00Z,83,False,10,0,0,0,0,5,0,879239,1,1,1,4.0,2,-360683,2227,362910,44,False,0,3,3,1,0,5
Carl Rushworth,GK,Coventry City,1.2,a,,,,0.8,204,30,1,2,38,1,10.0,110,0.00,0.00,0.00,1.10,47,0,0,3.9,29.0,2026-09-19T16:30:00Z,90,False,18,0,0,0,0,5,2,84063,1,1,0,0.0,11,-11924,928,12852,45,False,0,0,0,10,0,5
Benjamin Fredrick,DEF,Brentford,0.0,,,,,,,,0,0,0,0,0.0,660,0.00,0.00,0.00,0.00,41,0,0,0.0,0.0,2026-09-18T19:00:00Z,0,False,6,0,0,0,0,5,0,0,0,0,3,0.0,0,0,0,0,40,True,0,0,0,0,0,5
Caleb Yirenkyi,MID,Coventry City,1.5,a,,,,0.2,366,131,0,0,10,1,11.7,575,0.01,0.01,0.00,1.08,47,0,0,1.7,5.0,2026-09-19T16:30:00Z,90,False,18,0,0,0,0,5,0,15964,1,1,0,0.0,3,-2510,236,2746,49,False,0,2,5,2,1,5
Jérémy Doku,MID,Man City,0.0,i,Calf injury - Expected back 20 Sep,0,0,0.7,226,70,0,0,7,0,13.8,400,0.32,0.55,0.23,0.42,45,0,0,2.2,3.6,2026-09-20T13:00:00Z,15,False,20,0,0,0,0,5,0,71797,0,3,5,5.0,1,-6700,271,6971,74,True,0,1,2,1,0,5
Justin Kluivert,MID,Bournemouth,3.8,a,,,,1.0,181,58,0,0,0,0,0.0,70,0.00,0.00,0.00,0.00,49,0,0,0.0,0.0,2026-09-20T13:00:00Z,0,False,14,0,0,0,0,5,0,110738,0,1,0,0.0,0,3462,14541,11079,60,True,0,0,0,0,0,5
Dário Luís Essugo,MID,Chelsea,0.0,u,Has joined RC Strasbourg on loan for the rest of the season,0,0,0.1,420,158,0,0,0,0,0.0,163,0.00,0.00,0.00,0.00,41,0,0,0.0,0.0,2026-09-18T19:00:00Z,0,False,4,0,0,0,0,5,0,10348,0,0,3,0.0,0,-2058,0,2058,45,False,0,0,0,0,0,5
Wellity Lucky,DEF,Liverpool,0.0,a,,,,0.1,390,147,0,0,0,0,0.0,361,0.00,0.00,0.00,0.00,49,0,0,0.0,0.0,2026-09-20T13:00:00Z,0,False,3,0,0,0,0,5,0,13179,0,1,0,0.0,0,-466,717,1183,40,False,0,0,0,0,0,5
Dominic Calvert-Lewin,FWD,Leeds,5.0,a,,,,25.2,11,3,0,0,7,1,1.3,346,0.00,0.52,0.52,1.06,44,0,0,3.1,10.2,2026-09-20T13:00:00Z,90,False,8,0,0,0,0,5,0,2888883,1,0,0,19.0,2,390459,533433,142974,60,True,0,4,8,4,0,5
Arthur Masuaku,DEF,Sunderland,0.0,u,Has joined Konyaspor permanently,0,0,0.1,372,143,0,0,0,0,0.0,540,0.00,0.00,0.00,0.00,45,0,0,0.0,0.0,2026-09-20T13:00:00Z,0,False,15,0,0,0,0,5,0,14606,0,3,5,0.0,0,-1276,0,1276,40,False,0,0,0,0,0,5
Josh Acheampong,DEF,Chelsea,1.2,a,,,,0.4,278,101,0,0,-4,0,1.4,151,0.01,0.01,0.00,1.20,41,2,0,0.3,1.4,2026-09-18T19:00:00Z,19,False,4,0,0,0,0,5,0,38029,0,0,3,0.0,0,-4505,1529,6034,45,False,0,0,1,0,1,5
Ethan Ampadu,MID,Leeds,4.0,a,,,,0.9,188,61,0,0,19,1,24.2,338,0.10,0.10,0.00,1.06,44,0,0,4.3,18.8,2026-09-20T13:00:00Z,90,False,8,0,0,0,0,5,0,102625,1,0,0,0.0,5,-4200,5751,9951,54,True,0,5,14,6,3,5
Rio Ngumoha,MID,Liverpool,1.0,a,,,,0.5,252,82,0,0,0,0,0.0,369,0.00,0.00,0.00,0.00,49,0,0,0.0,0.0,2026-09-20T13:00:00Z,0,False,3,0,0,0,0,5,0,52264,0,1,0,0.0,0,-9591,1736,11327,58,False,0,0,0,0,0,5
Max Dowman,MID,Arsenal,0.0,a,,,,0.1,469,183,0,0,4,0,14.8,20,0.08,0.08,0.00,0.31,42,0,0,1.7,2.0,2026-09-19T14:00:00Z,9,False,5,0,0,0,0,5,0,7252,0,0,3,0.0,1,-172,878,1050,53,False,0,0,0,0,0,5
Nicolò Savona,DEF,Nott'm Forest,0.0,i,Knee injury - Unknown return date,0,0,0.0,645,213,0,0,0,0,0.0,475,0.00,0.00,0.00,0.00,47,0,0,0.0,0.0,2026-09-19T16:30:00Z,0,False,7,0,0,0,0,5,0,237,0,1,0,0.0,0,-22,17,39,45,True,0,0,0,0,0,5
Romaine Mundle,MID,Sunderland,0.0,i,Knee injury - Unknown return date,0,0,0.0,630,272,0,0,0,0,0.0,547,0.00,0.00,0.00,0.00,45,0,0,0.0,0.0,2026-09-20T13:00:00Z,0,False,15,0,0,0,0,5,0,586,0,3,5,0.0,0,-120,15,135,49,False,0,0,0,0,0,5
Joël Piroe,FWD,Leeds,0.0,u,Has joined West Ham United on loan for the rest of the season,0,0,0.1,480,67,0,0,0,0,0.0,348,0.00,0.00,0.00,0.00,44,0,0,0.0,0.0,2026-09-20T13:00:00Z,0,False,8,0,0,0,0,5,0,6500,0,0,0,0.0,0,-983,0,983,50,True,0,0,0,0,0,5
Matheus Nunes,DEF,Man City,2.5,a,,100,100,1.0,185,70,0,0,0,0,3.3,389,0.01,0.01,0.00,3.57,45,3,0,2.8,25.0,2026-09-20T13:00:00Z,90,False,20,0,0,0,0,5,0,107181,1,3,5,0.0,1,3022,7244,4222,59,True,0,8,9,0,1,5
Calvin Ramsay,DEF,Liverpool,0.0,u,Has joined St Mirren on loan for the rest of the season,0,0,0.1,429,156,0,0,0,0,0.0,365,0.00,0.00,0.00,0.00,49,0,0,0.0,0.0,2026-09-20T13:00:00Z,0,False,3,0,0,0,0,5,0,10034,0,1,0,0.0,0,-1195,0,1195,40,False,0,0,0,0,0,5
José María Andrés Baixauli,MID,Brighton,2.0,a,,,,0.0,604,256,0,0,27,1,4.8,639,0.11,0.39,0.28,1.48,42,0,1,7.5,33.4,2026-09-19T14:00:00Z,84,False,1,0,0,0,0,5,0,1188,1,0,3,37.0,8,239,470,231,55,True,0,2,9,7,0,5
Nick Woltemade,FWD,Newcastle,0.0,u,Has joined Juventus on loan for the rest of the season,0,0,0.5,248,41,0,0,0,0,0.0,463,0.00,0.00,0.00,0.00,46,0,0,0.0,0.0,2026-09-19T14:00:00Z,0,False,11,0,0,0,0,5,0,55762,0,1,2,0.0,0,-11535,0,11535,59,True,0,0,0,0,0,5
Destiny Udogie,DEF,Spurs,1.4,a,,75,100,0.3,279,102,0,0,0,0,0.0,506,0.00,0.00,0.00,0.00,48,0,0,0.0,0.0,2026-09-19T11:30:00Z,0,False,2,0,0,0,0,5,0,37654,0,3,2,0.0,0,-4010,949,4959,44,True,0,0,0,0,0,5
Jean-Mattéo Bahoya,MID,Leeds,0.0,a,,,,0.0,589,245,0,0,5,0,0.3,648,0.00,0.00,0.00,0.00,44,0,0,0.1,1.0,2026-09-20T13:00:00Z,1,False,8,0,0,0,0,5,0,1449,0,0,0,0.0,1,-47,363,410,50,True,0,0,0,0,0,5
Mason Burstow,FWD,Hull City,0.0,u,Has joined Sheffield Wednesday on loan for the rest of the season,0,0,0.0,524,71,0,0,0,0,0.0,299,0.00,0.00,0.00,0.00,46,0,0,0.0,0.0,2026-09-19T14:00:00Z,0,False,17,0,0,0,0,5,0,3535,0,1,2,0.0,0,-365,0,365,45,False,0,0,0,0,0,5
Nico Elvedi,DEF,Leeds,1.8,a,,,,0.0,496,176,0,0,27,1,2.3,598,0.01,0.08,0.07,1.06,44,0,0,4.0,20.8,2026-09-20T13:00:00Z,90,False,8,0,0,0,0,5,0,6514,1,0,0,17.0,6,782,1258,476,45,True,0,4,4,1,0,5
Wilson Isidor,FWD,Sunderland,3.5,a,,,,1.4,158,23,0,0,3,0,0.3,553,0.00,0.00,0.00,1.79,45,1,0,0.1,0.2,2026-09-20T13:00:00Z,22,False,15,0,0,0,0,5,0,143906,0,3,5,0.0,1,-18986,6445,25431,55,False,0,0,2,1,1,5
Mike Penders,GK,Chelsea,0.0,a,,,,0.1,470,54,0,0,0,0,0.0,560,0.00,0.00,0.00,0.00,41,0,0,0.0,0.0,2026-09-18T19:00:00Z,0,False,4,0,0,0,0,5,0,7232,0,0,3,0.0,0,76,696,620,44,False,0,0,0,0,0,5
Dominik Szoboszlai,MID,Liverpool,4.5,a,,,,34.7,7,3,0,0,5,1,4.6,368,0.02,0.15,0.13,0.66,49,0,0,0.8,1.6,2026-09-20T13:00:00Z,80,False,3,0,0,0,0,5,0,3685230,1,1,0,2.0,2,-405826,91695,497521,70,False,1,2,6,2,2,5
James Rowswell,DEF,Spurs,0.0,a,,,,0.1,432,157,0,0,0,0,0.0,510,0.00,0.00,0.00,0.00,48,0,0,0.0,0.0,2026-09-19T11:30:00Z,0,False,2,0,0,0,0,5,0,9834,0,3,2,0.0,0,-78,672,750,40,True,0,0,0,0,0,5
Lewis Koumas,MID,Liverpool,0.5,a,,,,0.0,545,224,0,0,7,0,0.0,381,0.00,0.25,0.25,0.14,49,0,0,2.0,3.0,2026-09-20T13:00:00Z,9,False,3,0,0,0,0,5,0,2933,0,1,0,17.0,1,-88,207,295,50,False,0,0,0,0,0,5
Mathias Jensen,MID,Brentford,0.0,i,Unspecified injury - Expected back 10 Oct,0,0,0.1,412,153,0,0,0,0,0.0,97,0.00,0.00,0.00,0.00,41,0,0,0.0,0.0,2026-09-18T19:00:00Z,0,False,6,0,0,0,0,5,0,10766,0,0,3,0.0,0,-1881,16,1897,54,True,0,0,0,0,0,5
Matteo Ruggeri,DEF,Aston Villa,0.5,a,,,,0.1,437,160,0,0,11,0,11.5,596,0.01,0.04,0.03,1.56,48,2,0,3.2,19.4,2026-09-19T11:30:00Z,90,False,19,0,0,0,0,5,0,9272,1,3,2,1.0,3,-395,779,1174,45,False,0,13,13,9,0,5
Amadou Onana,MID,Aston Villa,0.0,i,Knee injury - Unknown return date,0,0,0.0,585,243,0,0,0,0,0.0,48,0.00,0.00,0.00,0.00,48,0,0,0.0,0.0,2026-09-19T11:30:00Z,0,False,19,0,0,0,0,5,0,1654,0,3,2,0.0,0,-137,66,203,49,False,0,0,0,0,0,5
Yoane Wissa,FWD,Newcastle,3.8,a,,,,18.8,19,5,0,0,0,0,5.2,464,0.01,0.85,0.84,1.59,46,1,0,3.4,8.8,2026-09-19T14:00:00Z,90,False,11,0,1,0,0,5,0,2094339,1,1,2,20.0,0,124486,338910,214424,62,True,0,2,5,3,0,5
Rio Cardines,DEF,Crystal Palace,0.0,u,Has joined Bristol City on loan for the rest of the season,0,0,0.0,654,215,0,0,0,0,0.0,220,0.00,0.00,0.00,0.00,44,0,0,0.0,0.0,2026-09-20T13:00:00Z,0,False,13,0,0,0,0,5,0,132,0,0,0,0.0,0,-8,0,8,45,False,0,0,0,0,0,5
Enzo Le Fée,MID,Sunderland,3.2,a,,,,3.6,92,32,1,0,33,0,72.8,542,0.52,0.52,0.00,2.82,45,5,0,10.9,33.8,2026-09-20T13:00:00Z,90,False,15,0,0,0,0,5,0,367322,1,3,5,2.0,5,-95316,5741,101057,58,False,0,2,3,0,1,5
Benjamin Lecomte,GK,Fulham,0.0,a,,,,1.1,170,25,0,0,0,0,0.0,251,0.00,0.00,0.00,0.00,50,0,0,0.0,0.0,2026-09-20T15:30:00Z,0,False,16,0,0,0,0,5,0,123460,0,1,1,0.0,0,-651,3635,4286,40,True,0,0,0,0,0,5
Vakhtang Salia,FWD,Newcastle,0.0,,,,,,,,0,0,0,0,0.0,664,0.00,0.00,0.00,0.00,46,0,0,0.0,0.0,2026-09-19T14:00:00Z,0,False,11,0,0,0,0,5,0,0,0,1,2,0.0,0,0,0,0,45,True,0,0,0,0,0,5
Jeremie Frimpong,DEF,Liverpool,0.5,a,,,,1.9,132,54,0,0,0,0,0.0,357,0.00,0.00,0.00,0.00,49,0,0,0.0,0.0,2026-09-20T13:00:00Z,0,False,3,0,0,0,0,5,0,198877,0,1,0,0.0,0,-39805,3000,42805,53,False,0,0,0,0,0,5
Adrien Truffert,DEF,Bournemouth,2.0,a,,,,3.1,100,38,0,0,6,0,11.8,61,0.06,0.08,0.02,1.65,49,1,0,2.9,12.6,2026-09-20T13:00:00Z,90,False,14,0,0,0,0,5,0,334232,1,1,0,5.0,2,-27978,6520,34498,55,True,0,5,7,3,2,5
Jules Ahoka,MID,Sunderland,0.0,a,,,,0.2,314,110,0,0,0,0,0.0,613,0.00,0.00,0.00,0.00,45,0,0,0.0,0.0,2026-09-20T13:00:00Z,0,False,15,0,0,0,0,5,0,26173,0,3,5,0.0,0,-1414,2205,3619,45,False,0,0,0,0,0,5
Kasey McAteer,MID,Ipswich Town,0.8,a,,,,1.1,173,55,0,0,0,0,0.0,323,0.00,0.00,0.00,0.00,43,0,0,0.0,0.0,2026-09-19T14:00:00Z,0,False,9,0,0,0,0,5,0,114904,0,0,1,0.0,0,-11642,2383,14025,45,False,0,0,0,0,0,5
Gianluigi Donnarumma,GK,Man City,4.2,a,,,,7.9,48,8,0,0,9,0,0.0,384,0.00,0.00,0.00,3.57,45,3,0,3.2,31.6,2026-09-20T13:00:00Z,90,False,20,0,0,0,0,5,4,879025,1,3,5,0.0,2,16386,58809,42423,55,True,0,2,0,8,0,5
George Hemmings,MID,Aston Villa,2.0,a,,,,1.3,161,50,0,0,2,0,1.2,51,0.00,0.00,0.00,0.87,48,2,0,0.0,0.0,2026-09-19T11:30:00Z,18,False,19,0,0,0,0,5,0,135094,0,3,2,0.0,1,-3198,14076,17274,45,False,0,0,0,0,0,5
Charlie Hughes,DEF,Hull City,0.0,i,Groin injury - Unknown return date,0,0,0.3,297,107,0,0,0,0,0.0,278,0.00,0.00,0.00,0.00,46,0,0,0.0,0.0,2026-09-19T14:00:00Z,0,False,17,0,0,0,0,5,0,32994,0,1,2,0.0,0,9741,15378,5637,39,False,0,0,0,0,0,5
Morgan Rogers,MID,Chelsea,6.8,a,,,,39.4,6,2,0,0,17,0,20.6,40,0.07,0.40,0.33,2.65,41,3,0,6.1,10.0,2026-09-18T19:00:00Z,90,False,4,0,0,0,0,5,0,4380885,1,0,3,30.0,2,628130,697514,69384,77,False,0,2,8,6,0,5
Youri Tielemans,MID,Man Utd,2.5,a,,100,100,1.6,148,47,0,0,22,0,22.3,43,0.20,0.29,0.09,1.62,50,1,0,4.7,18.2,2026-09-20T15:30:00Z,90,False,10,0,0,0,0,5,0,165689,1,1,1,6.0,4,-17007,8170,25177,58,False,0,2,13,8,3,5
Tyrick Mitchell,DEF,Crystal Palace,4.2,a,,,,6.1,64,26,0,1,30,1,3.7,204,0.02,0.02,0.00,1.31,44,0,0,2.9,19.2,2026-09-20T13:00:00Z,90,False,13,0,0,0,0,5,0,647215,1,0,0,6.0,7,-51939,21781,73720,45,False,0,3,8,8,5,5
Christian Nørgaard,MID,Everton,0.0,i,Groin injury - Unknown return date,0,0,0.0,500,199,0,0,0,0,0.0,21,0.00,0.00,0.00,0.00,43,0,0,0.0,0.0,2026-09-19T14:00:00Z,0,False,12,0,0,0,0,5,0,4666,0,0,1,0.0,0,-737,46,783,49,True,0,0,0,0,0,5
Lewis Cook,MID,Bournemouth,1.8,a,,,,0.2,348,125,0,0,3,0,0.3,71,0.00,0.00,0.00,0.25,49,0,0,0.3,2.8,2026-09-20T13:00:00Z,15,False,14,0,0,0,0,5,0,19112,0,1,0,0.0,1,-2898,841,3739,50,True,0,1,2,1,0,5
Braiden Graham,MID,Everton,0.0,a,,,,0.1,406,150,0,0,0,0,0.0,654,0.00,0.00,0.00,0.00,43,0,0,0.0,0.0,2026-09-19T14:00:00Z,0,False,12,0,0,0,0,5,0,11586,0,0,1,0.0,0,-659,1585,2244,45,True,0,0,0,0,0,5
Luka Lynch,MID,Aston Villa,0.0,u,Has joined Oxford United on loan until January,0,0,0.1,458,180,0,0,0,0,0.0,607,0.00,0.00,0.00,0.00,48,0,0,0.0,0.0,2026-09-19T11:30:00Z,0,False,19,0,0,0,0,5,0,7636,0,3,2,0.0,0,-1367,0,1367,45,False,0,0,0,0,0,5
Dan Burn,DEF,Newcastle,0.0,i,Ankle injury - Expected back 19 Sep,0,0,0.8,205,79,0,0,0,0,0.0,448,0.00,0.00,0.00,0.00,46,0,0,0.0,0.0,2026-09-19T14:00:00Z,0,False,11,0,0,0,0,5,0,84798,0,1,2,0.0,0,-11893,180,12073,49,True,0,0,0,0,0,5
Leo Fuhr Hjelde,DEF,Sunderland,0.0,u,Has joined KV Mechelen on loan for the rest of the season,0,0,0.0,517,182,0,0,0,0,0.0,538,0.00,0.00,0.00,0.00,45,0,0,0.0,0.0,2026-09-20T13:00:00Z,0,False,15,0,0,0,0,5,0,3843,0,3,5,0.0,0,-298,0,298,40,False,0,0,0,0,0,5
Jaidon Anthony,MID,Brentford,1.2,a,,,,0.1,383,140,0,2,31,1,11.0,105,0.02,0.98,0.96,0.70,41,0,1,8.5,36.6,2026-09-18T19:00:00Z,80,False,6,0,0,0,0,5,0,13639,1,0,3,37.0,10,-1462,635,2097,59,True,0,1,2,1,0,5
Jack Rudoni,MID,Coventry City,2.0,a,,100,100,0.1,415,155,0,0,16,1,25.3,183,0.20,0.29,0.09,0.85,47,0,0,4.0,13.6,2026-09-19T16:30:00Z,73,False,18,0,0,0,0,5,0,10665,1,1,0,1.0,5,-1195,549,1744,49,False,0,4,13,8,1,5
Jack Clarke,MID,Ipswich Town,2.2,a,,,,0.2,342,120,0,0,10,0,30.1,313,0.33,0.33,0.00,1.68,43,1,0,4.2,10.0,2026-09-19T14:00:00Z,65,False,9,0,0,0,0,5,0,19907,1,0,1,2.0,2,-2389,514,2903,54,False,0,2,4,2,0,5
Kieran Dowell,MID,Hull City,0.0,a,,,,0.3,288,97,0,0,0,0,0.0,288,0.00,0.00,0.00,0.00,46,0,0,0.0,0.0,2026-09-19T14:00:00Z,0,False,17,0,0,0,0,5,0,33164,0,1,2,0.0,0,-2921,1553,4474,45,False,0,0,0,0,0,5
Ilia Gruev,MID,Leeds,0.0,d,Knee injury - 25% chance of playing,25,25,0.0,644,284,0,0,0,0,0.0,344,0.00,0.00,0.00,0.00,44,0,0,0.0,0.0,2026-09-20T13:00:00Z,0,False,8,0,0,0,0,5,0,312,0,0,0,0.0,0,-13,24,37,50,True,0,0,0,0,0,5
Filip Jörgensen,GK,Chelsea,0.0,u,Has joined RC Strasbourg on loan for the rest of the season,0,0,0.0,612,70,0,0,0,0,0.0,141,0.00,0.00,0.00,0.00,41,0,0,0.0,0.0,2026-09-18T19:00:00Z,0,False,4,0,0,0,0,5,0,889,0,0,3,0.0,0,-52,0,52,50,False,0,0,0,0,0,5
Estêvão Almeida de Oliveira Gonçalves,MID,Chelsea,0.8,a,,,,0.7,217,67,0,0,3,0,0.3,157,0.00,0.00,0.00,0.43,41,1,0,0.1,0.2,2026-09-18T19:00:00Z,3,False,4,0,0,0,0,5,0,74742,0,0,3,0.0,1,-7152,2997,10149,63,False,0,0,0,0,0,5
Chemsdine Talbi,MID,Sunderland,0.2,a,,,,0.1,377,136,0,0,0,0,0.0,549,0.00,0.00,0.00,0.00,45,0,0,0.0,0.0,2026-09-20T13:00:00Z,0,False,15,0,0,0,0,5,0,14043,0,3,5,0.0,0,-1389,308,1697,53,False,0,0,0,0,0,5
Álvaro Rodríguez,FWD,Bournemouth,0.5,a,,100,100,0.1,395,57,0,0,0,0,0.0,81,0.00,0.00,0.00,0.00,49,0,0,0.0,0.0,2026-09-20T13:00:00Z,0,False,14,0,0,0,0,5,0,12687,0,1,0,0.0,0,-435,939,1374,60,True,0,0,0,0,0,5
Sidiki Cherif,FWD,Coventry City,0.2,a,,,,0.1,413,62,0,0,0,0,0.0,599,0.00,0.00,0.00,0.00,47,0,0,0.0,0.0,2026-09-19T16:30:00Z,0,False,18,0,0,0,0,5,0,10975,0,1,0,0.0,0,173,1653,1480,50,False,0,0,0,0,0,5
Emiliano Buendía Stati,MID,Aston Villa,2.2,a,,,,0.9,196,62,0,3,50,0,36.3,41,0.07,0.21,0.14,1.56,48,2,1,13.2,61.0,2026-09-19T11:30:00Z,90,False,19,0,0,0,0,5,0,94622,1,3,2,35.0,12,-16876,6405,23281,59,False,0,2,15,6,7,5
Gabriel Martinelli Silva,MID,Arsenal,0.0,u,Has joined Al Hilal permanently,0,0,0.1,453,176,0,0,0,0,0.0,18,0.00,0.00,0.00,0.00,42,0,0,0.0,0.0,2026-09-19T14:00:00Z,0,False,5,0,0,0,0,5,0,7867,0,0,3,0.0,0,-1499,0,1499,63,False,0,0,0,0,0,5
Dan Ndoye,MID,Nott'm Forest,3.5,a,,,,0.8,208,66,0,0,3,0,25.3,483,0.05,0.25,0.20,0.63,47,1,0,4.3,1.4,2026-09-19T16:30:00Z,58,False,7,0,0,0,0,5,0,87185,1,1,0,16.0,1,14955,26545,11590,55,True,0,1,1,0,0,5
Jaka Bijol,DEF,Leeds,3.0,a,,,,0.7,213,82,0,0,0,0,0.0,327,0.00,0.00,0.00,0.00,44,0,0,0.0,0.0,2026-09-20T13:00:00Z,0,False,8,0,0,0,0,5,0,79639,0,0,0,0.0,0,-9261,3804,13065,50,True,0,0,0,0,0,5
Djiamgone Jocelin Ta Bi,MID,Sunderland,0.0,a,,,,0.0,629,271,0,0,0,0,0.0,550,0.00,0.00,0.00,0.00,45,0,0,0.0,0.0,2026-09-20T13:00:00Z,0,False,15,0,0,0,0,5,0,627,0,3,5,0.0,0,-24,64,88,50,False,0,0,0,0,0,5
Leif Davis,DEF,Ipswich Town,5.8,a,,,,6.7,58,23,0,0,2,0,6.3,305,0.02,0.44,0.42,2.24,43,1,0,2.6,10.4,2026-09-19T14:00:00Z,90,False,9,0,0,0,0,5,0,755615,1,0,1,9.0,2,168534,204377,35843,40,False,0,5,5,2,0,5
Senne Lammens,GK,Man Utd,1.8,a,,,,10.4,38,6,0,0,22,0,0.0,412,0.00,0.00,0.00,1.62,50,1,0,4.7,47.2,2026-09-20T15:30:00Z,90,False,10,0,0,0,0,5,6,1105256,1,1,1,0.0,4,-106249,13915,120164,49,False,0,0,0,5,0,5
Levi Samuels Colwill,DEF,Chelsea,0.5,a,,,,0.9,190,71,0,0,1,0,2.4,149,0.01,0.01,0.00,2.65,41,3,0,2.0,15.6,2026-09-18T19:00:00Z,90,False,4,0,0,0,0,5,0,97080,1,0,3,2.0,1,-16952,2003,18955,49,False,0,7,7,4,0,5
Luca Williams-Barnett,MID,Spurs,0.0,a,,,,0.1,381,139,0,0,0,0,0.0,601,0.00,0.00,0.00,0.00,48,0,0,0.0,0.0,2026-09-19T11:30:00Z,0,False,2,0,0,0,0,5,0,13898,0,3,2,0.0,0,-957,655,1612,45,True,0,0,0,0,0,5
Antoine Semenyo,MID,Man City,4.0,a,,,,14.9,26,10,1,2,65,0,34.2,397,0.17,0.33,0.16,3.57,45,3,2,17.2,95.6,2026-09-20T13:00:00Z,90,False,20,0,0,0,0,5,0,1598756,1,3,5,42.0,17,-139426,37411,176837,84,True,0,2,7,3,2,5
Benjamin Sesko,FWD,Man Utd,2.0,a,,100,100,1.8,138,21,0,0,0,0,0.0,439,0.00,0.00,0.00,0.00,50,0,0,0.0,0.0,2026-09-20T15:30:00Z,0,False,10,0,0,0,0,5,0,192336,0,1,1,0.0,0,1630,24959,23329,70,False,0,0,0,0,0,5
Norman Bassette,FWD,Coventry City,0.0,u,Has joined KVC Westerlo on loan for the rest of the season,0,0,0.0,553,74,0,0,0,0,0.0,197,0.00,0.00,0.00,0.00,47,0,0,0.0,0.0,2026-09-19T16:30:00Z,0,False,18,0,0,0,0,5,0,2648,0,1,0,0.0,0,-273,0,273,45,False,0,0,0,0,0,5
Cristhian Mosquera,DEF,Arsenal,1.5,a,,50,100,1.7,140,56,0,0,0,0,0.0,11,0.00,0.00,0.00,0.00,42,0,0,0.0,0.0,2026-09-19T14:00:00Z,0,False,5,0,0,0,0,5,0,181804,0,0,3,0.0,0,-81401,476,81877,53,False,0,0,0,0,0,5
Calvin Bassey,DEF,Fulham,2.2,a,,,,0.7,224,86,1,1,26,0,1.8,257,0.01,0.07,0.06,1.60,50,1,0,4.5,26.6,2026-09-20T15:30:00Z,90,False,16,0,0,0,0,5,0,72972,1,1,1,17.0,6,-255,3658,3913,45,True,0,6,8,7,2,5
Harvey Cartwright,GK,Hull City,0.0,u,Has joined Grimsby Town on loan for the rest of the season,0,0,0.0,622,71,0,0,0,0,0.0,275,0.00,0.00,0.00,0.00,46,0,0,0.0,0.0,2026-09-19T14:00:00Z,0,False,17,0,0,0,0,5,0,714,0,1,2,0.0,0,-41,0,41,40,False,0,0,0,0,0,5
Pedro Porro Sauceda,DEF,Spurs,1.5,a,,75,100,8.3,46,18,0,0,4,0,3.9,499,0.00,0.01,0.01,0.04,48,0,0,0.5,0.0,2026-09-19T11:30:00Z,18,False,2,0,0,0,0,5,0,889495,1,3,2,1.0,1,-237532,5333,242865,54,True,0,0,1,0,1,5
Zian Flemming,FWD,Ipswich Town,3.0,a,,,,0.1,467,66,0,0,-2,0,10.3,640,0.00,0.10,0.10,0.16,43,0,0,1.4,0.0,2026-09-19T14:00:00Z,9,False,9,0,0,0,0,5,0,7673,0,0,1,4.0,0,2777,4077,1300,55,False,1,0,3,2,1,5
Mykhailo Mudryk,MID,Spurs,0.0,i,Ankle injury - Unknown return date,0,0,0.0,501,200,0,0,0,0,0.0,578,0.00,0.00,0.00,0.00,48,0,0,0.0,0.0,2026-09-19T11:30:00Z,0,False,2,0,0,0,0,5,0,4612,0,3,2,0.0,0,-2108,32,2140,54,True,0,0,0,0,0,5
Lewie Coyle,DEF,Hull City,3.2,a,,100,100,0.7,225,87,0,0,3,0,2.8,280,0.04,0.04,0.00,1.44,46,2,0,1.5,6.6,2026-09-19T14:00:00Z,90,False,17,0,0,0,0,5,0,74510,1,1,2,6.0,1,7516,11929,4413,40,False,0,1,2,3,1,5
Luke Woolfenden,DEF,Coventry City,0.0,i,Knee injury - Unknown return date,0,0,0.1,399,149,0,0,0,0,0.0,180,0.00,0.00,0.00,0.00,47,0,0,0.0,0.0,2026-09-19T16:30:00Z,0,False,18,0,0,0,0,5,0,12244,0,1,0,0.0,0,-1023,255,1278,40,False,0,0,0,0,0,5
Ferdi Kadıoğlu,DEF,Brighton,2.0,a,,100,100,1.6,145,58,0,0,18,1,13.5,113,0.02,0.06,0.04,0.89,42,0,0,2.8,9.4,2026-09-19T14:00:00Z,75,False,1,0,0,0,0,5,0,170937,1,0,3,5.0,5,-13983,4277,18260,44,True,1,3,3,3,0,5
James Trafford,GK,Leeds,4.5,a,,,,5.5,74,10,0,3,34,1,0.0,385,0.00,0.00,0.00,1.06,44,0,0,2.8,27.8,2026-09-20T13:00:00Z,90,False,8,0,0,0,0,5,5,601728,1,0,0,0.0,10,1014,32312,31298,50,True,0,0,0,16,0,5
Kepa Arrizabalaga Revuelta,GK,Arsenal,0.0,a,,,,0.1,464,53,0,0,0,0,0.0,2,0.00,0.00,0.00,0.00,42,0,0,0.0,0.0,2026-09-19T14:00:00Z,0,False,5,0,0,0,0,5,0,7555,0,0,3,0.0,0,-378,181,559,49,False,0,0,0,0,0,5
Vitalii Mykolenko,DEF,Everton,5.5,a,,,,3.8,90,35,0,0,29,1,7.1,233,0.02,0.06,0.04,1.44,43,0,0,3.3,18.8,2026-09-19T14:00:00Z,90,False,12,0,0,0,0,5,0,463207,1,0,1,7.0,5,214484,238606,24122,45,True,1,3,6,11,3,5
Steven Benda,GK,Nott'm Forest,0.0,a,,,,0.1,463,52,0,0,0,0,0.0,590,0.00,0.00,0.00,0.00,47,0,0,0.0,0.0,2026-09-19T16:30:00Z,0,False,7,0,0,0,0,5,0,7565,0,1,0,0.0,0,-141,422,563,45,True,0,0,0,0,0,5
